id,brand,description,calories,source
1,McDonald's,Hashbrown,100,sb
2,McDonald's,Coffee (1 fl oz),0,sb
3,McDonald's,Egg,40,sb
4,McDonald's,Biscuit,250,sb
5,McDonald's,Steak,150,sb
7,Kirkland Signature,Chicken Nuggets (1 oz),53.3,sb
8,Hidden Valley,Ranch Dressing (1 fl oz),50,sb
9,Coca-Cola,Coke Zero (12 fl oz),0,sb
10,Frank's,Frank's RedHot Sauce (1 fl oz),10,sb
11,Gatorade,Gatorade Zero Grape (12 fl oz),5,sb
290509,,Milk (1 cup),126.9,usda
290510,,Milk (1 fl oz),15.9,usda
290511,,Milk (1 individual school container),126.9,usda
290515,,"Milk, whole (1 cup)",148.8,usda
290516,,"Milk, whole (1 fl oz)",18.6,usda
290517,,"Milk, whole (1 individual school container)",148.8,usda
290521,,"Milk, reduced fat (2%) (1 cup)",122.0,usda
290522,,"Milk, reduced fat (2%) (1 fl oz)",15.3,usda
290523,,"Milk, reduced fat (2%) (1 individual school container)",122.0,usda
290527,,"Milk, low fat (1%) (1 cup)",104.9,usda
290528,,"Milk, low fat (1%) (1 fl oz)",13.1,usda
290529,,"Milk, low fat (1%) (1 individual school container)",104.9,usda
290533,,"Milk, fat free (skim) (1 cup)",83.0,usda
290534,,"Milk, fat free (skim) (1 fl oz)",10.4,usda
290535,,"Milk, fat free (skim) (1 individual school container)",83.0,usda
290539,,"Milk, lactose free, low fat (1%) (1 cup)",104.9,usda
290540,,"Milk, lactose free, low fat (1%) (1 fl oz)",13.1,usda
290544,,"Milk, lactose free, fat free (skim) (1 cup)",83.0,usda
290545,,"Milk, lactose free, fat free (skim) (1 fl oz)",10.4,usda
290549,,"Milk, lactose free, reduced fat (2%) (1 cup)",122.0,usda
290550,,"Milk, lactose free, reduced fat (2%) (1 fl oz)",15.3,usda
290554,,"Milk, lactose free, whole (1 cup)",148.8,usda
290555,,"Milk, lactose free, whole (1 fl oz)",18.6,usda
290559,,Buttermilk (1 cup),104.9,usda
290560,,Buttermilk (1 fl oz),13.1,usda
290562,,Kefir (1 cup),126.9,usda
290563,,Kefir (1 fl oz),15.9,usda
290565,,Goat milk (1 cup),168.4,usda
290566,,Goat milk (1 fl oz),21.0,usda
290570,,"Milk, dry, reconstituted, nonfat (1 cup)",78.1,usda
290571,,"Milk, dry, reconstituted, nonfat (1 fl oz)",9.8,usda
290575,,"Milk, dry, reconstituted, whole (1 cup)",185.4,usda
290576,,"Milk, dry, reconstituted, whole (1 fl oz)",23.2,usda
290580,,"Milk, evaporated (1 cup)",337.7,usda
290581,,"Milk, evaporated (1 fl oz)",42.2,usda
290585,,"Milk, evaporated, whole (1 cup)",337.7,usda
290586,,"Milk, evaporated, whole (1 fl oz)",42.2,usda
290590,,"Milk, evaporated, reduced fat (2%) (1 cup)",231.8,usda
290591,,"Milk, evaporated, reduced fat (2%) (1 fl oz)",29.0,usda
290594,,"Milk, evaporated, fat free (skim) (1 cup)",196.6,usda
290595,,"Milk, evaporated, fat free (skim) (1 fl oz)",24.6,usda
290602,,Non-dairy milk (1 cup),75.6,usda
290603,,Non-dairy milk (1 fl oz),9.5,usda
290612,,"Soy milk, unsweetened (1 cup)",92.7,usda
290613,,"Soy milk, unsweetened (1 fl oz)",11.6,usda
290617,,"Soy milk, chocolate (1 cup)",156.2,usda
290618,,"Soy milk, chocolate (1 fl oz)",19.5,usda
290625,,"Almond milk, chocolate (1 cup)",104.9,usda
290626,,"Almond milk, chocolate (1 fl oz)",13.1,usda
290628,,"Almond milk, unsweetened (1 cup)",36.6,usda
290629,,"Almond milk, unsweetened (1 fl oz)",4.6,usda
290633,,Almond milk (1 cup),48.8,usda
290634,,Almond milk (1 fl oz),6.1,usda
290638,,Rice milk (1 cup),114.7,usda
290639,,Rice milk (1 fl oz),14.3,usda
290643,,Oat milk (1 cup),109.8,usda
290644,,Oat milk (1 fl oz),13.7,usda
290648,,Coconut milk (1 cup),75.6,usda
290649,,Coconut milk (1 fl oz),9.5,usda
290653,,Yogurt (1 4 oz container),106.2,usda
290654,,Yogurt (1 6 oz container),159.8,usda
290655,,Yogurt (1 container),159.8,usda
290656,,Yogurt (1 cup),230.3,usda
290658,,"Yogurt, Greek (1 5.3 oz container)",136.5,usda
290659,,"Yogurt, Greek (1 6 oz container)",154.7,usda
290660,,"Yogurt, Greek (1 container)",136.5,usda
290661,,"Yogurt, Greek (1 cup)",223.0,usda
290663,,Yogurt (1 4 oz container),105.1,usda
290664,,Yogurt (1 6 oz container),158.1,usda
290665,,Yogurt (1 container),158.1,usda
290666,,Yogurt (1 cup),227.9,usda
290668,,"Yogurt, plain (1 4 oz container)",71.2,usda
290669,,"Yogurt, plain (1 6 oz container)",107.1,usda
290670,,"Yogurt, plain (1 container)",107.1,usda
290671,,"Yogurt, plain (1 cup)",154.4,usda
290673,,"Yogurt, whole milk, plain (1 4 oz container)",88.1,usda
290674,,"Yogurt, whole milk, plain (1 6 oz container)",132.6,usda
290675,,"Yogurt, whole milk, plain (1 container)",132.6,usda
290676,,"Yogurt, whole milk, plain (1 cup)",191.1,usda
290678,,"Yogurt, low fat milk, plain (1 4 oz container)",71.2,usda
290679,,"Yogurt, low fat milk, plain (1 6 oz container)",107.1,usda
290680,,"Yogurt, low fat milk, plain (1 container)",107.1,usda
290681,,"Yogurt, low fat milk, plain (1 cup)",154.4,usda
290683,,"Yogurt, nonfat milk, plain (1 4 oz container)",56.5,usda
290684,,"Yogurt, nonfat milk, plain (1 6 oz container)",85.0,usda
290685,,"Yogurt, nonfat milk, plain (1 container)",85.0,usda
290686,,"Yogurt, nonfat milk, plain (1 cup)",122.5,usda
290688,,"Yogurt, Greek, plain (1 5.3 oz container)",100.5,usda
290689,,"Yogurt, Greek, plain (1 6 oz container)",113.9,usda
290690,,"Yogurt, Greek, plain (1 container)",100.5,usda
290691,,"Yogurt, Greek, plain (1 cup)",164.2,usda
290693,,"Yogurt, Greek, whole milk, plain (1 5.3 oz container)",141.0,usda
290694,,"Yogurt, Greek, whole milk, plain (1 6 oz container)",159.8,usda
290695,,"Yogurt, Greek, whole milk, plain (1 container)",141.0,usda
290696,,"Yogurt, Greek, whole milk, plain (1 cup)",230.3,usda
290698,,"Yogurt, Greek, low fat milk, plain (1 5.3 oz container)",100.5,usda
290699,,"Yogurt, Greek, low fat milk, plain (1 6 oz container)",113.9,usda
290700,,"Yogurt, Greek, low fat milk, plain (1 container)",100.5,usda
290701,,"Yogurt, Greek, low fat milk, plain (1 cup)",164.2,usda
290703,,"Yogurt, Greek, nonfat milk, plain (1 5.3 oz container)",88.5,usda
290704,,"Yogurt, Greek, nonfat milk, plain (1 6 oz container)",100.3,usda
290705,,"Yogurt, Greek, nonfat milk, plain (1 container)",88.5,usda
290706,,"Yogurt, Greek, nonfat milk, plain (1 cup)",144.6,usda
290708,,"Yogurt, fruit (1 4 oz container)",105.1,usda
290709,,"Yogurt, fruit (1 6 oz container)",158.1,usda
290710,,"Yogurt, fruit (1 container)",158.1,usda
290711,,"Yogurt, fruit (1 cup)",227.9,usda
290713,,"Yogurt, whole milk, fruit (1 4 oz container)",119.8,usda
290714,,"Yogurt, whole milk, fruit (1 6 oz container)",180.2,usda
290715,,"Yogurt, whole milk, fruit (1 container)",180.2,usda
290716,,"Yogurt, whole milk, fruit (1 cup)",259.7,usda
290718,,"Yogurt, low fat milk, fruit (1 4 oz container)",105.1,usda
290719,,"Yogurt, low fat milk, fruit (1 6 oz container)",158.1,usda
290720,,"Yogurt, low fat milk, fruit (1 container)",158.1,usda
290721,,"Yogurt, low fat milk, fruit (1 cup)",227.9,usda
290723,,"Yogurt, nonfat milk, fruit (1 4 oz container)",52.0,usda
290724,,"Yogurt, nonfat milk, fruit (1 6 oz container)",78.2,usda
290725,,"Yogurt, nonfat milk, fruit (1 container)",78.2,usda
290726,,"Yogurt, nonfat milk, fruit (1 cup)",112.7,usda
290728,,"Yogurt, Greek, fruit (1 5.3 oz container)",136.5,usda
290729,,"Yogurt, Greek, fruit (1 6 oz container)",154.7,usda
290730,,"Yogurt, Greek, fruit (1 container)",136.5,usda
290731,,"Yogurt, Greek, fruit (1 cup)",223.0,usda
290733,,"Yogurt, Greek, whole milk, fruit (1 5.3 oz container)",171.0,usda
290734,,"Yogurt, Greek, whole milk, fruit (1 6 oz container)",193.8,usda
290735,,"Yogurt, Greek, whole milk, fruit (1 container)",171.0,usda
290736,,"Yogurt, Greek, whole milk, fruit (1 cup)",279.3,usda
290738,,"Yogurt, Greek, low fat milk, fruit (1 5.3 oz container)",136.5,usda
290739,,"Yogurt, Greek, low fat milk, fruit (1 6 oz container)",154.7,usda
290740,,"Yogurt, Greek, low fat milk, fruit (1 container)",136.5,usda
290741,,"Yogurt, Greek, low fat milk, fruit (1 cup)",223.0,usda
290743,,"Yogurt, Greek, nonfat milk, fruit (1 5.3 oz container)",124.5,usda
290744,,"Yogurt, Greek, nonfat milk, fruit (1 6 oz container)",141.1,usda
290745,,"Yogurt, Greek, nonfat milk, fruit (1 container)",124.5,usda
290746,,"Yogurt, Greek, nonfat milk, fruit (1 cup)",203.4,usda
290748,,"Yogurt, flavors other than fruit (1 4 oz container)",92.7,usda
290749,,"Yogurt, flavors other than fruit (1 6 oz container)",139.4,usda
290750,,"Yogurt, flavors other than fruit (1 container)",139.4,usda
290751,,"Yogurt, flavors other than fruit (1 cup)",200.9,usda
290753,,"Yogurt, whole milk, flavors other than fruit (1 4 oz container)",107.4,usda
290754,,"Yogurt, whole milk, flavors other than fruit (1 6 oz container)",161.5,usda
290755,,"Yogurt, whole milk, flavors other than fruit (1 container)",161.5,usda
290756,,"Yogurt, whole milk, flavors other than fruit (1 cup)",232.8,usda
290758,,"Yogurt, low fat milk, flavors other than fruit (1 4 oz container)",92.7,usda
290759,,"Yogurt, low fat milk, flavors other than fruit (1 6 oz container)",139.4,usda
290760,,"Yogurt, low fat milk, flavors other than fruit (1 container)",139.4,usda
290761,,"Yogurt, low fat milk, flavors other than fruit (1 cup)",200.9,usda
290763,,"Yogurt, nonfat milk, flavors other than fruit (1 4 oz container)",53.1,usda
290764,,"Yogurt, nonfat milk, flavors other than fruit (1 6 oz container)",79.9,usda
290765,,"Yogurt, nonfat milk, flavors other than fruit (1 container)",79.9,usda
290766,,"Yogurt, nonfat milk, flavors other than fruit (1 cup)",115.2,usda
290768,,"Yogurt, Greek, flavors other than fruit (1 5.3 oz container)",121.5,usda
290769,,"Yogurt, Greek, flavors other than fruit (1 6 oz container)",137.7,usda
290770,,"Yogurt, Greek, flavors other than fruit (1 container)",121.5,usda
290771,,"Yogurt, Greek, flavors other than fruit (1 cup)",198.5,usda
290773,,"Yogurt, Greek, whole milk, flavors other than fruit (1 5.3 oz container)",156.0,usda
290774,,"Yogurt, Greek, whole milk, flavors other than fruit (1 6 oz container)",176.8,usda
290775,,"Yogurt, Greek, whole milk, flavors other than fruit (1 container)",156.0,usda
290776,,"Yogurt, Greek, whole milk, flavors other than fruit (1 cup)",254.8,usda
290778,,"Yogurt, Greek, low fat milk, flavors other than fruit (1 5.3 oz container)",121.5,usda
290779,,"Yogurt, Greek, low fat milk, flavors other than fruit (1 6 oz container)",137.7,usda
290780,,"Yogurt, Greek, low fat milk, flavors other than fruit (1 container)",121.5,usda
290781,,"Yogurt, Greek, low fat milk, flavors other than fruit (1 cup)",198.5,usda
290783,,"Yogurt, Greek, nonfat milk, flavors other than fruit (1 5.3 oz container)",109.5,usda
290784,,"Yogurt, Greek, nonfat milk, flavors other than fruit (1 6 oz container)",124.1,usda
290785,,"Yogurt, Greek, nonfat milk, flavors other than fruit (1 container)",109.5,usda
290786,,"Yogurt, Greek, nonfat milk, flavors other than fruit (1 cup)",178.9,usda
290792,,"Yogurt, liquid (1 bottle)",111.0,usda
290793,,"Yogurt, liquid (1 cup)",181.3,usda
290795,,Yogurt tube (1 tube),60.8,usda
290817,,Frozen yogurt (1 cup),222.3,usda
290818,,Frozen yogurt (1 scoop),203.2,usda
290819,,Frozen yogurt (1 small ice cream cup),203.2,usda
290820,,Frozen yogurt (1 medium ice cream cup),406.4,usda
290821,,Frozen yogurt (1 large ice cream cup),609.6,usda
290823,,"Frozen yogurt, vanilla (1 cup)",222.3,usda
290824,,"Frozen yogurt, vanilla (1 scoop)",203.2,usda
290825,,"Frozen yogurt, vanilla (1 small ice cream cup)",203.2,usda
290826,,"Frozen yogurt, vanilla (1 medium ice cream cup)",406.4,usda
290827,,"Frozen yogurt, vanilla (1 large ice cream cup)",609.6,usda
290829,,"Frozen yogurt, chocolate (1 cup)",229.3,usda
290830,,"Frozen yogurt, chocolate (1 scoop)",209.6,usda
290831,,"Frozen yogurt, chocolate (1 small ice cream cup)",209.6,usda
290832,,"Frozen yogurt, chocolate (1 medium ice cream cup)",419.2,usda
290833,,"Frozen yogurt, chocolate (1 large ice cream cup)",628.8,usda
290835,,"Frozen yogurt, soft serve, vanilla (1 cup)",278.3,usda
290837,,"Frozen yogurt, soft serve, chocolate (1 cup)",280.0,usda
290841,,"Frozen yogurt bar, vanilla (1 bar)",82.6,usda
290843,,"Frozen yogurt bar, chocolate (1 bar)",85.2,usda
290845,,"Frozen yogurt cone, chocolate (1 cone)",177.5,usda
290847,,"Frozen yogurt cone, vanilla (1 cone)",173.8,usda
290849,,"Frozen yogurt cone, vanilla, waffle cone (1 cone)",364.7,usda
290851,,"Frozen yogurt cone, chocolate, waffle cone (1 cone)",374.9,usda
290866,,Chocolate milk (1 cup),161.2,usda
290867,,Chocolate milk (1 fl oz),20.2,usda
290868,,Chocolate milk (1 individual school container),161.2,usda
290870,,"Chocolate milk, whole (1 cup)",205.8,usda
290871,,"Chocolate milk, whole (1 fl oz)",25.7,usda
290872,,"Chocolate milk, whole (1 individual school container)",205.8,usda
290874,,"Chocolate milk, reduced fat (2%) (1 cup)",188.5,usda
290875,,"Chocolate milk, reduced fat (2%) (1 fl oz)",23.6,usda
290876,,"Chocolate milk, reduced fat (2%) (1 individual school container)",188.5,usda
290878,,"Chocolate milk, fat free (skim) (1 cup)",166.2,usda
290879,,"Chocolate milk, fat free (skim) (1 fl oz)",20.8,usda
290880,,"Chocolate milk, fat free (skim) (1 individual school container)",166.2,usda
290882,,"Chocolate milk, low fat (1%) (1 fl oz)",19.8,usda
290883,,"Chocolate milk, low fat (1%) (1 cup)",158.7,usda
290884,,"Chocolate milk, low fat (1%) (1 individual school container)",158.7,usda
290886,,"Chocolate milk, reduced sugar (1 cup)",161.2,usda
290887,,"Chocolate milk, reduced sugar (1 fl oz)",20.2,usda
290888,,"Chocolate milk, reduced sugar (1 individual school container)",161.2,usda
290890,,Hot chocolate / cocoa (1 cup),178.6,usda
290891,,Hot chocolate / cocoa (1 fl oz),22.3,usda
290905,,"Chocolate milk, Nesquik (1 cup)",183.5,usda
290906,,"Chocolate milk, Nesquik (1 fl oz)",22.9,usda
290911,,"Chocolate milk, reduced sugar, whole (1 cup)",181.0,usda
290912,,"Chocolate milk, reduced sugar, whole (1 fl oz)",22.6,usda
290914,,"Chocolate milk, reduced sugar, reduced fat (2%) (1 cup)",156.2,usda
290915,,"Chocolate milk, reduced sugar, reduced fat (2%) (1 fl oz)",19.5,usda
290917,,"Chocolate milk, reduced sugar, low fat (1%) (1 cup)",141.4,usda
290918,,"Chocolate milk, reduced sugar, low fat (1%) (1 fl oz)",17.7,usda
290920,,"Chocolate milk, reduced sugar, fat free (skim) (1 cup)",121.5,usda
290921,,"Chocolate milk, reduced sugar, fat free (skim) (1 fl oz)",15.2,usda
290970,,Strawberry milk (1 fl oz),20.2,usda
290971,,Strawberry milk (1 cup),161.2,usda
290972,,Strawberry milk (1 individual school container),161.2,usda
290974,,"Strawberry milk, whole (1 cup)",213.3,usda
290975,,"Strawberry milk, whole (1 fl oz)",26.7,usda
290976,,"Strawberry milk, whole (1 individual school container)",213.3,usda
290978,,"Strawberry milk, reduced fat (2%) (1 cup)",176.1,usda
290979,,"Strawberry milk, reduced fat (2%) (1 fl oz)",22.0,usda
290980,,"Strawberry milk, reduced fat (2%) (1 individual school container)",176.1,usda
290982,,"Strawberry milk, low fat (1%) (1 cup)",171.1,usda
290983,,"Strawberry milk, low fat (1%) (1 fl oz)",21.4,usda
290984,,"Strawberry milk, low fat (1%) (1 individual school container)",171.1,usda
290986,,"Strawberry milk, fat free (skim) (1 fl oz)",18.9,usda
290987,,"Strawberry milk, fat free (skim) (1 cup)",151.3,usda
290988,,"Strawberry milk, fat free (skim) (1 individual school container)",151.3,usda
290990,,"Strawberry milk, reduced sugar (1 cup)",146.3,usda
290991,,"Strawberry milk, reduced sugar (1 fl oz)",18.3,usda
290992,,"Strawberry milk, reduced sugar (1 individual school container)",146.3,usda
290994,,"Milk, malted (1 cup)",169.0,usda
290995,,"Milk, malted (1 fl oz)",21.1,usda
290997,,Eggnog (1 cup),225.3,usda
290998,,Eggnog (1 fl oz),28.2,usda
291037,,Licuado or Batido (1 fl oz),20.3,usda
291038,,Licuado or Batido (1 cup),162.0,usda
291064,,Chocolate milk drink (1 cup),121.5,usda
291065,,Chocolate milk drink (1 fl oz),15.2,usda
291136,,"Milk, dry, not reconstituted (1 cup)",463.4,usda
291138,,"Whey, sweet, dry (1 tablespoon)",26.5,usda
291140,,"Cocoa powder, not reconstituted (1 tablespoon)",11.4,usda
291143,,"Chocolate beverage powder, dry mix, not reconstituted (1 tablespoon)",40.0,usda
291146,,"Chocolate beverage powder, light, dry mix, not reconstituted (1 tablespoon)",35.0,usda
291149,,"Milk, malted, dry mix, not reconstituted (1 tablespoon)",20.5,usda
291152,,"Strawberry beverage powder, dry mix, not reconstituted (1 tablespoon)",38.9,usda
291160,,"Cream, light (1 cup)",468.0,usda
291161,,"Cream, light (1 fl oz)",58.5,usda
291162,,"Cream, light (1 individual container)",21.5,usda
291179,,"Cream, heavy (1 cup)",823.2,usda
291180,,"Cream, heavy (1 fl oz)",102.9,usda
291183,,"Cream, whipped (1 cup)",138.4,usda
291185,,Coffee creamer (1 cup),326.4,usda
291186,,Coffee creamer (1 fl oz),40.8,usda
291189,,"Coffee creamer, liquid (1 cup)",326.4,usda
291190,,"Coffee creamer, liquid (1 fl oz)",40.8,usda
291191,,"Coffee creamer, liquid (1 individual container)",20.4,usda
291199,,"Coffee creamer, liquid, fat free (1 cup)",170.4,usda
291200,,"Coffee creamer, liquid, fat free (1 fl oz)",21.3,usda
291201,,"Coffee creamer, liquid, fat free (1 individual container)",3.6,usda
291219,,"Coffee creamer, powder (1 cup)",497.3,usda
291220,,"Coffee creamer, powder (1 packet)",15.9,usda
291227,,"Coffee creamer, powder, fat free (1 cup)",405.1,usda
291228,,"Coffee creamer, powder, fat free (1 packet)",12.9,usda
291235,,"Coffee creamer, soy, liquid (1 cup)",326.4,usda
291236,,"Coffee creamer, soy, liquid (1 fl oz)",40.8,usda
291239,,Whipped topping (1 cup),238.5,usda
291241,,"Whipped topping, fat free (1 cup)",168.0,usda
291243,,"Whipped topping, sugar free (1 cup)",168.0,usda
291245,,"Sour cream, regular (1 tablespoon)",29.4,usda
291246,,"Sour cream, regular (1 cup)",470.4,usda
291247,,"Sour cream, regular (1 individual container)",58.8,usda
291249,,"Sour cream, light (1 tablespoon)",20.4,usda
291250,,"Sour cream, light (1 cup)",326.4,usda
291252,,"Sour cream, fat free (1 tablespoon)",11.1,usda
291253,,"Sour cream, fat free (1 cup)",177.6,usda
291255,,"Sour cream, imitation (1 tablespoon)",31.2,usda
291256,,"Sour cream, imitation (1 cup)",499.2,usda
291291,,Ice cream (1 cup),298.4,usda
291292,,Ice cream (1 scoop),265.2,usda
291293,,Ice cream (1 small ice cream cup),265.2,usda
291294,,Ice cream (1 medium ice cream cup),530.4,usda
291295,,Ice cream (1 large ice cream cup),795.6,usda
291296,,Ice cream (1 slice),145.9,usda
291297,,Ice cream (1 cubic inch),20.3,usda
291298,,Ice cream (1 individual container),165.8,usda
291300,,"Ice cream, vanilla (1 cup)",279.5,usda
291301,,"Ice cream, vanilla (1 scoop)",248.4,usda
291302,,"Ice cream, vanilla (1 small ice cream cup)",248.4,usda
291303,,"Ice cream, vanilla (1 medium ice cream cup)",496.8,usda
291304,,"Ice cream, vanilla (1 large ice cream cup)",745.2,usda
291305,,"Ice cream, vanilla (1 cubic inch)",19.0,usda
291306,,"Ice cream, vanilla (1 individual container)",155.3,usda
291315,,"Ice cream, chocolate (1 cup)",291.6,usda
291316,,"Ice cream, chocolate (1 scoop)",259.2,usda
291317,,"Ice cream, chocolate (1 small ice cream cup)",259.2,usda
291318,,"Ice cream, chocolate (1 medium ice cream cup)",518.4,usda
291319,,"Ice cream, chocolate (1 large ice cream cup)",777.6,usda
291320,,"Ice cream, chocolate (1 cubic inch)",19.9,usda
291321,,"Ice cream, chocolate (1 individual container)",162.0,usda
291330,,"Ice cream, soft serve, vanilla (1 cup)",364.0,usda
291330,,"Ice cream, soft serve, vanilla (1 cup)",364.0,usda
291332,,"Ice cream, soft serve, chocolate (1 cup)",327.3,usda
291334,,"Gelato, vanilla (1 cup)",435.8,usda
291335,,"Gelato, vanilla (1 scoop)",398.4,usda
291336,,"Gelato, vanilla (1 small ice cream cup)",398.4,usda
291337,,"Gelato, vanilla (1 medium ice cream cup)",796.8,usda
291338,,"Gelato, vanilla (1 large ice cream cup)",1195.2,usda
291340,,"Gelato, chocolate (1 cup)",439.3,usda
291341,,"Gelato, chocolate (1 scoop)",401.6,usda
291342,,"Gelato, chocolate (1 small ice cream cup)",401.6,usda
291343,,"Gelato, chocolate (1 medium ice cream cup)",803.2,usda
291344,,"Gelato, chocolate (1 large ice cream cup)",1204.8,usda
291346,,"Ice cream bar, vanilla (1 bar)",268.5,usda
291347,,"Ice cream bar, vanilla (1 miniature)",179.0,usda
291348,,"Ice cream bar, vanilla (1 cup)",476.1,usda
291350,,"Ice cream bar, vanilla, chocolate coated (1 bar)",248.3,usda
291351,,"Ice cream bar, vanilla, chocolate coated (1 miniature)",165.5,usda
291357,,"Ice cream bar, chocolate (1 bar)",246.8,usda
291358,,"Ice cream bar, chocolate (1 miniature)",164.5,usda
291366,,"Ice cream cone, scooped, vanilla (1 cone)",268.8,usda
291368,,"Ice cream cone, scooped, vanilla, waffle cone (1 cone)",555.9,usda
291370,,Ice cream cone (1 cone),286.3,usda
291372,,"Ice cream cone, scooped, chocolate (1 cone)",280.0,usda
291374,,"Ice cream cone, scooped, chocolate, waffle cone (1 cone)",578.9,usda
291376,,"Ice cream cone, soft serve, vanilla (1 cone)",236.3,usda
291378,,"Ice cream cone, soft serve, chocolate (1 cone)",245.0,usda
291380,,"Ice cream cone, soft serve, vanilla, waffle cone (1 cone)",492.2,usda
291382,,"Ice cream cone, soft serve, chocolate, waffle cone (1 cone)",510.0,usda
291384,,"Ice cream cone, vanilla, prepackaged (1 cone)",336.3,usda
291386,,"Ice cream cone, chocolate, prepackaged (1 cone)",335.4,usda
291388,,"Ice cream soda, flavors other than chocolate (1 soda (10 fl oz))",204.0,usda
291390,,"Ice cream soda, flavors other than chocolate (1 cup)",163.2,usda
291391,,"Ice cream soda, chocolate (1 soda (10 fl oz))",208.8,usda
291393,,"Ice cream soda, chocolate (1 cup)",167.0,usda
291400,,Banana split (1 banana split),975.1,usda
291410,,Light ice cream (1 cup),234.9,usda
291411,,Light ice cream (1 scoop),208.8,usda
291412,,Light ice cream (1 small ice cream cup),208.8,usda
291413,,Light ice cream (1 medium ice cream cup),417.6,usda
291414,,Light ice cream (1 large ice cream cup),626.4,usda
291415,,Light ice cream (1 cubic inch),16.0,usda
291417,,"Light ice cream, vanilla (1 cup)",234.9,usda
291418,,"Light ice cream, vanilla (1 scoop)",208.8,usda
291419,,"Light ice cream, vanilla (1 small ice cream cup)",208.8,usda
291420,,"Light ice cream, vanilla (1 medium ice cream cup)",417.6,usda
291421,,"Light ice cream, vanilla (1 large ice cream cup)",626.4,usda
291422,,"Light ice cream, vanilla (1 cubic inch)",16.0,usda
291424,,"Light ice cream, chocolate (1 cup)",243.0,usda
291425,,"Light ice cream, chocolate (1 scoop)",216.0,usda
291426,,"Light ice cream, chocolate (1 small ice cream cup)",216.0,usda
291427,,"Light ice cream, chocolate (1 medium ice cream cup)",432.0,usda
291428,,"Light ice cream, chocolate (1 large ice cream cup)",648.0,usda
291429,,"Light ice cream, chocolate (1 cubic inch)",16.6,usda
291440,,"Light ice cream bar, vanilla (1 bar)",177.0,usda
291441,,"Light ice cream bar, vanilla (1 miniature)",118.0,usda
291443,,"Light ice cream bar, vanilla, chocolate coated (1 bar)",177.0,usda
291444,,"Light ice cream bar, vanilla, chocolate coated (1 miniature)",118.0,usda
291446,,"Light ice cream bar, chocolate (1 bar)",180.0,usda
291448,,Creamsicle (1 sicle),107.3,usda
291450,,Fudgesicle (1 sicle),106.0,usda
291452,,"Light ice cream cone, vanilla, prepackaged (1 cone)",211.9,usda
291454,,"Light ice cream cone, chocolate, prepackaged (1 cone)",215.7,usda
291456,,"Sherbet, all flavors (1 cup)",252.0,usda
291457,,"Sherbet, all flavors (1 scoop)",230.4,usda
291458,,"Sherbet, all flavors (1 small ice cream cup)",230.4,usda
291459,,"Sherbet, all flavors (1 medium ice cream cup)",460.8,usda
291460,,"Sherbet, all flavors (1 large ice cream cup)",691.2,usda
291461,,"Sherbet, all flavors (1 push up)",72.0,usda
291462,,"Sherbet, all flavors (1 individual container)",108.0,usda
291464,,"Fudgesicle, light (1 bar)",55.8,usda
291473,,Custard (1 cup),252.2,usda
291475,,Flan (1 cup),462.8,usda
291476,,Flan (1 cubic inch),33.8,usda
291478,,Creme brulee (1 cup),293.8,usda
291479,,Creme brulee (1 cubic inch),21.5,usda
291513,,Mousse (1 cup),360.4,usda
291515,,Dulce de leche (1 cup),945.0,usda
291517,,"Barfi or Burfi, Indian dessert (1 piece)",127.8,usda
291518,,"Barfi or Burfi, Indian dessert (1 cubic inch)",59.6,usda
291520,,Trifle (1 cup),245.1,usda
291521,,Trifle (1 cubic inch),16.9,usda
291523,,Tiramisu (1 piece),617.8,usda
291524,,Tiramisu (1 cubic inch),35.3,usda
291525,,Tiramisu (1 cup),511.9,usda
291529,,Cheese (1 cracker-size slice),34.3,usda
291530,,Cheese (1 slice),80.0,usda
291531,,Cheese (1 stick),106.7,usda
291532,,Cheese (1 cup),430.5,usda
291533,,"Cheese (1 cup, melted)",929.6,usda
291534,,Cheese (1 cubic inch),65.9,usda
291536,,"Cheese, Blue or Roquefort (1 cracker-size slice)",31.8,usda
291537,,"Cheese, Blue or Roquefort (1 slice)",74.1,usda
291538,,"Cheese, Blue or Roquefort (1 cup, crumbled)",476.6,usda
291539,,"Cheese, Blue or Roquefort (1 cubic inch)",61.1,usda
291541,,"Cheese, Brick (1 cracker-size slice)",33.4,usda
291542,,"Cheese, Brick (1 slice)",77.9,usda
291543,,"Cheese, Brick (1 cup, shredded)",419.2,usda
291544,,"Cheese, Brick (1 cup, diced)",489.7,usda
291545,,"Cheese, Brick (1 cup)",419.2,usda
291546,,"Cheese, Brick (1 cubic inch)",63.8,usda
291548,,"Cheese, Camembert (1 wedge (1.33 oz))",114.0,usda
291549,,"Cheese, Camembert (1 cup)",738.0,usda
291550,,"Cheese, Camembert (1 cubic inch)",51.0,usda
291552,,"Cheese, Brie (1 package (4.5 oz))",427.5,usda
291553,,"Cheese, Brie (1 cup, sliced)",481.0,usda
291554,,"Cheese, Brie (1 cup, melted)",801.6,usda
291555,,"Cheese, Brie (1 cup)",481.0,usda
291556,,"Cheese, Brie (1 cubic inch)",56.8,usda
291558,,"Cheese, Cheddar (1 cracker-size slice)",36.8,usda
291559,,"Cheese, Cheddar (1 slice)",85.9,usda
291560,,"Cheese, Cheddar (1 stick)",115.9515,usda
291561,,"Cheese, Cheddar (1 cup, shredded)",462.2,usda
291562,,"Cheese, Cheddar (1 cup, diced)",539.9,usda
291563,,"Cheese, Cheddar (1 cup, melted)",998.0,usda
291564,,"Cheese, Cheddar (1 cup)",462.2,usda
291565,,"Cheese, Cheddar (1 cup, cubed)",539.9,usda
291566,,"Cheese, Cheddar (1 cubic inch)",69.5,usda
291568,,"Cheese, Cheddar, reduced fat (1 cracker-size slice)",28.4,usda
291569,,"Cheese, Cheddar, reduced fat (1 slice)",66.4,usda
291570,,"Cheese, Cheddar, reduced fat (1 stick)",89.586,usda
291571,,"Cheese, Cheddar, reduced fat (1 cup, shredded)",357.1,usda
291572,,"Cheese, Cheddar, reduced fat (1 cup, diced)",417.1,usda
291573,,"Cheese, Cheddar, reduced fat (1 cup, melted)",771.0,usda
291574,,"Cheese, Cheddar, reduced fat (1 cup)",357.1,usda
291575,,"Cheese, Cheddar, reduced fat (1 cup, cubed)",417.1,usda
291576,,"Cheese, Cheddar, reduced fat (1 cubic inch)",53.7,usda
291578,,"Cheese, Cheddar, nonfat or fat free (1 cracker-size slice)",14.1,usda
291586,,"Cheese, Cheddar, nonfat or fat free (1 cubic inch)",26.7,usda
291579,,"Cheese, Cheddar, nonfat or fat free (1 slice)",33.0,usda
291580,,"Cheese, Cheddar, nonfat or fat free (1 stick)",44.5095,usda
291581,,"Cheese, Cheddar, nonfat or fat free (1 cup, shredded)",177.4,usda
291582,,"Cheese, Cheddar, nonfat or fat free (1 cup, diced)",219.8,usda
291583,,"Cheese, Cheddar, nonfat or fat free (1 cup, melted)",383.1,usda
291584,,"Cheese, Cheddar, nonfat or fat free (1 cup)",177.4,usda
291585,,"Cheese, Cheddar, nonfat or fat free (1 cup, cubed)",207.2,usda
291588,,"Cheese, Colby (1 cracker-size slice)",35.5,usda
291589,,"Cheese, Colby (1 slice)",82.7,usda
291590,,"Cheese, Colby (1 stick)",111.699,usda
291591,,"Cheese, Colby (1 cup, shredded)",445.2,usda
291592,,"Cheese, Colby (1 cup, diced)",520.1,usda
291593,,"Cheese, Colby (1 cup)",445.2,usda
291594,,"Cheese, Colby (1 cup, melted)",961.4,usda
291595,,"Cheese, Colby (1 cubic inch)",67.8,usda
291597,,"Cheese, Colby Jack (1 cracker-size slice)",35.4,usda
291598,,"Cheese, Colby Jack (1 slice)",82.5,usda
291599,,"Cheese, Colby Jack (1 stick)",111.4155,usda
291600,,"Cheese, Colby Jack (1 cup, shredded)",444.1,usda
291601,,"Cheese, Colby Jack (1 cup, diced)",518.8,usda
291602,,"Cheese, Colby Jack (1 cup)",444.1,usda
291603,,"Cheese, Colby Jack (1 cup, melted)",958.9,usda
291604,,"Cheese, Colby Jack (1 cubic inch)",66.8,usda
291606,,"Cheese, Feta (1 wedge (1.33 oz))",103.7,usda
291607,,"Cheese, Feta (1 cup, crumbled)",409.5,usda
291608,,"Cheese, Feta (1 cubic inch)",46.4,usda
291610,,"Cheese, Fontina (1 cracker-size slice)",35.0,usda
291611,,"Cheese, Fontina (1 slice)",81.7,usda
291612,,"Cheese, Fontina (1 cup, shredded)",420.1,usda
291613,,"Cheese, Fontina (1 cup, diced)",513.5,usda
291614,,"Cheese, Fontina (1 cup)",420.1,usda
291615,,"Cheese, Fontina (1 cubic inch)",58.4,usda
291617,,"Cheese, goat (1 cup, crumbled)",509.6,usda
291618,,"Cheese, goat (1 cubic inch)",91.0,usda
291620,,"Cheese, Gouda or Edam (1 cracker-size slice)",32.0,usda
291621,,"Cheese, Gouda or Edam (1 slice)",74.8,usda
291622,,"Cheese, Gouda or Edam (1 package (7 oz))",704.9,usda
291623,,"Cheese, Gouda or Edam (1 cup, diced)",469.9,usda
291624,,"Cheese, Gouda or Edam (1 cubic inch)",60.5,usda
291626,,"Cheese, Gruyere (1 cracker-size slice)",37.2,usda
291627,,"Cheese, Gruyere (1 slice)",86.7,usda
291628,,"Cheese, Gruyere (1 package (6 oz))",702.1,usda
291629,,"Cheese, Gruyere (1 cup, shredded)",446.0,usda
291630,,"Cheese, Gruyere (1 cup, diced)",545.2,usda
291631,,"Cheese, Gruyere (1 cup)",446.0,usda
291632,,"Cheese, Gruyere (1 cubic inch)",62.0,usda
291634,,"Cheese, Limburger (1 package (8 oz))",742.3,usda
291635,,"Cheese, Limburger (1 box)",369.5,usda
291636,,"Cheese, Limburger (1 cup)",438.2,usda
291637,,"Cheese, Limburger (1 cubic inch)",58.9,usda
291639,,"Cheese, Monterey (1 cracker-size slice)",35.3,usda
291640,,"Cheese, Monterey (1 slice)",82.3,usda
291641,,"Cheese, Monterey (1 cup, shredded)",443.0,usda
291642,,"Cheese, Monterey (1 cup, diced)",517.4,usda
291643,,"Cheese, Monterey (1 cup)",443.0,usda
291644,,"Cheese, Monterey (1 cup, melted)",956.5,usda
291645,,"Cheese, Monterey (1 cubic inch)",67.4,usda
291647,,"Cheese, Monterey, reduced fat (1 cracker-size slice)",28.2,usda
291648,,"Cheese, Monterey, reduced fat (1 slice)",65.7,usda
291649,,"Cheese, Monterey, reduced fat (1 cup, shredded)",353.7,usda
291650,,"Cheese, Monterey, reduced fat (1 cup, diced)",413.2,usda
291651,,"Cheese, Monterey, reduced fat (1 cup)",353.7,usda
291652,,"Cheese, Monterey, reduced fat (1 cup, melted)",763.7,usda
291653,,"Cheese, Monterey, reduced fat (1 cubic inch)",52.0,usda
291655,,"Cheese, Mozzarella (1 cracker-size slice)",26.6,usda
291656,,"Cheese, Mozzarella (1 slice)",62.2,usda
291657,,"Cheese, Mozzarella (1 stick)",83.916,usda
291658,,"Cheese, Mozzarella (1 cheese curd)",11.8,usda
291659,,"Cheese, Mozzarella (1 cup, shredded)",334.5,usda
291660,,"Cheese, Mozzarella (1 cup, diced)",390.7,usda
291661,,"Cheese, Mozzarella (1 cup)",334.5,usda
291662,,"Cheese, Mozzarella (1 cup, melted)",722.2,usda
291663,,"Cheese, Mozzarella (1 cubic inch)",53.3,usda
291665,,"Cheese, Mozzarella, part skim (1 cracker-size slice)",26.6,usda
291666,,"Cheese, Mozzarella, part skim (1 slice)",62.2,usda
291667,,"Cheese, Mozzarella, part skim (1 stick)",83.916,usda
291668,,"Cheese, Mozzarella, part skim (1 string)",13.9,usda
291669,,"Cheese, Mozzarella, part skim (1 cup, diced)",390.7,usda
291670,,"Cheese, Mozzarella, part skim (1 cup, shredded)",334.5,usda
291671,,"Cheese, Mozzarella, part skim (1 cup)",334.5,usda
291672,,"Cheese, Mozzarella, part skim (1 cup, melted)",722.2,usda
291673,,"Cheese, Mozzarella, part skim (1 cubic inch)",52.1,usda
291675,,"Cheese, Mozzarella, reduced sodium (1 cracker-size slice)",25.2,usda
291676,,"Cheese, Mozzarella, reduced sodium (1 slice)",58.8,usda
291677,,"Cheese, Mozzarella, reduced sodium (1 stick)",79.38,usda
291678,,"Cheese, Mozzarella, reduced sodium (1 cup, diced)",369.6,usda
291679,,"Cheese, Mozzarella, reduced sodium (1 cup, shredded)",316.4,usda
291680,,"Cheese, Mozzarella, reduced sodium (1 cup)",316.4,usda
291681,,"Cheese, Mozzarella, reduced sodium (1 cup, melted)",683.2,usda
291682,,"Cheese, Mozzarella, reduced sodium (1 cubic inch)",50.4,usda
291684,,"Cheese, Mozzarella, nonfat or fat free (1 cracker-size slice)",12.7,usda
291685,,"Cheese, Mozzarella, nonfat or fat free (1 slice)",29.6,usda
291686,,"Cheese, Mozzarella, nonfat or fat free (1 stick)",39.9735,usda
291687,,"Cheese, Mozzarella, nonfat or fat free (1 string)",6.6,usda
291688,,"Cheese, Mozzarella, nonfat or fat free (1 cup, shredded)",159.3,usda
291689,,"Cheese, Mozzarella, nonfat or fat free (1 cup)",159.3,usda
291690,,"Cheese, Mozzarella, nonfat or fat free (1 cup, melted)",344.0,usda
291691,,"Cheese, Mozzarella, nonfat or fat free (1 cubic inch)",24.8,usda
291693,,"Cheese, Muenster (1 cracker-size slice)",33.1,usda
291694,,"Cheese, Muenster (1 slice)",77.3,usda
291695,,"Cheese, Muenster (1 cup, shredded)",415.8,usda
291696,,"Cheese, Muenster (1 cup, diced)",485.8,usda
291697,,"Cheese, Muenster (1 cubic inch)",64.4,usda
291699,,"Cheese, Muenster, reduced fat (1 cracker-size slice)",24.4,usda
291700,,"Cheese, Muenster, reduced fat (1 slice)",56.9,usda
291701,,"Cheese, Muenster, reduced fat (1 cup, shredded)",306.2,usda
291702,,"Cheese, Muenster, reduced fat (1 cubic inch)",47.4,usda
291704,,"Cheese, Parmesan, dry grated (1 cup)",412.0,usda
291705,,"Cheese, Parmesan, dry grated (1 tablespoon)",25.5,usda
291707,,"Cheese, Parmesan, dry grated, reduced fat (1 cup)",418.7,usda
291708,,"Cheese, Parmesan, dry grated, reduced fat (1 tablespoon)",27.7,usda
291710,,"Cheese, Parmesan, hard (1 cubic inch)",42.4,usda
291711,,"Cheese, Parmesan, hard (5 oz package)",585.0,usda
291712,,"Cheese, Parmesan, hard (1 oz)",116.802,usda
291714,,"Cheese, Parmesan, hard (1 tablespoon)",20.6,usda
291715,,"Cheese, Parmesan, dry grated, fat free (1 tablespoon)",27.8,usda
291716,,"Cheese, Parmesan, dry grated, fat free (1 cup)",444.0,usda
291718,,"Cheese, Port du Salut (1 cracker-size slice)",32.0,usda
291719,,"Cheese, Port du Salut (1 slice)",74.8,usda
291720,,"Cheese, Port du Salut (1 cup, diced)",469.9,usda
291721,,"Cheese, Port du Salut (1 cup, shredded)",402.3,usda
291722,,"Cheese, Port du Salut (1 cup)",402.3,usda
291723,,"Cheese, Port du Salut (1 cubic inch)",61.2,usda
291725,,"Cheese, Provolone (1 cracker-size slice)",32.1,usda
291726,,"Cheese, Provolone (1 slice)",75.0,usda
291727,,"Cheese, Provolone (1 cup, diced)",471.2,usda
291728,,"Cheese, Provolone (1 cubic inch)",60.7,usda
291730,,"Cheese, provolone, reduced fat (1 cracker-size slice)",24.7,usda
291731,,"Cheese, provolone, reduced fat (1 slice)",57.5,usda
291732,,"Cheese, provolone, reduced fat (1 cup, diced)",361.7,usda
291733,,"Cheese, provolone, reduced fat (1 cubic inch)",46.6,usda
291735,,"Cheese, Swiss (1 cracker-size slice)",35.4,usda
291736,,"Cheese, Swiss (1 slice)",82.5,usda
291737,,"Cheese, Swiss (1 cup, shredded)",424.4,usda
291738,,"Cheese, Swiss (1 cup, diced)",518.8,usda
291739,,"Cheese, Swiss (1 cup, melted)",958.9,usda
291740,,"Cheese, Swiss (1 cup)",424.4,usda
291741,,"Cheese, Swiss (1 cubic inch)",59.0,usda
291743,,"Cheese, Swiss, reduced sodium (1 cracker-size slice)",33.7,usda
291744,,"Cheese, Swiss, reduced sodium (1 slice)",78.5,usda
291745,,"Cheese, Swiss, reduced sodium (1 cup, diced)",493.7,usda
291746,,"Cheese, Swiss, reduced sodium (1 cup, shredded)",403.9,usda
291747,,"Cheese, Swiss, reduced sodium (1 cup)",403.9,usda
291748,,"Cheese, Swiss, reduced sodium (1 cubic inch)",56.1,usda
291750,,"Cheese, Swiss, reduced fat (1 cracker-size slice)",16.1,usda
291751,,"Cheese, Swiss, reduced fat (1 slice)",37.6,usda
291752,,"Cheese, Swiss, reduced fat (1 cup, diced)",236.3,usda
291753,,"Cheese, Swiss, reduced fat (1 cup, shredded)",193.3,usda
291754,,"Cheese, Swiss, reduced fat (1 cup)",193.3,usda
291755,,"Cheese, Swiss, reduced fat (1 cubic inch)",26.9,usda
291757,,"Cheese, Swiss, nonfat or fat free (1 cracker-size slice)",11.4,usda
291758,,"Cheese, Swiss, nonfat or fat free (1 slice)",26.7,usda
291759,,"Cheese, Swiss, nonfat or fat free (1 cup, diced)",167.6,usda
291760,,"Cheese, Swiss, nonfat or fat free (1 cup, shredded)",137.2,usda
291761,,"Cheese, Swiss, nonfat or fat free (1 cup)",137.2,usda
291762,,"Cheese, Swiss, nonfat or fat free (1 cubic inch)",19.1,usda
291764,,"Cheese, Cheddar, reduced sodium (1 cracker-size slice)",35.8,usda
291765,,"Cheese, Cheddar, reduced sodium (1 slice)",83.6,usda
291766,,"Cheese, Cheddar, reduced sodium (1 cup, shredded)",449.7,usda
291767,,"Cheese, Cheddar, reduced sodium (1 cup, diced)",525.4,usda
291768,,"Cheese, Cheddar, reduced sodium (1 cup)",449.7,usda
291769,,"Cheese, Cheddar, reduced sodium (1 cup, melted)",971.1,usda
291770,,"Cheese, Cheddar, reduced sodium (1 cubic inch)",68.9,usda
291772,,"Cheese, paneer (1 cup)",735.5,usda
291774,,"Cheese, Mexican blend (1 cup, shredded)",409.1,usda
291776,,"Cheese, Mexican blend (1 cup, melted)",883.3,usda
291777,,"Cheese, Mexican blend, reduced fat (1 cup, shredded)",318.7,usda
291779,,"Queso Anejo, aged Mexican cheese (1 cup, crumbled)",492.4,usda
291780,,"Queso Anejo, aged Mexican cheese (1 oz)",105.7455,usda
291782,,"Queso Anejo, aged Mexican cheese (1 cubic inch)",65.3,usda
291783,,Queso Asadero (1 cracker-size slice),26.7,usda
291784,,Queso Asadero (1 slice),62.4,usda
291785,,"Queso Asadero (1 cup, diced)",392.0,usda
291786,,"Queso Asadero (1 cup, shredded)",335.6,usda
291787,,Queso Asadero (1 cup),335.6,usda
291788,,Queso Asadero (1 cubic inch),53.5,usda
291790,,Queso Fresco (1 cracker-size slice),26.8,usda
291791,,Queso Fresco (1 slice),62.6,usda
291792,,Queso Fresco (1 cup),402.3,usda
291793,,Queso Fresco (1 oz),84.483,usda
291794,,Queso Fresco (1 cubic inch),53.6,usda
291796,,Queso cotija (1 cup),351.0,usda
291797,,Queso cotija (1 tablespoon),21.8,usda
291799,,"Cheese, cottage (1 cup)",172.2,usda
291801,,"Cheese, cottage, creamed, large or small curd (1 cup)",216.3,usda
291803,,"Cottage cheese, farmer's (1 cup)",310.8,usda
291805,,"Cheese, Ricotta (1 cup)",364.1,usda
291812,,"Cheese, cottage, dry curd (1 cup, dry type)",104.4,usda
291813,,"Cheese, cottage, dry curd (1 cup, creamed)",151.2,usda
291814,,"Cheese, cottage, dry curd (1 cup)",151.2,usda
291816,,"Cheese, cottage, salted, dry curd (1 cup, dry type)",103.0,usda
291817,,"Cheese, cottage, salted, dry curd (1 cup, creamed)",149.1,usda
291818,,"Cheese, cottage, salted, dry curd (1 cup)",149.1,usda
291819,,Puerto Rican white cheese (1 cup),381.4,usda
291820,,Puerto Rican white cheese (1 slice),83.4,usda
291821,,Puerto Rican white cheese (1 cubic inch),50.7,usda
291823,,"Cheese, cottage, low fat (1 cup)",185.3,usda
291827,,"Cheese, cottage, lowfat, low sodium (1 cup)",162.7,usda
291829,,"Cheese, cottage, lowfat, lactose reduced (1 cup)",186.1,usda
291831,,"Cream cheese, regular, plain (1 cup)",823.2,usda
291832,,"Cream cheese, regular, plain (1 tablespoon)",51.5,usda
291833,,"Cream cheese, regular, plain (1 individual container)",97.2405,usda
291839,,"Cream cheese, light (1 cup)",633.6,usda
291840,,"Cream cheese, light (1 tablespoon)",39.6,usda
291847,,"Cheese, American (1 cracker-size slice)",30.6,usda
291855,,"Cheese, American (1 cubic inch)",59.5,usda
291848,,"Cheese, American (1 slice)",71.4,usda
291849,,"Cheese, American (1 stick)",96.39,usda
291850,,"Cheese, American (1 cup, shredded)",384.2,usda
291851,,"Cheese, American (1 cup, diced)",476.0,usda
291852,,"Cheese, American (1 cup, melted)",829.6,usda
291853,,"Cheese, American (1 cup)",384.2,usda
291854,,"Cheese, American (1 cup, cubed)",448.8,usda
291857,,"Cheese, American, reduced fat (1 cracker-size slice)",21.6,usda
291865,,"Cheese, American, reduced fat (1 cubic inch)",42.0,usda
291858,,"Cheese, American, reduced fat (1 slice)",50.4,usda
291859,,"Cheese, American, reduced fat (1 stick)",68.04,usda
291860,,"Cheese, American, reduced fat (1 cup, shredded)",271.2,usda
291861,,"Cheese, American, reduced fat (1 cup, diced)",336.0,usda
291862,,"Cheese, American, reduced fat (1 cup, melted)",585.6,usda
291863,,"Cheese, American, reduced fat (1 cup)",271.2,usda
291864,,"Cheese, American, reduced fat (1 cup, cubed)",316.8,usda
291867,,"Cheese, American, nonfat or fat free (1 cracker-size slice)",11.3,usda
291875,,"Cheese, American, nonfat or fat free (1 cubic inch)",20.4,usda
291868,,"Cheese, American, nonfat or fat free (1 slice)",26.5,usda
291869,,"Cheese, American, nonfat or fat free (1 stick)",35.721,usda
291870,,"Cheese, American, nonfat or fat free (1 cup, shredded)",142.4,usda
291871,,"Cheese, American, nonfat or fat free (1 cup, diced)",176.4,usda
291872,,"Cheese, American, nonfat or fat free (1 cup, melted)",307.4,usda
291873,,"Cheese, American, nonfat or fat free (1 cup)",142.4,usda
291874,,"Cheese, American, nonfat or fat free (1 cup, cubed)",166.3,usda
291877,,"Cheese, American, reduced sodium (1 cracker-size slice)",33.8,usda
291878,,"Cheese, American, reduced sodium (1 slice)",79.0,usda
291879,,"Cheese, American, reduced sodium (1 cup, diced)",526.4,usda
291880,,"Cheese, American, reduced sodium (1 cup, shredded)",424.9,usda
291881,,"Cheese, American, reduced sodium (1 cup)",424.9,usda
291882,,"Cheese, American, reduced sodium (1 cubic inch)",65.8,usda
291894,,"Cream cheese, fat free (1 cup)",252.0,usda
291895,,"Cream cheese, fat free (1 tablespoon)",15.8,usda
291898,,"Cheese, processed cheese food (1 Handi-Snack cheese container)",49.1,usda
291899,,"Cheese, processed cheese food (1 slice)",64.5,usda
291936,,Imitation cheese (1 slice),81.9,usda
291937,,"Imitation cheese (1 cup, shredded)",440.7,usda
291938,,Imitation cheese (1 cup),440.7,usda
291939,,Imitation cheese (1 cubic inch),69.0,usda
291947,,Cheese ball (1 tablespoon),66.2,usda
291949,,Cheese ball (1 cubic inch),73.2,usda
291981,,Cheese fondue (1 tablespoon),35.9,usda
291983,,Cheese souffle (1 cup),196.7,usda
291985,,Welsh rarebit (1 tablespoon),24.8,usda
292041,,"Meat (1 piece/slice, any size)",64.5,usda
292042,,Meat (1 oz yields),43.0,usda
292043,,Meat (1 cubic inch),36.6,usda
292044,,Meat (1 cup),290.3,usda
292046,,"Meat, ground (1 patty)",222.7,usda
292047,,"Meat, ground (1 oz yields)",52.4,usda
292048,,"Meat, ground (1 cubic inch)",44.5,usda
292049,,"Meat, ground (1 cup)",327.5,usda
292054,,"Beef (1 piece/slice, any size)",69.3,usda
292055,,Beef (1 oz yields),46.2,usda
292056,,Beef (1 cubic inch),39.3,usda
292057,,Beef (1 cup),311.9,usda
292059,,"Steak (1 piece/slice, any size)",69.0,usda
292060,,Steak (1 thin),276.0,usda
292061,,Steak (1 regular),368.0,usda
292062,,Steak (1 thick),552.0,usda
292063,,Steak (1 oz yields),46.0,usda
292064,,Steak (1 cubic inch),39.1,usda
292065,,Steak (1 cup),310.5,usda
292067,,"Beef, steak (1 piece/slice, any size)",68.7,usda
292068,,"Beef, steak (1 thin)",274.8,usda
292069,,"Beef, steak (1 regular)",366.4,usda
292070,,"Beef, steak (1 thick)",549.6,usda
292071,,"Beef, steak (1 oz yields)",45.8,usda
292072,,"Beef, steak (1 cubic inch)",38.9,usda
292073,,"Beef, steak (1 cup)",309.2,usda
292075,,"Beef, steak, chuck (1 piece/slice, any size)",67.5,usda
292076,,"Beef, steak, chuck (1 thin)",270.0,usda
292077,,"Beef, steak, chuck (1 regular)",360.0,usda
292078,,"Beef, steak, chuck (1 thick)",540.0,usda
292079,,"Beef, steak, chuck (1 oz yields)",45.0,usda
292080,,"Beef, steak, chuck (1 cubic inch)",38.3,usda
292081,,"Beef, steak, chuck (1 cup)",303.8,usda
292083,,"Beef, steak, cube (1 piece/slice, any size)",56.1,usda
292084,,"Beef, steak, cube (1 thin)",224.4,usda
292085,,"Beef, steak, cube (1 regular)",299.2,usda
292086,,"Beef, steak, cube (1 thick)",448.8,usda
292087,,"Beef, steak, cube (1 oz yields)",37.4,usda
292088,,"Beef, steak, cube (1 cubic inch)",31.8,usda
292089,,"Beef, steak, cube (1 cup)",252.5,usda
292091,,"Beef, steak, flank (1 piece/slice, any size)",72.9,usda
292092,,"Beef, steak, flank (1 thin)",291.6,usda
292093,,"Beef, steak, flank (1 regular)",388.8,usda
292094,,"Beef, steak, flank (1 thick)",583.2,usda
292095,,"Beef, steak, flank (1 oz yields)",48.6,usda
292096,,"Beef, steak, flank (1 cubic inch)",41.3,usda
292097,,"Beef, steak, flank (1 cup)",328.1,usda
292099,,"Beef, steak, ribeye (1 piece/slice, any size)",78.0,usda
292100,,"Beef, steak, ribeye (1 thin)",468.0,usda
292101,,"Beef, steak, ribeye (1 regular)",624.0,usda
292102,,"Beef, steak, ribeye (1 thick)",936.0,usda
292103,,"Beef, steak, ribeye (1 oz yields)",52.0,usda
292104,,"Beef, steak, ribeye (1 cubic inch)",44.2,usda
292105,,"Beef, steak, ribeye (1 cup)",351.0,usda
292115,,"Beef, steak, ribeye, lean only eaten (1 piece/slice, any size)",69.0,usda
292116,,"Beef, steak, ribeye, lean only eaten (1 thin)",414.0,usda
292117,,"Beef, steak, ribeye, lean only eaten (1 regular)",552.0,usda
292118,,"Beef, steak, ribeye, lean only eaten (1 thick)",828.0,usda
292119,,"Beef, steak, ribeye, lean only eaten (1 oz yields)",46.0,usda
292120,,"Beef, steak, ribeye, lean only eaten (1 cubic inch)",39.1,usda
292121,,"Beef, steak, ribeye, lean only eaten (1 cup)",310.5,usda
292123,,"Beef, steak, round (1 piece/slice, any size)",49.8,usda
292124,,"Beef, steak, round (1 thin)",199.2,usda
292125,,"Beef, steak, round (1 regular)",265.6,usda
292126,,"Beef, steak, round (1 thick)",398.4,usda
292127,,"Beef, steak, round (1 oz yields)",33.2,usda
292128,,"Beef, steak, round (1 cubic inch)",28.2,usda
292129,,"Beef, steak, round (1 cup)",224.1,usda
292131,,"Beef, steak, sirloin (1 piece/slice, any size)",71.7,usda
292132,,"Beef, steak, sirloin (1 thin)",286.8,usda
292133,,"Beef, steak, sirloin (1 regular)",382.4,usda
292134,,"Beef, steak, sirloin (1 thick)",573.6,usda
292135,,"Beef, steak, sirloin (1 oz yields)",47.8,usda
292136,,"Beef, steak, sirloin (1 cubic inch)",40.6,usda
292137,,"Beef, steak, sirloin (1 cup)",322.7,usda
292147,,"Beef, steak, sirloin, lean only eaten (1 piece/slice, any size)",64.8,usda
292148,,"Beef, steak, sirloin, lean only eaten (1 thin)",259.2,usda
292149,,"Beef, steak, sirloin, lean only eaten (1 regular)",345.6,usda
292150,,"Beef, steak, sirloin, lean only eaten (1 thick)",518.4,usda
292151,,"Beef, steak, sirloin, lean only eaten (1 oz yields)",43.2,usda
292152,,"Beef, steak, sirloin, lean only eaten (1 cubic inch)",36.7,usda
292153,,"Beef, steak, sirloin, lean only eaten (1 cup)",291.6,usda
292155,,"Beef, steak, strip (1 piece/slice, any size)",71.7,usda
292156,,"Beef, steak, strip (1 thin)",430.2,usda
292157,,"Beef, steak, strip (1 regular)",573.6,usda
292158,,"Beef, steak, strip (1 thick)",860.4,usda
292159,,"Beef, steak, strip (1 oz yields)",47.8,usda
292160,,"Beef, steak, strip (1 cubic inch)",40.6,usda
292161,,"Beef, steak, strip (1 cup)",322.7,usda
292171,,"Beef, steak, strip, lean only eaten (1 piece/slice, any size)",64.8,usda
292172,,"Beef, steak, strip, lean only eaten (1 thin)",388.8,usda
292173,,"Beef, steak, strip, lean only eaten (1 regular)",518.4,usda
292174,,"Beef, steak, strip, lean only eaten (1 thick)",777.6,usda
292175,,"Beef, steak, strip, lean only eaten (1 oz yields)",43.2,usda
292176,,"Beef, steak, strip, lean only eaten (1 cubic inch)",36.7,usda
292177,,"Beef, steak, strip, lean only eaten (1 cup)",291.6,usda
292179,,"Beef, steak, T-bone (1 piece/slice, any size)",75.6,usda
292180,,"Beef, steak, T-bone (1 thin)",567.0,usda
292181,,"Beef, steak, T-bone (1 regular)",756.0,usda
292182,,"Beef, steak, T-bone (1 thick)",1134.0,usda
292183,,"Beef, steak, T-bone (1 oz yields)",50.4,usda
292184,,"Beef, steak, T-bone (1 cubic inch)",42.8,usda
292185,,"Beef, steak, T-bone (1 cup)",340.2,usda
292195,,"Beef, steak, T-bone, lean only eaten (1 piece/slice, any size)",69.0,usda
292196,,"Beef, steak, T-bone, lean only eaten (1 thin)",517.5,usda
292197,,"Beef, steak, T-bone, lean only eaten (1 regular)",690.0,usda
292198,,"Beef, steak, T-bone, lean only eaten (1 thick)",1035.0,usda
292199,,"Beef, steak, T-bone, lean only eaten (1 oz yields)",46.0,usda
292200,,"Beef, steak, T-bone, lean only eaten (1 cubic inch)",39.1,usda
292201,,"Beef, steak, T-bone, lean only eaten (1 cup)",310.5,usda
292203,,"Beef, steak, tenderloin (1 piece/slice, any size)",58.8,usda
292204,,"Beef, steak, tenderloin (1 thin)",235.2,usda
292205,,"Beef, steak, tenderloin (1 regular)",313.6,usda
292206,,"Beef, steak, tenderloin (1 thick)",470.4,usda
292207,,"Beef, steak, tenderloin (1 oz yields)",39.2,usda
292208,,"Beef, steak, tenderloin (1 cubic inch)",33.3,usda
292209,,"Beef, steak, tenderloin (1 cup)",264.6,usda
292219,,"Beef, oxtails (1 tail)",616.8,usda
292220,,"Beef, oxtails (1 tail bone)",77.1,usda
292221,,"Beef, oxtails (1 oz yields)",41.1,usda
292222,,"Beef, oxtails (1 cup)",347.0,usda
292224,,"Beef, neck bones (1 neckbone)",115.7,usda
292225,,"Beef, neck bones (1 oz yields)",25.7,usda
292226,,"Beef, neck bones (1 cup)",141.4,usda
292228,,"Beef, shortribs (1 rib (yield after cooking, bone removed))",177.1,usda
292229,,"Beef, shortribs (1 oz yields)",38.0,usda
292230,,"Beef, shortribs (1 cup)",341.6,usda
292232,,"Beef, cow head (1 oz yields)",20.6,usda
292233,,"Beef, cow head (1 cubic inch)",43.7,usda
292234,,"Beef, cow head (1 cup)",347.0,usda
292236,,"Beef, roast (1 regular/thin slice)",123.6,usda
292237,,"Beef, roast (1 thick slice)",185.4,usda
292238,,"Beef, roast (1 oz yields)",41.2,usda
292239,,"Beef, roast (1 cubic inch)",35.0,usda
292240,,"Beef, roast (1 cup)",278.1,usda
292242,,"Beef, pot roast (1 regular/thin slice)",150.6,usda
292243,,"Beef, pot roast (1 thick slice)",225.9,usda
292244,,"Beef, pot roast (1 oz yields)",50.2,usda
292245,,"Beef, pot roast (1 cubic inch)",42.7,usda
292246,,"Beef, pot roast (1 cup)",338.9,usda
292252,,"Beef, corned (1 piece/slice, any size)",75.3,usda
292253,,"Beef, corned (1 oz yields)",50.2,usda
292254,,"Beef, corned (1 cubic inch)",42.7,usda
292255,,"Beef, corned (1 cup)",338.9,usda
292257,,"Beef, brisket (1 regular/thin slice)",138.6,usda
292258,,"Beef, brisket (1 thick slice)",207.9,usda
292259,,"Beef, brisket (1 oz yields)",46.2,usda
292260,,"Beef, brisket (1 cubic inch)",39.3,usda
292261,,"Beef, brisket (1 cup)",311.9,usda
292268,,"Beef, ground, raw (1 cup)",479.3,usda
292270,,"Beef, ground (1 oz yields)",52.2,usda
292271,,"Beef, ground (1 cubic inch)",44.4,usda
292272,,"Beef, ground (1 cup)",326.3,usda
292274,,"Beef, ground, patty (1 miniature patty)",81.6,usda
292275,,"Beef, ground, patty (1 small patty)",176.8,usda
292276,,"Beef, ground, patty (1 medium patty)",231.2,usda
292277,,"Beef, ground, patty (1 quarter lb patty)",231.2,usda
292278,,"Beef, ground, patty (1 large patty)",326.4,usda
292279,,"Beef, ground, patty (1 patty)",231.2,usda
292280,,"Beef, ground, patty (1 oz yields)",54.4,usda
292281,,"Beef, ground, patty (1 cubic inch)",46.2,usda
292282,,"Beef, ground, patty (1 cup)",340.0,usda
292284,,"Beef, bacon, cooked (1 oz, cooked)",127.2915,usda
292285,,"Beef, bacon, cooked (1 oz, raw (yield after cooking))",40.4,usda
292286,,"Beef, bacon, cooked (1 slice, cooked (approx .8 oz, raw))",29.2,usda
292287,,"Beef, bacon, cooked (1 cup, pieces)",377.2,usda
292291,,"Beef, bacon, reduced sodium, cooked (1 oz, cooked)",153.3735,usda
292292,,"Beef, bacon, reduced sodium, cooked (1 oz, raw (yield after cooking))",48.7,usda
292293,,"Beef, bacon, reduced sodium, cooked (1 slice, cooked (approx .8 oz, raw))",35.2,usda
292294,,"Beef, bacon, reduced sodium, cooked (1 cup, pieces)",454.4,usda
292298,,"Beef, dried, chipped, uncooked (1 oz)",43.3755,usda
292299,,"Beef, dried, chipped, uncooked (1 cup)",185.1,usda
292300,,"Beef, dried, chipped, uncooked (1 jar (2.5 oz))",108.6,usda
292301,,"Beef, dried, chipped, uncooked (1 slice)",13.8,usda
292303,,"Beef, dried, chipped, cooked in fat (1 oz, cooked)",63.7875,usda
292304,,"Beef, dried, chipped, cooked in fat (1 cup, diced)",288.0,usda
292305,,"Beef, dried, chipped, cooked in fat (1 oz, yield after cooking)",60.8,usda
292307,,"Beef jerky (1 cup, pieces)",369.0,usda
292309,,Beef jerky (1 Big Jerk),27.5,usda
292310,,Beef jerky (1 Super Jerk),40.2,usda
292311,,Beef jerky (1 Giant Jerk),73.8,usda
292312,,Beef jerky (1 Slim Jim),39.4,usda
292313,,Beef jerky (1 cubic inch),49.2,usda
292317,,"Pork (1 slice, any size)",57.6,usda
292318,,Pork (1 oz yields),38.4,usda
292319,,Pork (1 cubic inch),32.6,usda
292320,,Pork (1 cup),259.2,usda
292322,,"Pork, ground (1 patty)",254.2,usda
292323,,"Pork, ground (1 oz yields)",59.8,usda
292324,,"Pork, ground (1 cubic inch)",50.8,usda
292325,,"Pork, ground (1 cup)",373.8,usda
292327,,"Pork, carnitas (1 oz yields)",54.2,usda
292328,,"Pork, carnitas (1 cup)",365.9,usda
292330,,Pork jerky (1 cubic inch),82.4,usda
292331,,"Pork jerky (1 strip (approx 4-1/2"" long))",20.6,usda
292332,,"Pork jerky (1 cup, pieces)",519.1,usda
292334,,"Pork, chop (1 thin)",164.7,usda
292335,,"Pork, chop (1 regular)",219.6,usda
292336,,"Pork, chop (1 thick)",329.4,usda
292337,,"Pork, chop (1 slice, any size)",54.9,usda
292338,,"Pork, chop (1 oz yields)",36.6,usda
292339,,"Pork, chop (1 cubic inch)",31.1,usda
292340,,"Pork, chop (1 cup)",247.1,usda
292350,,"Pork, chop, lean only eaten (1 thin)",153.9,usda
292351,,"Pork, chop, lean only eaten (1 regular)",205.2,usda
292352,,"Pork, chop, lean only eaten (1 thick)",307.8,usda
292353,,"Pork, chop, lean only eaten (1 slice, any size)",51.3,usda
292354,,"Pork, chop, lean only eaten (1 oz yields)",34.2,usda
292355,,"Pork, chop, lean only eaten (1 cubic inch)",29.1,usda
292356,,"Pork, chop, lean only eaten (1 cup)",230.9,usda
292358,,"Pork, chop, coated (1 thin)",197.1,usda
292359,,"Pork, chop, coated (1 regular)",262.8,usda
292360,,"Pork, chop, coated (1 thick)",394.2,usda
292361,,"Pork, chop, coated (1 slice, any size)",65.7,usda
292362,,"Pork, chop, coated (1 oz yields)",43.8,usda
292363,,"Pork, chop, coated (1 cubic inch)",37.2,usda
292364,,"Pork, chop, coated (1 cup)",295.7,usda
292374,,"Pork, chop, coated, lean only eaten (1 thin)",187.2,usda
292375,,"Pork, chop, coated, lean only eaten (1 regular)",249.6,usda
292376,,"Pork, chop, coated, lean only eaten (1 thick)",374.4,usda
292377,,"Pork, chop, coated, lean only eaten (1 slice, any size)",62.4,usda
292378,,"Pork, chop, coated, lean only eaten (1 oz yields)",41.6,usda
292379,,"Pork, chop, coated, lean only eaten (1 cubic inch)",35.4,usda
292380,,"Pork, chop, coated, lean only eaten (1 cup)",280.8,usda
292387,,"Pork, steak (1 slice, any size)",74.1,usda
292388,,"Pork, steak (1 steak, any size)",296.4,usda
292389,,"Pork, steak (1 oz yields)",49.4,usda
292390,,"Pork, steak (1 cubic inch)",42.0,usda
292391,,"Pork, steak (1 cup)",333.5,usda
292399,,"Pork, steak, lean only eaten (1 slice, any size)",69.0,usda
292400,,"Pork, steak, lean only eaten (1 steak, any size)",276.0,usda
292401,,"Pork, steak, lean only eaten (1 oz yields)",46.0,usda
292402,,"Pork, steak, lean only eaten (1 cubic inch)",39.1,usda
292403,,"Pork, steak, lean only eaten (1 cup)",310.5,usda
292405,,"Pork, steak, coated (1 slice, any size)",82.5,usda
292406,,"Pork, steak, coated (1 steak, any size)",330.0,usda
292407,,"Pork, steak, coated (1 oz yields)",55.0,usda
292408,,"Pork, steak, coated (1 cubic inch)",46.8,usda
292409,,"Pork, steak, coated (1 cup)",371.3,usda
292411,,"Pork, tenderloin (1 slice, any size)",40.2,usda
292412,,"Pork, tenderloin (1 oz yields)",26.8,usda
292413,,"Pork, tenderloin (1 cubic inch)",22.8,usda
292414,,"Pork, tenderloin (1 cup)",180.9,usda
292416,,Ham (1 regular/thin slice),70.2,usda
292417,,Ham (1 thick slice),105.3,usda
292418,,Ham (1 oz yields),23.4,usda
292419,,Ham (1 cubic inch),19.9,usda
292420,,Ham (1 cup),158.0,usda
292422,,"Ham, prosciutto (1 thin slice)",17.9,usda
292423,,"Ham, prosciutto (1 slice)",17.9,usda
292424,,"Ham, prosciutto (1 cup)",109.2,usda
292425,,"Ham, prosciutto (1 oz, boneless)",55.2825,usda
292426,,"Ham, prosciutto (1 surface inch)",0.6825,usda
292428,,"Ham, canned (1 regular/thin slice)",100.2,usda
292429,,"Ham, canned (1 thick slice)",150.3,usda
292430,,"Ham, canned (1 oz yields)",33.4,usda
292431,,"Ham, canned (1 cubic inch)",28.4,usda
292432,,"Ham, canned (1 cup)",225.5,usda
292434,,"Ham, ground (1 patty)",142.0,usda
292435,,"Ham, ground (1 oz yields)",33.4,usda
292436,,"Ham, ground (1 cup)",208.8,usda
292438,,"Pork, roast (1 regular/thin slice)",108.6,usda
292439,,"Pork, roast (1 thick slice)",162.9,usda
292440,,"Pork, roast (1 oz yields)",36.2,usda
292441,,"Pork, roast (1 cubic inch)",30.8,usda
292442,,"Pork, roast (1 cup)",244.4,usda
292444,,"Pork, roll (1 slice, any size)",98.7,usda
292446,,"Canadian bacon, cooked (1 slice)",33.6,usda
292447,,"Canadian bacon, cooked (1 oz, raw (yield after cooking))",33.6,usda
292448,,"Canadian bacon, cooked (1 oz, cooked)",41.391,usda
292449,,"Canadian bacon, cooked (1 cubic inch, cooked)",26.3,usda
292451,,"Bacon, cooked (1 thin slice (yield after cooking))",24.2,usda
292452,,"Bacon, cooked (1 medium slice (yield after cooking))",38.7,usda
292453,,"Bacon, cooked (1 thick slice (yield after cooking))",58.1,usda
292454,,"Bacon, cooked (1 oz, raw (yield after cooking))",38.7,usda
292455,,"Bacon, cooked (1 oz, cooked)",137.214,usda
292456,,"Bacon, cooked (1 cup, pieces)",387.2,usda
292460,,"Bacon, reduced sodium, cooked (1 thin slice (yield after cooking))",12.7,usda
292461,,"Bacon, reduced sodium, cooked (1 medium slice (yield after cooking))",20.2,usda
292462,,"Bacon, reduced sodium, cooked (1 thick slice (yield after cooking))",30.4,usda
292463,,"Bacon, reduced sodium, cooked (1 oz, raw (yield after cooking))",20.2,usda
292464,,"Bacon, reduced sodium, cooked (1 oz, cooked)",71.7255,usda
292465,,"Bacon, reduced sodium, cooked (1 cup, pieces)",202.4,usda
292469,,"Pork bacon, smoked or cured, cooked (1 thin slice (yield after cooking))",24.2,usda
292470,,"Pork bacon, smoked or cured, cooked (1 medium slice (yield after cooking))",38.7,usda
292471,,"Pork bacon, smoked or cured, cooked (1 thick slice (yield after cooking))",58.1,usda
292472,,"Pork bacon, smoked or cured, cooked (1 oz, raw (yield after cooking))",38.7,usda
292473,,"Pork bacon, smoked or cured, cooked (1 cup, pieces)",387.2,usda
292477,,"Pork bacon, smoked or cured, reduced sodium, cooked (1 thin slice (yield after cooking))",27.1,usda
292478,,"Pork bacon, smoked or cured, reduced sodium, cooked (1 medium slice (yield after cooking))",43.3,usda
292479,,"Pork bacon, smoked or cured, reduced sodium, cooked (1 thick slice (yield after cooking))",64.9,usda
292480,,"Pork bacon, smoked or cured, reduced sodium, cooked (1 oz, raw (yield after cooking))",43.3,usda
292481,,"Pork bacon, smoked or cured, reduced sodium, cooked (1 cup, pieces)",432.8,usda
292485,,"Pork bacon, smoked or cured, cooked (1 thin slice (yield after cooking))",23.4,usda
292486,,"Pork bacon, smoked or cured, cooked (1 medium slice (yield after cooking))",37.4,usda
292487,,"Pork bacon, smoked or cured, cooked (1 thick slice (yield after cooking))",56.2,usda
292488,,"Pork bacon, smoked or cured, cooked (1 oz, raw (yield after cooking))",37.4,usda
292489,,"Pork bacon, smoked or cured, cooked (1 oz, cooked)",132.678,usda
292490,,"Pork bacon, smoked or cured, cooked (1 cup, pieces)",374.4,usda
292494,,"Bacon or side pork, fresh, cooked (1 medium slice (yield after cooking))",37.4,usda
292495,,"Bacon or side pork, fresh, cooked (1 oz, raw (yield after cooking))",37.4,usda
292499,,"Pork bacon, smoked or cured, reduced sodium, cooked (1 thin slice (yield after cooking))",27.1,usda
292500,,"Pork bacon, smoked or cured, reduced sodium, cooked (1 medium slice (yield after cooking))",43.3,usda
292501,,"Pork bacon, smoked or cured, reduced sodium, cooked (1 thick slice (yield after cooking))",64.9,usda
292502,,"Pork bacon, smoked or cured, reduced sodium, cooked (1 oz, raw (yield after cooking))",43.3,usda
292503,,"Pork bacon, smoked or cured, reduced sodium, cooked (1 oz, cooked)",153.3735,usda
292504,,"Pork bacon, smoked or cured, reduced sodium, cooked (1 cup, pieces)",432.8,usda
292508,,"Fat back, cooked (1 slice (2-1/4"" x 1-3/4"" x 1/4""))",195.0,usda
292509,,"Fat back, cooked (1 slice (4"" x 1-3/4"" x 1/2""))",352.5,usda
292510,,"Fat back, cooked (1 oz, raw (yield after cooking))",150.0,usda
292511,,"Fat back, cooked (1 cup, cooked)",960.0,usda
292512,,"Fat back, cooked (1 cubic inch, cooked)",112.5,usda
292514,,"Ribs (1 rib (yield after cooking, bone removed))",88.9,usda
292515,,Ribs (1 oz yields),50.8,usda
292516,,Ribs (1 cup),342.9,usda
292518,,"Pork, ribs (1 rib (yield after cooking, bone removed))",88.9,usda
292519,,"Pork, ribs (1 oz yields)",50.8,usda
292520,,"Pork, ribs (1 cup)",342.9,usda
292522,,"Pork, cracklings (1 cup)",512.1,usda
292524,,"Pork, ears (1 item)",200.6,usda
292526,,"Pork, bones (1 neckbone)",106.2,usda
292527,,"Pork, bones (1 cup)",129.8,usda
292529,,"Pork, pig's feet (1 item)",200.6,usda
292530,,"Pork, pig's feet (1 cup)",188.8,usda
292532,,"Pork, pig's feet, pickled (1 item)",119.0,usda
292534,,"Pork, ham hocks (1 ham hock)",227.8,usda
292535,,"Pork, ham hocks (1 cup)",375.2,usda
292537,,"Pork, belly (1 slice, any size)",121.2,usda
292538,,"Pork, belly (1 oz yields)",80.8,usda
292539,,"Pork, belly (1 cubic inch)",68.7,usda
292540,,"Pork, belly (1 cup)",545.4,usda
292542,,Pork skin rinds (1 rind),5.4,usda
292543,,Pork skin rinds (1 small single serving bag),152.3,usda
292544,,Pork skin rinds (1 medium single serving bag),310.1,usda
292545,,Pork skin rinds (1 large single serving bag),462.4,usda
292546,,Pork skin rinds (1 cup),163.2,usda
292554,,"Lamb (1 piece/slice, any size)",87.6,usda
292555,,Lamb (1 oz yields),58.4,usda
292556,,Lamb (1 cubic inch),49.6,usda
292557,,Lamb (1 cup),394.2,usda
292559,,"Lamb, chop (1 chop, any size)",237.6,usda
292560,,"Lamb, chop (1 oz yields)",52.8,usda
292561,,"Lamb, chop (1 cubic inch)",44.9,usda
292562,,"Lamb, chop (1 cup)",356.4,usda
292564,,"Lamb, ground (1 patty)",238.9,usda
292565,,"Lamb, ground (1 oz yields)",56.2,usda
292566,,"Lamb, ground (1 cubic inch)",47.8,usda
292567,,"Lamb, ground (1 cup)",351.3,usda
292569,,Goat (1 cubic inch),24.1,usda
292570,,Goat (1 cup),191.7,usda
292572,,"Veal, chop (1 chop, any size)",142.2,usda
292573,,"Veal, chop (1 oz yields)",31.6,usda
292574,,"Veal, chop (1 cubic inch)",26.9,usda
292575,,"Veal, chop (1 cup)",213.3,usda
292577,,"Veal, ground (1 patty)",181.1,usda
292578,,"Veal, ground (1 oz yields)",42.6,usda
292579,,"Veal, ground (1 cubic inch)",36.2,usda
292580,,"Veal, ground (1 cup)",266.3,usda
292582,,Mock chicken legs (1 stick),205.7,usda
292584,,Rabbit (1 cup),275.4,usda
292586,,Venison (1 cup),225.5,usda
292588,,"Venison, steak (1 patty)",126.7,usda
292589,,"Venison, steak (1 steak, any size)",126.7,usda
292590,,"Venison, steak (1 cup)",201.2,usda
292592,,"Venison/deer jerky (1 strip or stick (4"" long))",55.7,usda
292593,,Venison/deer jerky (1 cup),557.2,usda
292595,,Venison sausage (1 patty),109.2,usda
292596,,Venison sausage (1 slice),46.8,usda
292597,,Venison sausage (1 cup),421.2,usda
292599,,Moose (1 cup),179.6,usda
292601,,Bear (1 cup),347.0,usda
292603,,Caribou (1 cup),224.1,usda
292605,,Bison (1 patty),151.3,usda
292606,,Bison (1 cup),240.3,usda
292608,,Groundhog (1 cup),214.7,usda
292610,,Opossum (1 cup),295.7,usda
292612,,Squirrel (1 cup),232.2,usda
292614,,Beaver (1 cup),283.5,usda
292616,,Raccoon (1 cup),341.6,usda
292618,,Armadillo (1 cup),214.7,usda
292620,,Wild pig (1 cup),214.7,usda
292622,,Ostrich (1 cup),234.9,usda
292639,,"Chicken, baked, broiled, or roasted (1 cup, cooked, diced)",222.8,usda
292643,,"Chicken, baked, broiled, or roasted (1/2 chicken (yield after cooking, bone removed))",495.0,usda
292640,,"Chicken, baked, broiled, or roasted (1 piece)",99.0,usda
292641,,"Chicken, baked, broiled, or roasted (1 slice)",99.0,usda
292642,,"Chicken, baked, broiled, or roasted (1 oz, cooked)",46.7775,usda
292645,,"Chicken, baked, broiled, or roasted, skin eaten (1 cup, cooked, diced)",274.1,usda
292649,,"Chicken, baked, broiled, or roasted, skin eaten (1/2 chicken (yield after cooking, bone removed))",609.0,usda
292646,,"Chicken, baked, broiled, or roasted, skin eaten (1 piece)",121.8,usda
292647,,"Chicken, baked, broiled, or roasted, skin eaten (1 slice)",121.8,usda
292648,,"Chicken, baked, broiled, or roasted, skin eaten (1 oz, cooked)",57.5505,usda
292651,,"Chicken, baked, broiled, or roasted, skin not eaten (1 cup, cooked, diced)",222.8,usda
292652,,"Chicken, baked, broiled, or roasted, skin not eaten (1 piece)",82.5,usda
292653,,"Chicken, baked, broiled, or roasted, skin not eaten (1 slice)",99.0,usda
292654,,"Chicken, baked, broiled, or roasted, skin not eaten (1 oz, cooked)",46.7775,usda
292655,,"Chicken, baked, broiled, or roasted, skin not eaten (1/2 chicken (yield after cooking, bone and skin removed))",404.3,usda
292657,,"Chicken, rotisserie (1 cup, cooked, diced)",221.4,usda
292658,,"Chicken, rotisserie (1 piece)",98.4,usda
292659,,"Chicken, rotisserie (1 slice)",98.4,usda
292660,,"Chicken, rotisserie (1 oz, cooked)",46.494,usda
292661,,"Chicken, rotisserie (1/2 chicken (yield after cooking, bone removed))",492.0,usda
292663,,"Chicken, rotisserie, skin eaten (1 cup, cooked, diced)",264.6,usda
292664,,"Chicken, rotisserie, skin eaten (1 piece)",117.6,usda
292665,,"Chicken, rotisserie, skin eaten (1 slice)",117.6,usda
292666,,"Chicken, rotisserie, skin eaten (1 oz, cooked)",55.566,usda
292667,,"Chicken, rotisserie, skin eaten (1/2 chicken (yield after cooking, bone removed))",588.0,usda
292669,,"Chicken, rotisserie, skin not eaten (1 cup, cooked, diced)",221.4,usda
292670,,"Chicken, rotisserie, skin not eaten (1 piece)",82.0,usda
292671,,"Chicken, rotisserie, skin not eaten (1 slice)",98.4,usda
292672,,"Chicken, rotisserie, skin not eaten (1 oz, cooked)",46.494,usda
292673,,"Chicken, rotisserie, skin not eaten (1/2 chicken (yield after cooking, bone removed))",401.8,usda
292675,,"Chicken, stewed (1 cup, cooked, diced)",210.6,usda
292676,,"Chicken, stewed (1 piece)",109.2,usda
292677,,"Chicken, stewed (1 slice)",93.6,usda
292678,,"Chicken, stewed (1 oz, cooked)",44.226,usda
292680,,"Chicken, stewed, skin eaten (1 cup, cooked, diced)",264.6,usda
292681,,"Chicken, stewed, skin eaten (1 piece)",137.2,usda
292682,,"Chicken, stewed, skin eaten (1 slice)",117.6,usda
292683,,"Chicken, stewed, skin eaten (1 oz, cooked)",55.566,usda
292685,,"Chicken, stewed, skin not eaten (1 cup, cooked, diced)",210.6,usda
292686,,"Chicken, stewed, skin not eaten (1 piece)",85.8,usda
292687,,"Chicken, stewed, skin not eaten (1 slice)",93.6,usda
292688,,"Chicken, stewed, skin not eaten (1 oz, cooked)",44.226,usda
292720,,"Chicken, sauteed, skin eaten (1 cup, cooked, diced)",293.0,usda
292721,,"Chicken, sauteed, skin eaten (1 piece)",130.2,usda
292722,,"Chicken, sauteed, skin eaten (1 slice)",130.2,usda
292723,,"Chicken, sauteed, skin eaten (1 oz, cooked)",61.5195,usda
292725,,"Chicken, sauteed, skin not eaten (1 cup, cooked, diced)",241.7,usda
292726,,"Chicken, sauteed, skin not eaten (1 piece)",107.4,usda
292727,,"Chicken, sauteed, skin not eaten (1 slice)",107.4,usda
292728,,"Chicken, sauteed, skin not eaten (1 oz, cooked)",50.7465,usda
292741,,"Chicken, baked, coated, skin / coating eaten (1 cup, cooked, diced)",338.9,usda
292742,,"Chicken, baked, coated, skin / coating eaten (1 piece)",213.4,usda
292743,,"Chicken, baked, coated, skin / coating eaten (1 slice)",150.6,usda
292744,,"Chicken, baked, coated, skin / coating eaten (1 oz, cooked)",71.1585,usda
292745,,"Chicken, baked, coated, skin / coating eaten (1/2 chicken (yield after cooking, bone removed))",1167.2,usda
292747,,"Chicken, baked, coated, skin / coating not eaten (1 cup, cooked, diced)",221.4,usda
292748,,"Chicken, baked, coated, skin / coating not eaten (1 piece)",82.0,usda
292749,,"Chicken, baked, coated, skin / coating not eaten (1 slice)",98.4,usda
292750,,"Chicken, baked, coated, skin / coating not eaten (1 oz, cooked)",46.494,usda
292752,,"Chicken breast, skin eaten (1 cup, cooked, diced)",236.3,usda
292753,,"Chicken breast, skin eaten (1 breast)",227.5,usda
292754,,"Chicken breast, skin eaten (1 small or thin slice)",52.5,usda
292755,,"Chicken breast, skin eaten (1 medium slice)",105.0,usda
292756,,"Chicken breast, skin eaten (1 large or thick slice)",148.8,usda
292757,,"Chicken breast, skin eaten (1 oz, cooked)",49.6125,usda
292758,,"Chicken breast, skin eaten (1 breast quarter (yield after cooking, bone removed))",271.3,usda
292760,,"Chicken breast, skin not eaten (1 cup, cooked, diced)",194.4,usda
292761,,"Chicken breast, skin not eaten (1 breast)",172.8,usda
292762,,"Chicken breast, skin not eaten (1 small or thin slice)",43.2,usda
292763,,"Chicken breast, skin not eaten (1 medium slice)",86.4,usda
292764,,"Chicken breast, skin not eaten (1 large or thick slice)",122.4,usda
292765,,"Chicken breast, skin not eaten (1 oz, cooked)",40.824,usda
292766,,"Chicken breast, skin not eaten (1 breast quarter (yield after cooking, bone removed))",223.2,usda
292768,,"Chicken breast, baked, broiled, or roasted, skin eaten, from raw (1 cup, cooked, diced)",259.2,usda
292769,,"Chicken breast, baked, broiled, or roasted, skin eaten, from raw (1 small breast)",211.2,usda
292770,,"Chicken breast, baked, broiled, or roasted, skin eaten, from raw (1 medium breast)",249.6,usda
292771,,"Chicken breast, baked, broiled, or roasted, skin eaten, from raw (1 large breast)",278.4,usda
292772,,"Chicken breast, baked, broiled, or roasted, skin eaten, from raw (1 small or thin slice)",57.6,usda
292773,,"Chicken breast, baked, broiled, or roasted, skin eaten, from raw (1 medium slice)",115.2,usda
292774,,"Chicken breast, baked, broiled, or roasted, skin eaten, from raw (1 large or thick slice)",163.2,usda
292775,,"Chicken breast, baked, broiled, or roasted, skin eaten, from raw (1 oz, cooked)",54.432,usda
292776,,"Chicken breast, baked, broiled, or roasted, skin eaten, from raw (1 breast quarter (yield after cooking, bone removed))",297.6,usda
292778,,"Chicken breast, baked, broiled, or roasted, skin not eaten, from raw (1 cup, cooked, diced)",217.4,usda
292779,,"Chicken breast, baked, broiled, or roasted, skin not eaten, from raw (1 small breast)",169.1,usda
292780,,"Chicken breast, baked, broiled, or roasted, skin not eaten, from raw (1 medium breast)",193.2,usda
292781,,"Chicken breast, baked, broiled, or roasted, skin not eaten, from raw (1 large breast)",217.4,usda
292782,,"Chicken breast, baked, broiled, or roasted, skin not eaten, from raw (1 small or thin slice)",48.3,usda
292783,,"Chicken breast, baked, broiled, or roasted, skin not eaten, from raw (1 medium slice)",96.6,usda
292784,,"Chicken breast, baked, broiled, or roasted, skin not eaten, from raw (1 large or thick slice)",136.9,usda
292785,,"Chicken breast, baked, broiled, or roasted, skin not eaten, from raw (1 oz, cooked)",45.6435,usda
292786,,"Chicken breast, baked, broiled, or roasted, skin not eaten, from raw (1 breast quarter (yield after cooking, bone removed))",249.6,usda
292788,,"Chicken breast, baked or broiled, skin eaten, from pre-cooked (1 cup, cooked, diced)",236.3,usda
292789,,"Chicken breast, baked or broiled, skin eaten, from pre-cooked (1 small breast)",192.5,usda
292790,,"Chicken breast, baked or broiled, skin eaten, from pre-cooked (1 medium breast)",227.5,usda
292791,,"Chicken breast, baked or broiled, skin eaten, from pre-cooked (1 large breast)",253.8,usda
292792,,"Chicken breast, baked or broiled, skin eaten, from pre-cooked (1 small or thin slice)",52.5,usda
292793,,"Chicken breast, baked or broiled, skin eaten, from pre-cooked (1 medium slice)",105.0,usda
292794,,"Chicken breast, baked or broiled, skin eaten, from pre-cooked (1 large or thick slice)",148.8,usda
292795,,"Chicken breast, baked or broiled, skin eaten, from pre-cooked (1 oz, cooked)",49.6125,usda
292796,,"Chicken breast, baked or broiled, skin eaten, from pre-cooked (1 breast quarter (yield after cooking, bone removed))",271.3,usda
292798,,"Chicken breast, baked or broiled, skin not eaten, from pre-cooked (1 cup, cooked, diced)",194.4,usda
292799,,"Chicken breast, baked or broiled, skin not eaten, from pre-cooked (1 small breast)",151.2,usda
292800,,"Chicken breast, baked or broiled, skin not eaten, from pre-cooked (1 medium breast)",172.8,usda
292801,,"Chicken breast, baked or broiled, skin not eaten, from pre-cooked (1 large breast)",194.4,usda
292802,,"Chicken breast, baked or broiled, skin not eaten, from pre-cooked (1 small or thin slice)",43.2,usda
292803,,"Chicken breast, baked or broiled, skin not eaten, from pre-cooked (1 medium slice)",86.4,usda
292804,,"Chicken breast, baked or broiled, skin not eaten, from pre-cooked (1 large or thick slice)",122.4,usda
292805,,"Chicken breast, baked or broiled, skin not eaten, from pre-cooked (1 oz, cooked)",40.824,usda
292806,,"Chicken breast, baked or broiled, skin not eaten, from pre-cooked (1 breast quarter (yield after cooking, bone removed))",223.2,usda
292844,,"Chicken breast, rotisserie, skin eaten (1 cup, cooked, diced)",236.3,usda
292845,,"Chicken breast, rotisserie, skin eaten (1 breast)",227.5,usda
292846,,"Chicken breast, rotisserie, skin eaten (1 small or thin slice)",52.5,usda
292847,,"Chicken breast, rotisserie, skin eaten (1 medium slice)",105.0,usda
292848,,"Chicken breast, rotisserie, skin eaten (1 large or thick slice)",148.8,usda
292849,,"Chicken breast, rotisserie, skin eaten (1 oz, cooked)",49.6125,usda
292850,,"Chicken breast, rotisserie, skin eaten (1 breast quarter (yield after cooking, bone removed))",271.3,usda
292852,,"Chicken breast, rotisserie, skin not eaten (1 cup, cooked, diced)",194.4,usda
292853,,"Chicken breast, rotisserie, skin not eaten (1 breast)",172.8,usda
292854,,"Chicken breast, rotisserie, skin not eaten (1 small or thin slice)",43.2,usda
292855,,"Chicken breast, rotisserie, skin not eaten (1 medium slice)",86.4,usda
292856,,"Chicken breast, rotisserie, skin not eaten (1 large or thick slice)",122.4,usda
292857,,"Chicken breast, rotisserie, skin not eaten (1 oz, cooked)",40.824,usda
292858,,"Chicken breast, rotisserie, skin not eaten (1 breast quarter (yield after cooking, bone removed))",223.2,usda
292860,,"Chicken breast, stewed, skin eaten (1 cup, cooked, diced)",244.4,usda
292861,,"Chicken breast, stewed, skin eaten (1 small breast)",235.3,usda
292862,,"Chicken breast, stewed, skin eaten (1 medium breast)",271.5,usda
292863,,"Chicken breast, stewed, skin eaten (1 large breast)",307.7,usda
292864,,"Chicken breast, stewed, skin eaten (1 breast)",271.5,usda
292865,,"Chicken breast, stewed, skin eaten (1 small or thin slice)",54.3,usda
292866,,"Chicken breast, stewed, skin eaten (1 medium slice)",108.6,usda
292867,,"Chicken breast, stewed, skin eaten (1 large or thick slice)",153.9,usda
292868,,"Chicken breast, stewed, skin eaten (1 oz, cooked)",51.3135,usda
292870,,"Chicken breast, stewed, skin not eaten (1 cup, cooked, diced)",201.2,usda
292871,,"Chicken breast, stewed, skin not eaten (1 small breast)",178.8,usda
292872,,"Chicken breast, stewed, skin not eaten (1 medium breast)",208.6,usda
292873,,"Chicken breast, stewed, skin not eaten (1 large breast)",231.0,usda
292874,,"Chicken breast, stewed, skin not eaten (1 breast)",208.6,usda
292875,,"Chicken breast, stewed, skin not eaten (1 small or thin slice)",44.7,usda
292876,,"Chicken breast, stewed, skin not eaten (1 medium slice)",89.4,usda
292877,,"Chicken breast, stewed, skin not eaten (1 large or thick slice)",126.7,usda
292878,,"Chicken breast, stewed, skin not eaten (1 oz, cooked)",42.2415,usda
292922,,"Chicken breast, sauteed, skin eaten (1 cup, cooked, diced)",278.1,usda
292923,,"Chicken breast, sauteed, skin eaten (1 small breast)",226.6,usda
292924,,"Chicken breast, sauteed, skin eaten (1 medium breast)",267.8,usda
292925,,"Chicken breast, sauteed, skin eaten (1 large breast)",298.7,usda
292926,,"Chicken breast, sauteed, skin eaten (1 breast)",267.8,usda
292927,,"Chicken breast, sauteed, skin eaten (1 small or thin slice)",61.8,usda
292928,,"Chicken breast, sauteed, skin eaten (1 medium slice)",123.6,usda
292929,,"Chicken breast, sauteed, skin eaten (1 large or thick slice)",175.1,usda
292930,,"Chicken breast, sauteed, skin eaten (1 oz, cooked)",58.401,usda
292932,,"Chicken breast, sauteed, skin not eaten (1 cup, cooked, diced)",237.6,usda
292933,,"Chicken breast, sauteed, skin not eaten (1 small breast)",184.8,usda
292934,,"Chicken breast, sauteed, skin not eaten (1 medium breast)",211.2,usda
292935,,"Chicken breast, sauteed, skin not eaten (1 large breast)",237.6,usda
292936,,"Chicken breast, sauteed, skin not eaten (1 breast)",211.2,usda
292937,,"Chicken breast, sauteed, skin not eaten (1 small or thin slice)",52.8,usda
292938,,"Chicken breast, sauteed, skin not eaten (1 medium slice)",105.6,usda
292939,,"Chicken breast, sauteed, skin not eaten (1 large or thick slice)",149.6,usda
292940,,"Chicken breast, sauteed, skin not eaten (1 oz, cooked)",49.896,usda
293008,,"Chicken breast, baked, coated, skin / coating eaten (1 cup, cooked, diced)",279.5,usda
293017,,"Chicken breast, baked, coated, skin / coating eaten (1 breast quarter (yield after cooking, bone removed))",320.9,usda
293009,,"Chicken breast, baked, coated, skin / coating eaten (1 small breast)",310.5,usda
293010,,"Chicken breast, baked, coated, skin / coating eaten (1 medium breast)",362.3,usda
293011,,"Chicken breast, baked, coated, skin / coating eaten (1 large breast)",403.7,usda
293012,,"Chicken breast, baked, coated, skin / coating eaten (1 breast)",362.3,usda
293013,,"Chicken breast, baked, coated, skin / coating eaten (1 small or thin slice)",62.1,usda
293014,,"Chicken breast, baked, coated, skin / coating eaten (1 medium slice)",124.2,usda
293015,,"Chicken breast, baked, coated, skin / coating eaten (1 large or thick slice)",176.0,usda
293016,,"Chicken breast, baked, coated, skin / coating eaten (1 oz, cooked)",58.6845,usda
293019,,"Chicken breast, baked, coated, skin / coating not eaten (1 cup, cooked, diced)",237.6,usda
293028,,"Chicken breast, baked, coated, skin / coating not eaten (1 breast quarter (yield after cooking, bone removed))",272.8,usda
293020,,"Chicken breast, baked, coated, skin / coating not eaten (1 small breast)",184.8,usda
293021,,"Chicken breast, baked, coated, skin / coating not eaten (1 medium breast)",211.2,usda
293022,,"Chicken breast, baked, coated, skin / coating not eaten (1 large breast)",237.6,usda
293023,,"Chicken breast, baked, coated, skin / coating not eaten (1 breast)",211.2,usda
293024,,"Chicken breast, baked, coated, skin / coating not eaten (1 small or thin slice)",52.8,usda
293025,,"Chicken breast, baked, coated, skin / coating not eaten (1 medium slice)",105.6,usda
293026,,"Chicken breast, baked, coated, skin / coating not eaten (1 large or thick slice)",149.6,usda
293027,,"Chicken breast, baked, coated, skin / coating not eaten (1 oz, cooked)",49.896,usda
293158,,"Chicken drumstick, skin eaten (1 cup, cooked, diced)",278.1,usda
293159,,"Chicken drumstick, skin eaten (1 drumstick)",123.6,usda
293160,,"Chicken drumstick, skin eaten (1 oz, cooked)",58.401,usda
293162,,"Chicken drumstick, skin not eaten (1 cup, cooked, diced)",232.2,usda
293163,,"Chicken drumstick, skin not eaten (1 drumstick)",86.0,usda
293164,,"Chicken drumstick, skin not eaten (1 oz, cooked)",48.762,usda
293166,,"Chicken drumstick, baked, broiled, or roasted, skin eaten, from raw (1 cup, cooked, diced)",256.5,usda
293167,,"Chicken drumstick, baked, broiled, or roasted, skin eaten, from raw (1 small drumstick)",85.5,usda
293168,,"Chicken drumstick, baked, broiled, or roasted, skin eaten, from raw (1 medium drumstick)",114.0,usda
293169,,"Chicken drumstick, baked, broiled, or roasted, skin eaten, from raw (1 large drumstick)",152.0,usda
293170,,"Chicken drumstick, baked, broiled, or roasted, skin eaten, from raw (1 oz, cooked)",53.865,usda
293172,,"Chicken drumstick, baked, broiled, or roasted, skin not eaten, from raw (1 cup, cooked, diced)",207.9,usda
293173,,"Chicken drumstick, baked, broiled, or roasted, skin not eaten, from raw (1 small drumstick)",61.6,usda
293174,,"Chicken drumstick, baked, broiled, or roasted, skin not eaten, from raw (1 medium drumstick)",77.0,usda
293175,,"Chicken drumstick, baked, broiled, or roasted, skin not eaten, from raw (1 large drumstick)",100.1,usda
293176,,"Chicken drumstick, baked, broiled, or roasted, skin not eaten, from raw (1 oz, cooked)",43.659,usda
293178,,"Chicken drumstick, baked or broiled, skin eaten, from pre-cooked (1 cup, cooked, diced)",278.1,usda
293179,,"Chicken drumstick, baked or broiled, skin eaten, from pre-cooked (1 small drumstick)",92.7,usda
293180,,"Chicken drumstick, baked or broiled, skin eaten, from pre-cooked (1 medium drumstick)",123.6,usda
293181,,"Chicken drumstick, baked or broiled, skin eaten, from pre-cooked (1 large drumstick)",164.8,usda
293182,,"Chicken drumstick, baked or broiled, skin eaten, from pre-cooked (1 oz, cooked)",58.401,usda
293184,,"Chicken drumstick, baked or broiled, skin not eaten, from pre-cooked (1 cup, cooked, diced)",232.2,usda
293185,,"Chicken drumstick, baked or broiled, skin not eaten, from pre-cooked (1 small drumstick)",68.8,usda
293186,,"Chicken drumstick, baked or broiled, skin not eaten, from pre-cooked (1 medium drumstick)",86.0,usda
293187,,"Chicken drumstick, baked or broiled, skin not eaten, from pre-cooked (1 large drumstick)",111.8,usda
293188,,"Chicken drumstick, baked or broiled, skin not eaten, from pre-cooked (1 oz, cooked)",48.762,usda
293198,,"Chicken drumstick, rotisserie, skin eaten (1 cup, cooked, diced)",278.1,usda
293199,,"Chicken drumstick, rotisserie, skin eaten (1 drumstick)",123.6,usda
293200,,"Chicken drumstick, rotisserie, skin eaten (1 oz, cooked)",58.401,usda
293202,,"Chicken drumstick, rotisserie, skin not eaten (1 cup, cooked, diced)",232.2,usda
293203,,"Chicken drumstick, rotisserie, skin not eaten (1 drumstick)",86.0,usda
293204,,"Chicken drumstick, rotisserie, skin not eaten (1 oz, cooked)",48.762,usda
293234,,"Chicken drumstick, stewed, skin eaten (1 cup, cooked, diced)",251.1,usda
293235,,"Chicken drumstick, stewed, skin eaten (1 small drumstick)",93.0,usda
293236,,"Chicken drumstick, stewed, skin eaten (1 medium drumstick)",120.9,usda
293237,,"Chicken drumstick, stewed, skin eaten (1 large drumstick)",167.4,usda
293238,,"Chicken drumstick, stewed, skin eaten (1 drumstick)",120.9,usda
293239,,"Chicken drumstick, stewed, skin eaten (1 oz, cooked)",52.731,usda
293241,,"Chicken drumstick, stewed, skin not eaten (1 cup, cooked, diced)",199.8,usda
293242,,"Chicken drumstick, stewed, skin not eaten (1 small drumstick)",66.6,usda
293243,,"Chicken drumstick, stewed, skin not eaten (1 medium drumstick)",81.4,usda
293244,,"Chicken drumstick, stewed, skin not eaten (1 large drumstick)",103.6,usda
293245,,"Chicken drumstick, stewed, skin not eaten (1 drumstick)",81.4,usda
293246,,"Chicken drumstick, stewed, skin not eaten (1 oz, cooked)",41.958,usda
293248,,"Chicken drumstick, sauteed, skin eaten (1 cup, cooked, diced)",275.4,usda
293249,,"Chicken drumstick, sauteed, skin eaten (1 small drumstick)",91.8,usda
293250,,"Chicken drumstick, sauteed, skin eaten (1 medium drumstick)",122.4,usda
293251,,"Chicken drumstick, sauteed, skin eaten (1 large drumstick)",163.2,usda
293252,,"Chicken drumstick, sauteed, skin eaten (1 drumstick)",122.4,usda
293253,,"Chicken drumstick, sauteed, skin eaten (1 oz, cooked)",57.834,usda
293255,,"Chicken drumstick, sauteed, skin not eaten (1 cup, cooked, diced)",228.2,usda
293256,,"Chicken drumstick, sauteed, skin not eaten (1 small drumstick)",67.6,usda
293257,,"Chicken drumstick, sauteed, skin not eaten (1 medium drumstick)",84.5,usda
293258,,"Chicken drumstick, sauteed, skin not eaten (1 large drumstick)",109.9,usda
293259,,"Chicken drumstick, sauteed, skin not eaten (1 drumstick)",84.5,usda
293260,,"Chicken drumstick, sauteed, skin not eaten (1 oz, cooked)",47.9115,usda
293300,,"Chicken drumstick, baked, coated, skin / coating eaten (1 cup, cooked, diced)",276.8,usda
293301,,"Chicken drumstick, baked, coated, skin / coating eaten (1 small drumstick)",133.3,usda
293302,,"Chicken drumstick, baked, coated, skin / coating eaten (1 medium drumstick)",174.3,usda
293303,,"Chicken drumstick, baked, coated, skin / coating eaten (1 large drumstick)",225.5,usda
293304,,"Chicken drumstick, baked, coated, skin / coating eaten (1 drumstick)",174.3,usda
293305,,"Chicken drumstick, baked, coated, skin / coating eaten (1 oz, cooked)",58.1175,usda
293307,,"Chicken drumstick, baked, coated, skin / coating not eaten (1 cup, cooked, diced)",228.2,usda
293308,,"Chicken drumstick, baked, coated, skin / coating not eaten (1 small drumstick)",67.6,usda
293309,,"Chicken drumstick, baked, coated, skin / coating not eaten (1 medium drumstick)",84.5,usda
293310,,"Chicken drumstick, baked, coated, skin / coating not eaten (1 large drumstick)",109.9,usda
293311,,"Chicken drumstick, baked, coated, skin / coating not eaten (1 drumstick)",84.5,usda
293312,,"Chicken drumstick, baked, coated, skin / coating not eaten (1 oz, cooked)",47.9115,usda
293314,,"Chicken thigh, skin eaten (1 cup, cooked, diced)",305.1,usda
293315,,"Chicken thigh, skin eaten (1 thigh)",180.8,usda
293316,,"Chicken thigh, skin eaten (1 oz, cooked)",64.071,usda
293318,,"Chicken thigh, skin not eaten (1 cup, cooked, diced)",260.6,usda
293319,,"Chicken thigh, skin not eaten (1 thigh)",135.1,usda
293320,,"Chicken thigh, skin not eaten (1 oz, cooked)",54.7155,usda
293322,,"Chicken thigh, baked, broiled, or roasted, skin eaten, from raw (1 cup, cooked, diced)",311.9,usda
293323,,"Chicken thigh, baked, broiled, or roasted, skin eaten, from raw (1 small thigh)",173.3,usda
293324,,"Chicken thigh, baked, broiled, or roasted, skin eaten, from raw (1 medium thigh)",184.8,usda
293325,,"Chicken thigh, baked, broiled, or roasted, skin eaten, from raw (1 large thigh)",242.6,usda
293326,,"Chicken thigh, baked, broiled, or roasted, skin eaten, from raw (1 oz, cooked)",65.4885,usda
293328,,"Chicken thigh, baked, broiled, or roasted, skin not eaten, from raw (1 cup, cooked, diced)",240.3,usda
293329,,"Chicken thigh, baked, broiled, or roasted, skin not eaten, from raw (1 small thigh)",115.7,usda
293330,,"Chicken thigh, baked, broiled, or roasted, skin not eaten, from raw (1 medium thigh)",124.6,usda
293331,,"Chicken thigh, baked, broiled, or roasted, skin not eaten, from raw (1 large thigh)",160.2,usda
293332,,"Chicken thigh, baked, broiled, or roasted, skin not eaten, from raw (1 oz, cooked)",50.463,usda
293334,,"Chicken thigh, baked or broiled, skin eaten, from pre-cooked (1 cup, cooked, diced)",305.1,usda
293335,,"Chicken thigh, baked or broiled, skin eaten, from pre-cooked (1 small thigh)",169.5,usda
293336,,"Chicken thigh, baked or broiled, skin eaten, from pre-cooked (1 medium thigh)",180.8,usda
293337,,"Chicken thigh, baked or broiled, skin eaten, from pre-cooked (1 large thigh)",237.3,usda
293338,,"Chicken thigh, baked or broiled, skin eaten, from pre-cooked (1 oz, cooked)",64.071,usda
293340,,"Chicken thigh, baked or broiled, skin not eaten, from pre-cooked (1 cup, cooked, diced)",260.6,usda
293341,,"Chicken thigh, baked or broiled, skin not eaten, from pre-cooked (1 small thigh)",125.5,usda
293342,,"Chicken thigh, baked or broiled, skin not eaten, from pre-cooked (1 medium thigh)",135.1,usda
293343,,"Chicken thigh, baked or broiled, skin not eaten, from pre-cooked (1 large thigh)",173.7,usda
293344,,"Chicken thigh, baked or broiled, skin not eaten, from pre-cooked (1 oz, cooked)",54.7155,usda
293354,,"Chicken thigh, rotisserie, skin eaten (1 cup, cooked, diced)",305.1,usda
293355,,"Chicken thigh, rotisserie, skin eaten (1 thigh)",180.8,usda
293356,,"Chicken thigh, rotisserie, skin eaten (1 oz, cooked)",64.071,usda
293358,,"Chicken thigh, rotisserie, skin not eaten (1 cup, cooked, diced)",260.6,usda
293359,,"Chicken thigh, rotisserie, skin not eaten (1 thigh)",135.1,usda
293360,,"Chicken thigh, rotisserie, skin not eaten (1 oz, cooked)",54.7155,usda
293362,,"Chicken thigh, stewed, skin eaten (1 cup, cooked, diced)",306.5,usda
293363,,"Chicken thigh, stewed, skin eaten (1 small thigh)",181.6,usda
293364,,"Chicken thigh, stewed, skin eaten (1 medium thigh)",204.3,usda
293365,,"Chicken thigh, stewed, skin eaten (1 large thigh)",249.7,usda
293366,,"Chicken thigh, stewed, skin eaten (1 thigh)",204.3,usda
293367,,"Chicken thigh, stewed, skin eaten (1 oz, cooked)",64.3545,usda
293369,,"Chicken thigh, stewed, skin not eaten (1 cup, cooked, diced)",236.3,usda
293370,,"Chicken thigh, stewed, skin not eaten (1 small thigh)",122.5,usda
293371,,"Chicken thigh, stewed, skin not eaten (1 medium thigh)",140.0,usda
293372,,"Chicken thigh, stewed, skin not eaten (1 large thigh)",175.0,usda
293373,,"Chicken thigh, stewed, skin not eaten (1 thigh)",140.0,usda
293374,,"Chicken thigh, stewed, skin not eaten (1 oz, cooked)",49.6125,usda
293404,,"Chicken thigh, sauteed, skin eaten (1 cup, cooked, diced)",328.1,usda
293405,,"Chicken thigh, sauteed, skin eaten (1 small thigh)",182.3,usda
293406,,"Chicken thigh, sauteed, skin eaten (1 medium thigh)",194.4,usda
293407,,"Chicken thigh, sauteed, skin eaten (1 large thigh)",255.2,usda
293408,,"Chicken thigh, sauteed, skin eaten (1 thigh)",194.4,usda
293409,,"Chicken thigh, sauteed, skin eaten (1 oz, cooked)",68.8905,usda
293411,,"Chicken thigh, sauteed, skin not eaten (1 cup, cooked, diced)",259.2,usda
293412,,"Chicken thigh, sauteed, skin not eaten (1 small thigh)",124.8,usda
293413,,"Chicken thigh, sauteed, skin not eaten (1 medium thigh)",134.4,usda
293414,,"Chicken thigh, sauteed, skin not eaten (1 large thigh)",172.8,usda
293415,,"Chicken thigh, sauteed, skin not eaten (1 thigh)",134.4,usda
293416,,"Chicken thigh, sauteed, skin not eaten (1 oz, cooked)",54.432,usda
293464,,"Chicken thigh, baked, coated, skin / coating eaten (1 cup, cooked, diced)",324.0,usda
293465,,"Chicken thigh, baked, coated, skin / coating eaten (1 small thigh)",240.0,usda
293466,,"Chicken thigh, baked, coated, skin / coating eaten (1 medium thigh)",264.0,usda
293467,,"Chicken thigh, baked, coated, skin / coating eaten (1 large thigh)",336.0,usda
293468,,"Chicken thigh, baked, coated, skin / coating eaten (1 thigh)",264.0,usda
293469,,"Chicken thigh, baked, coated, skin / coating eaten (1 oz, cooked)",68.04,usda
293471,,"Chicken thigh, baked, coated, skin / coating not eaten (1 cup, cooked, diced)",259.2,usda
293472,,"Chicken thigh, baked, coated, skin / coating not eaten (1 small thigh)",124.8,usda
293473,,"Chicken thigh, baked, coated, skin / coating not eaten (1 medium thigh)",134.4,usda
293474,,"Chicken thigh, baked, coated, skin / coating not eaten (1 large thigh)",172.8,usda
293475,,"Chicken thigh, baked, coated, skin / coating not eaten (1 thigh)",134.4,usda
293476,,"Chicken thigh, baked, coated, skin / coating not eaten (1 oz, cooked)",54.432,usda
293478,,"Chicken wing (1 wing, any size)",90.0,usda
293479,,Chicken wing (1 drummette),56.5,usda
293481,,"Chicken wing, baked, broiled, or roasted, from raw (1 wing, any size)",88.2,usda
293482,,"Chicken wing, baked, broiled, or roasted, from raw (1 drummette)",55.4,usda
293484,,"Chicken wing, baked or broiled, from pre-cooked (1 wing, any size)",90.0,usda
293485,,"Chicken wing, baked or broiled, from pre-cooked (1 drummette)",56.5,usda
293490,,"Chicken wing, rotisserie (1 wing, any size)",90.0,usda
293491,,"Chicken wing, rotisserie (1 drummette)",56.5,usda
293493,,"Chicken wing, stewed (1 wing, any size)",111.2,usda
293494,,"Chicken wing, stewed (1 drummette)",54.3,usda
293502,,"Chicken wing, sauteed (1 wing, any size)",92.8,usda
293503,,"Chicken wing, sauteed (1 drummette)",58.3,usda
293517,,"Chicken wing, baked, coated (1 wing, any size)",143.0,usda
293518,,"Chicken wing, baked, coated (1 drummette)",57.2,usda
293530,,"Chicken ""wings"", plain, from precooked (1 drummette)",64.7,usda
293536,,"Chicken ""wings"", plain, from other sources (1 drummette)",69.1,usda
293542,,"Chicken, back (1 small back (yield after cooking, bone removed))",327.8,usda
293543,,"Chicken, back (1 medium back (yield after cooking, bone removed))",387.4,usda
293544,,"Chicken, back (1 large back (yield after cooking, bone removed))",476.8,usda
293542,,"Chicken, back (1 small back (yield after cooking, bone removed))",327.8,usda
293543,,"Chicken, back (1 medium back (yield after cooking, bone removed))",387.4,usda
293544,,"Chicken, back (1 large back (yield after cooking, bone removed))",476.8,usda
293546,,"Chicken, neck or ribs (1 neck (yield after cooking, bone removed))",85.8,usda
293548,,"Chicken, tail (1 tail)",136.2,usda
293550,,"Chicken skin (1 oz, raw (yield after cooking))",90.0,usda
293551,,"Chicken skin (1/2 chicken, skin only)",247.5,usda
293553,,Chicken feet (1 foot),75.3,usda
293555,,"Chicken, canned, meat only (1 cup)",379.3,usda
293556,,"Chicken, canned, meat only (1 can (5 oz) yields)",231.3,usda
293558,,"Chicken, chicken roll, roasted (1 slice)",45.9,usda
293559,,"Chicken, chicken roll, roasted (1 cubic inch)",27.9,usda
293560,,"Chicken, chicken roll, roasted (1 cup, diced)",221.4,usda
293568,,"Chicken fillet, grilled (1 nugget)",24.2,usda
293569,,"Chicken fillet, grilled (1 fillet)",151.0,usda
293570,,"Chicken fillet, grilled (1 cubic inch)",25.7,usda
293572,,"Chicken, ground (1 cup, cooked)",261.3,usda
293573,,"Chicken, ground (1 patty)",120.6,usda
293574,,"Chicken, ground (1 oz, cooked)",56.9835,usda
293576,,Chicken nuggets (1 nugget),49.1,usda
293577,,Chicken nuggets (1 cup),429.8,usda
293586,,"Chicken nuggets, from school lunch (1 nugget)",43.2,usda
293587,,"Chicken nuggets, from school lunch (1 cup)",378.0,usda
293589,,"Chicken nuggets, from frozen (1 nugget)",47.7,usda
293590,,"Chicken nuggets, from frozen (1 cup)",417.2,usda
293592,,"Chicken nuggets, from other sources (1 nugget)",48.6,usda
293593,,"Chicken nuggets, from other sources (1 cup)",425.6,usda
293595,,"Chicken tenders or strips (1 tender, strip, or finger)",135.5,usda
293596,,Chicken tenders or strips (1 popcorn chicken),27.1,usda
293597,,Chicken tenders or strips (1 chicken fry),37.9,usda
293598,,Chicken tenders or strips (1 cup),379.4,usda
293624,,Turkey (1 small or thin slice),41.7,usda
293625,,Turkey (1 medium slice),83.4,usda
293626,,Turkey (1 large or thick slice),118.2,usda
293627,,"Turkey (1 cup, diced, cooked)",187.7,usda
293628,,"Turkey (1 oz, boneless, cooked)",39.4065,usda
293630,,"Turkey, light meat, skin not eaten (1 small or thin slice)",41.7,usda
293631,,"Turkey, light meat, skin not eaten (1 medium slice)",83.4,usda
293632,,"Turkey, light meat, skin not eaten (1 large or thick slice)",118.2,usda
293633,,"Turkey, light meat, skin not eaten (1 turkey cutlet)",76.5,usda
293634,,"Turkey, light meat, skin not eaten (1 cup, cooked, diced)",187.7,usda
293635,,"Turkey, light meat, skin not eaten (1 oz, boneless, cooked, skinless)",39.4065,usda
293637,,"Turkey, light meat, skin eaten (1 small or thin slice)",50.7,usda
293638,,"Turkey, light meat, skin eaten (1 medium slice)",101.4,usda
293639,,"Turkey, light meat, skin eaten (1 large or thick slice)",143.7,usda
293640,,"Turkey, light meat, skin eaten (1 oz, boneless, cooked)",47.9115,usda
293641,,"Turkey, light meat, skin eaten (1 cup, diced, cooked)",228.2,usda
293655,,"Turkey, light meat, roasted, skin not eaten (1 small or thin slice)",41.7,usda
293656,,"Turkey, light meat, roasted, skin not eaten (1 medium slice)",83.4,usda
293657,,"Turkey, light meat, roasted, skin not eaten (1 large or thick slice)",118.2,usda
293658,,"Turkey, light meat, roasted, skin not eaten (1 cup, cooked, diced)",187.7,usda
293659,,"Turkey, light meat, roasted, skin not eaten (1 oz, boneless, cooked, skinless)",39.4065,usda
293661,,"Turkey, light meat, roasted, skin eaten (1 small or thin slice)",50.7,usda
293662,,"Turkey, light meat, roasted, skin eaten (1 medium slice)",101.4,usda
293663,,"Turkey, light meat, roasted, skin eaten (1 large or thick slice)",143.7,usda
293664,,"Turkey, light meat, roasted, skin eaten (1 cup, diced, cooked)",228.2,usda
293665,,"Turkey, light meat, roasted, skin eaten (1 oz, boneless, cooked)",47.9115,usda
293667,,"Turkey, dark meat, roasted, skin not eaten (1 small or thin slice)",50.1,usda
293668,,"Turkey, dark meat, roasted, skin not eaten (1 medium slice)",100.2,usda
293669,,"Turkey, dark meat, roasted, skin not eaten (1 large or thick slice)",142.0,usda
293670,,"Turkey, dark meat, roasted, skin not eaten (1 cup, cooked, diced)",225.5,usda
293671,,"Turkey, dark meat, roasted, skin not eaten (1 oz, boneless, cooked, skinless)",47.3445,usda
293673,,"Turkey, dark meat, roasted, skin eaten (1 small or thin slice)",60.6,usda
293674,,"Turkey, dark meat, roasted, skin eaten (1 medium slice)",121.2,usda
293675,,"Turkey, dark meat, roasted, skin eaten (1 large or thick slice)",171.7,usda
293676,,"Turkey, dark meat, roasted, skin eaten (1 cup, diced, cooked)",272.7,usda
293677,,"Turkey, dark meat, roasted, skin eaten (1 oz, boneless, cooked)",57.267,usda
293703,,"Turkey, light or dark meat, stewed, skin not eaten (1 small or thin slice)",44.2,usda
293704,,"Turkey, light or dark meat, stewed, skin not eaten (1 medium slice)",90.1,usda
293705,,"Turkey, light or dark meat, stewed, skin not eaten (1 large or thick slice)",134.3,usda
293706,,"Turkey, light or dark meat, stewed, skin not eaten (1 cup, cooked, diced)",213.3,usda
293707,,"Turkey, light or dark meat, stewed, skin not eaten (1 oz, boneless, cooked, skinless)",44.793,usda
293709,,"Turkey light or dark meat, stewed, skin eaten (1 small or thin slice)",57.1,usda
293710,,"Turkey light or dark meat, stewed, skin eaten (1 medium slice)",116.3,usda
293711,,"Turkey light or dark meat, stewed, skin eaten (1 large or thick slice)",173.4,usda
293712,,"Turkey light or dark meat, stewed, skin eaten (1 cup, diced, cooked)",275.4,usda
293713,,"Turkey light or dark meat, stewed, skin eaten (1 oz, boneless, cooked)",57.834,usda
293715,,"Turkey, light or dark meat, smoked, skin eaten (1 small or thin slice)",58.2,usda
293716,,"Turkey, light or dark meat, smoked, skin eaten (1 medium slice)",118.6,usda
293717,,"Turkey, light or dark meat, smoked, skin eaten (1 large or thick slice)",176.8,usda
293718,,"Turkey, light or dark meat, smoked, skin eaten (1 cup, cooked, diced)",280.8,usda
293719,,"Turkey, light or dark meat, smoked, skin eaten (1 oz, boneless, cooked)",58.968,usda
293721,,"Turkey, light or dark meat, smoked, skin not eaten (1 small or thin slice)",45.4,usda
293722,,"Turkey, light or dark meat, smoked, skin not eaten (1 medium slice)",92.3,usda
293723,,"Turkey, light or dark meat, smoked, skin not eaten (1 large or thick slice)",137.7,usda
293724,,"Turkey, light or dark meat, smoked, skin not eaten (1 cup, cooked, diced)",218.7,usda
293725,,"Turkey, light or dark meat, smoked, skin not eaten (1 oz, boneless, cooked, skinless)",45.927,usda
293727,,"Turkey, drumstick, cooked, skin not eaten (1 small drumstick (from hen, approx 11 to 13 lb bird) (yield after cooking, bone and skin removed))",187.2,usda
293728,,"Turkey, drumstick, cooked, skin not eaten (1 medium drumstick (approx 14 to 18 lb bird) (yield after cooking, bone and skin removed))",288.0,usda
293729,,"Turkey, drumstick, cooked, skin not eaten (1 large drumstick (from tom, approx 19 to 21 lb bird) (yield after cooking, bone and skin removed))",388.8,usda
293730,,"Turkey, drumstick, cooked, skin not eaten (1 cup, cooked, diced)",194.4,usda
293732,,"Turkey, drumstick, cooked, skin eaten (1 small drumstick (from hen, approx 11 to 13 lb bird) (yield after cooking, bone removed))",298.7,usda
293733,,"Turkey, drumstick, cooked, skin eaten (1 medium drumstick (approx 14 to 18 lb bird) (yield after cooking, bone removed))",442.9,usda
293734,,"Turkey, drumstick, cooked, skin eaten (1 large drumstick (from tom, approx 19 to 21 lb bird) (yield after cooking, bone removed))",597.4,usda
293735,,"Turkey, drumstick, cooked, skin eaten (1 cup, diced, cooked)",278.1,usda
293737,,"Turkey, drumstick, roasted, skin not eaten (1 small drumstick (from hen, approx 11 to 13 lb bird) (yield after cooking, bone and skin removed))",165.6,usda
293738,,"Turkey, drumstick, roasted, skin not eaten (1 medium drumstick (approx 14 to 18 lb bird) (yield after cooking, bone and skin removed))",273.6,usda
293739,,"Turkey, drumstick, roasted, skin not eaten (1 large drumstick (from tom, approx 19 to 21 lb bird) (yield after cooking, bone and skin removed))",374.4,usda
293740,,"Turkey, drumstick, roasted, skin not eaten (1 cup, cooked, diced)",194.4,usda
293742,,"Turkey, drumstick, roasted, skin eaten (1 small drumstick (from hen, approx 11 to 13 lb bird) (yield after cooking, bone removed))",253.8,usda
293743,,"Turkey, drumstick, roasted, skin eaten (1 medium drumstick (approx 14 to 18 lb bird) (yield after cooking, bone removed))",416.2,usda
293744,,"Turkey, drumstick, roasted, skin eaten (1 large drumstick (from tom, approx 19 to 21 lb bird) (yield after cooking, bone removed))",578.6,usda
293745,,"Turkey, drumstick, roasted, skin eaten (1 cup, diced, cooked)",274.1,usda
293747,,"Turkey, thigh, cooked, skin eaten (1 small thigh (from hen, approx 11 to 13 lb bird) (yield after cooking, bone removed))",409.5,usda
293748,,"Turkey, thigh, cooked, skin eaten (1 medium thigh (approx 14 to 18 lb bird) (yield after cooking, bone removed))",546.0,usda
293749,,"Turkey, thigh, cooked, skin eaten (1 large thigh (from tom, approx 19 to 21 lb bird) (yield after cooking, bone removed))",673.4,usda
293750,,"Turkey, thigh, cooked, skin eaten (1 cup, diced, cooked)",245.7,usda
293751,,"Turkey, thigh, cooked, skin eaten (1 oz, boneless, cooked)",51.597,usda
293753,,"Turkey, thigh, cooked, skin not eaten (1 small thigh (from hen, approx 11 to 13 lb bird) (yield after cooking, bone and skin removed))",330.1,usda
293754,,"Turkey, thigh, cooked, skin not eaten (1 medium thigh (approx 14 to 18 lb bird) (yield after cooking, bone and skin removed))",442.8,usda
293755,,"Turkey, thigh, cooked, skin not eaten (1 large thigh (from tom, approx 19 to 21 lb bird) (yield after cooking, bone and skin removed))",555.5,usda
293756,,"Turkey, thigh, cooked, skin not eaten (1 cup, cooked, diced)",217.4,usda
293757,,"Turkey, thigh, cooked, skin not eaten (1 oz, boneless, cooked, skinless)",45.6435,usda
293759,,"Turkey, neck (1 small neck (from 11 to 13 lb turkey))",185.2,usda
293760,,"Turkey, neck (1 medium neck (from 14 to 18 lb turkey))",249.6,usda
293761,,"Turkey, neck (1 large neck (from 19 to 21 lb turkey))",314.0,usda
293762,,"Turkey, neck (1 cup, diced, cooked)",217.4,usda
293764,,"Turkey, wing, cooked, skin not eaten (1 small wing (yield after cooking, bone and skin removed))",83.4,usda
293765,,"Turkey, wing, cooked, skin not eaten (1 medium wing (yield after cooking, bone and skin removed))",201.6,usda
293766,,"Turkey, wing, cooked, skin not eaten (1 large wing (yield after cooking, bone and skin removed))",278.0,usda
293767,,"Turkey, wing, cooked, skin not eaten (1 cup, cooked, diced)",187.7,usda
293769,,"Turkey, wing, cooked, skin eaten (1 small wing (yield after cooking, bone removed))",181.8,usda
293770,,"Turkey, wing, cooked, skin eaten (1 medium wing (yield after cooking, bone removed))",353.5,usda
293771,,"Turkey, wing, cooked, skin eaten (1 large wing (yield after cooking, bone removed))",484.8,usda
293772,,"Turkey, wing, cooked, skin eaten (1 cup, diced, cooked)",272.7,usda
293774,,"Turkey, tail (1 tail (yield after cooking, bone removed))",176.4,usda
293776,,"Turkey, back (1 back (yield after cooking, bone removed))",1065.8,usda
293778,,"Turkey, canned (1 cup, drained)",249.8,usda
293779,,"Turkey, canned (1 can (5 oz) yields)",231.3,usda
293781,,"Turkey, ground (1 cup, cooked)",274.3,usda
293782,,"Turkey, ground (1 patty)",126.6,usda
293783,,"Turkey, ground (1 oz, cooked)",59.8185,usda
293785,,"Turkey, nuggets (1 nugget)",47.2,usda
293786,,"Turkey, nuggets (1 cup)",330.4,usda
293788,,"Turkey bacon, cooked (1 oz, cooked)",104.328,usda
293789,,"Turkey bacon, cooked (1 oz, raw (yield after cooking))",58.9,usda
293790,,"Turkey bacon, cooked (1 thin slice (yield after cooking))",29.4,usda
293791,,"Turkey bacon, cooked (1 medium slice (yield after cooking))",40.5,usda
293792,,"Turkey bacon, cooked (1 thick slice (yield after cooking))",51.5,usda
293793,,"Turkey bacon, cooked (1 slice)",40.5,usda
293794,,"Turkey bacon, cooked (1 cup, pieces)",301.8,usda
293798,,"Turkey bacon, reduced sodium, cooked (1 oz, cooked)",71.7255,usda
293799,,"Turkey bacon, reduced sodium, cooked (1 oz, raw (yield after cooking))",40.5,usda
293800,,"Turkey bacon, reduced sodium, cooked (1 thin slice (yield after cooking))",20.2,usda
293801,,"Turkey bacon, reduced sodium, cooked (1 medium slice (yield after cooking))",27.8,usda
293802,,"Turkey bacon, reduced sodium, cooked (1 thick slice (yield after cooking))",35.4,usda
293803,,"Turkey bacon, reduced sodium, cooked (1 slice)",27.8,usda
293804,,"Turkey bacon, reduced sodium, cooked (1 cup, pieces)",207.5,usda
293808,,"Duck, cooked, skin eaten (1/2 duck (yield after cooking, bone removed))",1276.8,usda
293809,,"Duck, cooked, skin eaten (1 leg (drumstick and thigh) (yield after cooking, bone removed))",302.4,usda
293810,,"Duck, cooked, skin eaten (1 wing (yield after cooking, bone removed))",168.0,usda
293811,,"Duck, cooked, skin eaten (1 breast)",403.2,usda
293812,,"Duck, cooked, skin eaten (1 cup, cooked, diced)",470.4,usda
293814,,"Duck, cooked, skin not eaten (1/2 duck (yield after cooking, bone and skin removed))",440.0,usda
293815,,"Duck, cooked, skin not eaten (1 leg (drumstick and thigh) (yield after cooking, bone and skin removed))",150.0,usda
293816,,"Duck, cooked, skin not eaten (1 wing (yield after cooking, bone and skin removed))",80.0,usda
293817,,"Duck, cooked, skin not eaten (1 breast)",190.0,usda
293818,,"Duck, cooked, skin not eaten (1 cup, cooked, diced)",280.0,usda
293820,,"Duck, roasted, skin eaten (1/2 duck (yield after cooking, bone removed))",1276.8,usda
293821,,"Duck, roasted, skin eaten (1 leg (drumstick and thigh) (yield after cooking, bone removed))",302.4,usda
293822,,"Duck, roasted, skin eaten (1 wing (yield after cooking, bone removed))",168.0,usda
293823,,"Duck, roasted, skin eaten (1 breast)",403.2,usda
293824,,"Duck, roasted, skin eaten (1 cup, cooked, diced)",470.4,usda
293826,,"Duck, roasted, skin not eaten (1/2 duck (yield after cooking, bone and skin removed))",440.0,usda
293827,,"Duck, roasted, skin not eaten (1 leg (drumstick and thigh) (yield after cooking, bone and skin removed))",150.0,usda
293828,,"Duck, roasted, skin not eaten (1 wing (yield after cooking, bone and skin removed))",80.0,usda
293829,,"Duck, roasted, skin not eaten (1 breast)",190.0,usda
293830,,"Duck, roasted, skin not eaten (1 cup, cooked, diced)",280.0,usda
293832,,"Duck, Peking (1 oz, cooked)",43.659,usda
293833,,"Duck, Peking (1 cup, diced, cooked)",215.6,usda
293835,,"Goose, wild, roasted (1 cup, cooked, diced)",425.6,usda
293837,,"Cornish game hen, cooked, skin eaten (1 hen (1-1/4 lb, raw) (yield after cooking, bone removed))",783.9,usda
293838,,"Cornish game hen, cooked, skin eaten (1 wing (yield after cooking, bone removed))",51.4,usda
293839,,"Cornish game hen, cooked, skin eaten (1 leg (drumstick and thigh) (yield after cooking, bone removed))",154.2,usda
293840,,"Cornish game hen, cooked, skin eaten (1 breast)",141.4,usda
293841,,"Cornish game hen, cooked, skin eaten (1 cup, diced, cooked)",359.8,usda
293843,,"Cornish game hen, cooked, skin not eaten (1 hen (1-1/4 lb, raw) (yield after cooking, bone and skin removed))",332.5,usda
293844,,"Cornish game hen, cooked, skin not eaten (1 wing (yield after cooking, bone and skin removed))",20.0,usda
293845,,"Cornish game hen, cooked, skin not eaten (1 leg (drumstick and thigh) (yield after cooking, bone and skin removed))",66.5,usda
293846,,"Cornish game hen, cooked, skin not eaten (1 breast)",59.9,usda
293847,,"Cornish game hen, cooked, skin not eaten (1 cup, cooked, diced)",186.2,usda
293849,,"Cornish game hen, roasted, skin eaten (1 hen (1-1/4 lb, raw) (yield after cooking, bone removed))",783.9,usda
293850,,"Cornish game hen, roasted, skin eaten (1 wing (yield after cooking, bone removed))",51.4,usda
293851,,"Cornish game hen, roasted, skin eaten (1 leg (drumstick and thigh) (yield after cooking, bone removed))",154.2,usda
293852,,"Cornish game hen, roasted, skin eaten (1 breast)",141.4,usda
293853,,"Cornish game hen, roasted, skin eaten (1 cup, diced, cooked)",359.8,usda
293855,,"Cornish game hen, roasted, skin not eaten (1 hen (1-1/4 lb, raw) (yield after cooking, bone and skin removed))",332.5,usda
293856,,"Cornish game hen, roasted, skin not eaten (1 wing (yield after cooking, bone and skin removed))",20.0,usda
293857,,"Cornish game hen, roasted, skin not eaten (1 leg (drumstick and thigh) (yield after cooking, bone and skin removed))",66.5,usda
293858,,"Cornish game hen, roasted, skin not eaten (1 breast)",59.9,usda
293859,,"Cornish game hen, roasted, skin not eaten (1 cup, cooked, diced)",186.2,usda
293861,,"Dove, cooked (1 dove (yield after cooking, bone removed))",233.2,usda
293862,,"Dove, cooked (1 cup, diced, cooked)",296.8,usda
293867,,"Quail, cooked (1 quail (yield after cooking, bone removed))",169.5,usda
293868,,"Quail, cooked (1 cup, diced, cooked)",305.1,usda
293870,,"Pheasant, cooked (1/2 pheasant breast (yield after cooking, bone removed))",309.4,usda
293871,,"Pheasant, cooked (1 pheasant leg (drumstick and thigh) (yield after cooking, bone removed))",178.5,usda
293872,,"Pheasant, cooked (1 cup, diced, cooked)",321.3,usda
293880,,"Liver, beef (1 slice, any size)",147.9,usda
293881,,"Liver, beef (1 oz yields)",34.8,usda
293882,,"Liver, beef (1 cubic inch)",38.3,usda
293883,,"Liver, beef (1 cup)",217.5,usda
293885,,"Liver, chicken (1 liver)",41.6,usda
293886,,"Liver, chicken (1 oz yields)",37.8,usda
293887,,"Liver, chicken (1 cup)",264.6,usda
293889,,"Liver, paste or pate (1 cup)",422.1,usda
293891,,Heart (1 heart),4.9,usda
293892,,Heart (1 cup),237.8,usda
293893,,Heart (1 oz yields),32.8,usda
293895,,Kidney (1 kidney),361.1,usda
293896,,Kidney (1 cup),219.8,usda
293897,,Kidney (1 oz yields),31.4,usda
293899,,Sweetbreads (1 pair),235.6,usda
293900,,Sweetbreads (1 oz yields),24.8,usda
293902,,Brains (1 cup),210.0,usda
293903,,Brains (1 oz yields),30.0,usda
293905,,Tongue (1 oz yields),56.4,usda
293907,,"Tongue pot roast, Puerto Rican style (1 slice (5"" x 2"" x 1""))",348.7,usda
293909,,Tripe (1 cup),124.6,usda
293910,,Tripe (1 oz yields),14.2,usda
293911,,"Tripe (1 cubic inch, cooked)",16.0,usda
293913,,Chitterlings (1 cup),288.8,usda
293914,,Chitterlings (1 oz yields),46.2,usda
293916,,Hog maws (1 cup),350.0,usda
293917,,Hog maws (1 oz yields),50.0,usda
293918,,"Hog maws (1 cubic inch, cooked)",45.0,usda
293920,,Gizzard (1 gizzard),33.7,usda
293921,,Gizzard (1 cup),221.9,usda
293922,,Gizzard (1 oz yields),30.6,usda
293924,,Hot dog (1 regular),176.7,usda
293925,,Hot dog (1 cocktail/miniature),31.0,usda
293926,,Hot dog (1 bun length/jumbo),176.7,usda
293927,,Hot dog (1 footlong),272.8,usda
293928,,"Hot dog (1 cup, sliced)",465.0,usda
293930,,"Hot dog, beef (1 regular)",176.7,usda
293931,,"Hot dog, beef (1 cocktail/miniature)",31.0,usda
293932,,"Hot dog, beef (1 bun length/jumbo)",176.7,usda
293933,,"Hot dog, beef (1 footlong)",272.8,usda
293934,,"Hot dog, beef (1 cup, sliced)",465.0,usda
293942,,"Hot dog, reduced fat (1 regular)",123.1,usda
293943,,"Hot dog, reduced fat (1 cocktail/miniature)",21.6,usda
293944,,"Hot dog, reduced fat (1 bun length/jumbo)",123.1,usda
293945,,"Hot dog, reduced fat (1 footlong)",190.1,usda
293946,,"Hot dog, reduced fat (1 cup, sliced)",324.0,usda
293948,,"Hot dog, turkey (1 regular)",127.1,usda
293949,,"Hot dog, turkey (1 cocktail/miniature)",22.3,usda
293950,,"Hot dog, turkey (1 bun length/jumbo)",127.1,usda
293951,,"Hot dog, turkey (1 footlong)",196.2,usda
293952,,"Hot dog, turkey (1 cup, sliced)",334.5,usda
293954,,Beef sausage (1 patty),119.4,usda
293963,,Beef sausage (1 cubic inch),61.4,usda
293955,,Beef sausage (1 cocktail or miniature link),34.1,usda
293956,,Beef sausage (1 breakfast size link),68.2,usda
293957,,Beef sausage (1 bun-size or griller link),255.8,usda
293958,,Beef sausage (1 half smoke sausage),381.9,usda
293959,,Beef sausage (1 slice),51.2,usda
293960,,Beef sausage (1 piece),255.8,usda
293961,,Beef sausage (1 cup),470.6,usda
293962,,"Beef sausage (1 oz, cooked)",96.6735,usda
293968,,"Blood sausage (1 slice, round (2-1/4"" dia x 1/8"" thick))",30.3,usda
293969,,"Blood sausage (1 slice, loaf shape (5"" x 4-5/8"" x 1/16""))",94.8,usda
293970,,Blood sausage (1 cubic inch),68.2,usda
293971,,Blood sausage (1 cup),523.0,usda
293972,,Blood sausage (1 slice),94.8,usda
293974,,Bratwurst (1 bun-size or griller link),249.8,usda
293975,,Bratwurst (1 cubic inch),50.0,usda
293974,,Bratwurst (1 bun-size or griller link),249.8,usda
293975,,Bratwurst (1 cubic inch),50.0,usda
293981,,Bologna (1 slice),78.7,usda
293982,,"Bologna (1 cup, pieces)",393.4,usda
293986,,"Bologna, reduced fat (1 slice)",57.1,usda
293987,,"Bologna, reduced fat (1 cup, pieces)",285.6,usda
293991,,"Bologna, reduced sodium (1 slice)",78.7,usda
293992,,"Bologna, reduced sodium (1 cup, pieces)",393.4,usda
293996,,Chorizo (1 patty),119.4,usda
293997,,Chorizo (1 cocktail or miniature link),34.1,usda
293998,,Chorizo (1 breakfast size link),68.2,usda
293999,,Chorizo (1 bun-size or griller link),255.8,usda
294000,,Chorizo (1 slice),51.2,usda
294001,,Chorizo (1 piece),255.8,usda
294002,,Chorizo (1 cup),477.4,usda
294003,,"Chorizo (1 oz, cooked)",96.6735,usda
294004,,Chorizo (1 cubic inch),54.6,usda
294006,,Head cheese (1 slice),44.0,usda
294007,,"Head cheese (1 cup, diced)",219.8,usda
294010,,Knockwurst (1 bun-size or griller link),230.3,usda
294011,,Knockwurst (1 cubic inch),52.2,usda
294012,,Mortadella (1 slice (15 per 8 oz package)),46.7,usda
294014,,Pastrami (1 slice),41.2,usda
294015,,"Pastrami (1 cup, pieces)",205.8,usda
294019,,"Pastrami, made from any kind of meat, reduced fat (1 slice)",32.2,usda
294020,,"Pastrami, made from any kind of meat, reduced fat (1 cup, pieces)",161.0,usda
294024,,"Pepperoni (1 sausage (10-1/4"" long x 1-3/8"" dia))",1265.0,usda
294025,,Pepperoni (1 cup),705.6,usda
294026,,Pepperoni (1 slice),10.1,usda
294028,,"Pepperoni, reduced fat (1 sausage (10-1/4"" long x 1-3/8"" dia))",948.8,usda
294029,,"Pepperoni, reduced fat (1 cup)",529.2,usda
294030,,"Pepperoni, reduced fat (1 slice)",7.6,usda
294032,,"Pepperoni, reduced sodium (1 sausage (10-1/4"" long x 1-3/8"" dia))",1265.0,usda
294033,,"Pepperoni, reduced sodium (1 cup)",705.6,usda
294034,,"Pepperoni, reduced sodium (1 slice)",10.1,usda
294036,,Polish sausage (1 patty),118.0,usda
294045,,Polish sausage (1 cubic inch),70.8,usda
294037,,Polish sausage (1 cocktail or miniature link),33.7,usda
294038,,Polish sausage (1 breakfast size link),67.4,usda
294039,,Polish sausage (1 bun-size or griller link),252.8,usda
294040,,"Polish sausage (1 sausage (10"" long x 1-1/4"" dia))",765.0,usda
294041,,Polish sausage (1 slice),50.6,usda
294042,,Polish sausage (1 piece),252.8,usda
294043,,Polish sausage (1 cup),465.1,usda
294044,,"Polish sausage (1 oz, cooked)",95.5395,usda
294047,,Italian sausage (1 patty),111.0,usda
294048,,Italian sausage (1 cocktail or miniature link),31.7,usda
294049,,Italian sausage (1 breakfast size link),63.4,usda
294050,,Italian sausage (1 bun-size or griller link),237.8,usda
294051,,Italian sausage (1 slice),47.6,usda
294052,,Italian sausage (1 piece),237.8,usda
294053,,Italian sausage (1 cup),437.5,usda
294054,,"Italian sausage (1 oz, cooked)",89.8695,usda
294055,,Italian sausage (1 cubic inch),47.6,usda
294057,,Sausage (1 patty),113.8,usda
294058,,Sausage (1 cocktail or miniature link),32.5,usda
294059,,Sausage (1 breakfast size link),65.0,usda
294060,,Sausage (1 bun-size or griller link),243.8,usda
294061,,Sausage (1 slice),48.8,usda
294062,,Sausage (1 piece),113.8,usda
294063,,Sausage (1 cup),448.5,usda
294064,,"Sausage (1 oz, cooked)",92.1375,usda
294065,,Sausage (1 cubic inch),58.5,usda
294067,,Pork sausage (1 patty),113.8,usda
294076,,Pork sausage (1 cubic inch),58.5,usda
294068,,Pork sausage (1 cocktail or miniature link),32.5,usda
294069,,Pork sausage (1 breakfast size link),65.0,usda
294070,,Pork sausage (1 bun-size or griller link),243.8,usda
294071,,Pork sausage (1 half smoke sausage),364.0,usda
294072,,Pork sausage (1 slice),48.8,usda
294073,,Pork sausage (1 piece),243.8,usda
294074,,Pork sausage (1 cup),448.5,usda
294075,,"Pork sausage (1 oz, cooked)",92.1375,usda
294078,,"Pork sausage, reduced fat (1 patty)",93.5,usda
294087,,"Pork sausage, reduced fat (1 cubic inch)",48.1,usda
294079,,"Pork sausage, reduced fat (1 cocktail or miniature link)",26.7,usda
294080,,"Pork sausage, reduced fat (1 breakfast size link)",53.4,usda
294081,,"Pork sausage, reduced fat (1 bun-size or griller link)",200.3,usda
294082,,"Pork sausage, reduced fat (1 half smoke sausage)",299.0,usda
294083,,"Pork sausage, reduced fat (1 slice)",40.1,usda
294084,,"Pork sausage, reduced fat (1 piece)",200.3,usda
294085,,"Pork sausage, reduced fat (1 cup)",368.5,usda
294086,,"Pork sausage, reduced fat (1 oz, cooked)",75.6945,usda
294089,,"Pork sausage, reduced sodium (1 patty)",81.6,usda
294098,,"Pork sausage, reduced sodium (1 cubic inch)",37.3,usda
294090,,"Pork sausage, reduced sodium (1 cocktail or miniature link)",23.3,usda
294091,,"Pork sausage, reduced sodium (1 breakfast size link)",46.6,usda
294092,,"Pork sausage, reduced sodium (1 bun-size or griller link)",174.8,usda
294093,,"Pork sausage, reduced sodium (1 half smoke sausage)",261.0,usda
294094,,"Pork sausage, reduced sodium (1 slice)",35.0,usda
294095,,"Pork sausage, reduced sodium (1 piece)",174.8,usda
294096,,"Pork sausage, reduced sodium (1 cup)",321.5,usda
294097,,"Pork sausage, reduced sodium (1 oz, cooked)",66.0555,usda
294111,,Salami (1 slice),105.8,usda
294112,,Salami (1 cup),529.2,usda
294116,,"Salami, made from any type of meat, reduced fat (1 slice)",48.2,usda
294117,,"Salami, made from any type of meat, reduced fat (1 cup)",240.8,usda
294121,,"Salami, made from any type of meat, reduced sodium (1 slice)",105.8,usda
294122,,"Salami, made from any type of meat, reduced sodium (1 cup)",529.2,usda
294126,,"Scrapple, cooked (1 slice (2-3/4"" x 2-1/8"" x 1/4"") (1/18 of loaf))",56.8,usda
294127,,"Scrapple, cooked (1 cubic inch)",39.0,usda
294128,,"Scrapple, cooked (1 oz, raw (yield after cooking))",56.8,usda
294130,,"Thuringer (1 slice (4-3/8"" dia x 1/10"" thick) (1 oz))",101.4,usda
294131,,"Thuringer (1 slice (4-1/8"" dia x 1/8"" thick) (10 per 8 oz package))",83.3,usda
294132,,"Thuringer (1 slice (2-7/8"" dia x 1/16"" thick))",29.0,usda
294133,,Thuringer (1 slice),83.3,usda
294134,,Thuringer (1 cup),506.8,usda
294135,,Thuringer (1 cubic inch),65.2,usda
294137,,Turkey or chicken sausage (1 patty),67.6,usda
294138,,Turkey or chicken sausage (1 breakfast size link),38.6,usda
294139,,Turkey or chicken sausage (1 bun-size or griller link),144.8,usda
294140,,Turkey or chicken sausage (1 cocktail or miniature link),19.3,usda
294141,,Turkey or chicken sausage (1 slice),29.0,usda
294142,,Turkey or chicken sausage (1 piece),144.8,usda
294143,,Turkey or chicken sausage (1 cup),266.3,usda
294144,,"Turkey or chicken sausage (1 oz, cooked)",54.7155,usda
294145,,Turkey or chicken sausage (1 cubic inch),34.7,usda
294147,,"Turkey or chicken sausage, reduced sodium (1 patty)",80.5,usda
294148,,"Turkey or chicken sausage, reduced sodium (1 cocktail or miniature link)",23.0,usda
294149,,"Turkey or chicken sausage, reduced sodium (1 breakfast size link)",46.0,usda
294150,,"Turkey or chicken sausage, reduced sodium (1 bun-size or griller link)",172.5,usda
294151,,"Turkey or chicken sausage, reduced sodium (1 slice)",34.5,usda
294152,,"Turkey or chicken sausage, reduced sodium (1 piece)",172.5,usda
294153,,"Turkey or chicken sausage, reduced sodium (1 cup)",317.4,usda
294154,,"Turkey or chicken sausage, reduced sodium (1 oz, cooked)",65.205,usda
294155,,"Turkey or chicken sausage, reduced sodium (1 cubic inch)",41.4,usda
294167,,"Vienna sausage, canned (1 sausage (7/8"" dia x 2"" long))",36.8,usda
294168,,"Vienna sausage, canned (1 cup)",347.3,usda
294170,,"Vienna sausage, canned (1 can (5 oz) yields)",259.9,usda
294171,,Pickled sausage (1 sausage),44.0,usda
294173,,Luncheon meat (1 slice),28.3,usda
294174,,"Luncheon meat (1 cup, pieces)",141.4,usda
294178,,"Ham, prepackaged or deli, luncheon meat (1 slice)",28.3,usda
294179,,"Ham, prepackaged or deli, luncheon meat (1 cup, pieces)",141.4,usda
294183,,"Ham, prepackaged or deli, luncheon meat, reduced sodium (1 slice)",28.3,usda
294184,,"Ham, prepackaged or deli, luncheon meat, reduced sodium (1 cup, pieces)",141.4,usda
294188,,"Chicken, prepackaged or deli, luncheon meat (1 slice)",27.4,usda
294189,,"Chicken, prepackaged or deli, luncheon meat (1 cup, pieces)",137.2,usda
294193,,"Chicken, prepackaged or deli, luncheon meat, reduced sodium (1 slice)",27.4,usda
294194,,"Chicken, prepackaged or deli, luncheon meat, reduced sodium (1 cup, pieces)",137.2,usda
294198,,"Ham luncheon meat, loaf type (1 slice)",32.8,usda
294199,,"Ham luncheon meat, loaf type (1 cup, pieces)",163.8,usda
294203,,Spam (1 slice),176.4,usda
294204,,"Spam (1 cup, pieces)",441.0,usda
294208,,"Spam, reduced sodium (1 slice)",164.1,usda
294209,,"Spam, reduced sodium (1 cup, pieces)",410.2,usda
294213,,Liverwurst (1 slice),91.6,usda
294214,,"Liverwurst (1 cup, solid pack)",696.5,usda
294218,,"Luncheon meat, loaf type (1 slice)",63.0,usda
294219,,"Luncheon meat, loaf type (1 cup, pieces)",315.0,usda
294223,,"Turkey, prepackaged or deli, luncheon meat (1 slice)",29.7,usda
294224,,"Turkey, prepackaged or deli, luncheon meat (1 cup, pieces)",148.4,usda
294228,,"Turkey, prepackaged or deli, luncheon meat, reduced sodium (1 slice)",29.7,usda
294229,,"Turkey, prepackaged or deli, luncheon meat, reduced sodium (1 cup, pieces)",148.4,usda
294233,,"Turkey ham, prepackaged or deli, luncheon meat (1 slice)",29.7,usda
294234,,"Turkey ham, prepackaged or deli, luncheon meat (1 cup)",148.4,usda
294238,,"Beef, prepackaged or deli, luncheon meat (1 slice)",32.2,usda
294239,,"Beef, prepackaged or deli, luncheon meat (1 cup, pieces)",161.0,usda
294243,,"Beef, prepackaged or deli, luncheon meat, reduced sodium (1 slice)",32.2,usda
294244,,"Beef, prepackaged or deli, luncheon meat, reduced sodium (1 cup, pieces)",161.0,usda
294257,,"Fish, raw (1 cup)",126.9,usda
294259,,Fish (1 small/regular fillet),214.2,usda
294260,,Fish (1 large fillet),321.3,usda
294261,,"Fish (1 whole fish, any size)",642.6,usda
294262,,Fish (1 cup),321.3,usda
294263,,Fish (1 oz yields),47.6,usda
294264,,Fish (1 cubic inch),40.5,usda
294266,,"Fish, baked or broiled (1 small/regular fillet)",187.2,usda
294267,,"Fish, baked or broiled (1 large fillet)",280.8,usda
294268,,"Fish, baked or broiled (1 whole fish, any size)",561.6,usda
294269,,"Fish, baked or broiled (1 cup)",280.8,usda
294270,,"Fish, baked or broiled (1 oz yields)",41.6,usda
294271,,"Fish, baked or broiled (1 cubic inch)",35.4,usda
294273,,"Fish, baked or broiled, coated (1 small/regular fillet)",200.7,usda
294274,,"Fish, baked or broiled, coated (1 large fillet)",301.1,usda
294275,,"Fish, baked or broiled, coated (1 whole fish, any size)",602.1,usda
294276,,"Fish, baked or broiled, coated (1 cup)",301.1,usda
294277,,"Fish, baked or broiled, coated (1 oz yields)",44.6,usda
294278,,"Fish, baked or broiled, coated (1 cubic inch)",37.9,usda
294287,,"Fish, steamed (1 small/regular fillet)",153.9,usda
294288,,"Fish, steamed (1 large fillet)",230.9,usda
294289,,"Fish, steamed (1 whole fish, any size)",461.7,usda
294290,,"Fish, steamed (1 cup)",230.9,usda
294291,,"Fish, steamed (1 oz yields)",34.2,usda
294292,,"Fish, steamed (1 cubic inch)",29.1,usda
294294,,"Fish, canned (1 cup)",210.6,usda
294296,,"Fish, smoked (1 cup)",156.6,usda
294297,,"Fish, smoked (1 cubic inch)",19.7,usda
294299,,"Fish, stick (1 stick)",55.4,usda
294300,,"Fish, stick (1 nugget)",55.4,usda
294302,,"Fish, anchovy (1 can)",94.5,usda
294303,,"Fish, anchovy (1 anchovy)",8.4,usda
294305,,"Fish, carp (1 fillet, any size)",191.7,usda
294306,,"Fish, carp (1 steak)",287.6,usda
294307,,"Fish, carp (1 whole fish, any size)",575.1,usda
294308,,"Fish, carp (1 cup)",287.6,usda
294309,,"Fish, carp (1 oz yields)",42.6,usda
294310,,"Fish, carp (1 cubic inch)",36.2,usda
294312,,"Fish, catfish (1 small/regular fillet)",229.5,usda
294313,,"Fish, catfish (1 large fillet)",344.3,usda
294314,,"Fish, catfish (1 whole fish, any size)",688.5,usda
294315,,"Fish, catfish (1 cup)",344.3,usda
294316,,"Fish, catfish (1 oz yields)",51.0,usda
294317,,"Fish, catfish (1 cubic inch)",43.4,usda
294319,,"Fish, catfish, baked or broiled (1 small/regular fillet)",170.1,usda
294320,,"Fish, catfish, baked or broiled (1 large fillet)",255.2,usda
294321,,"Fish, catfish, baked or broiled (1 whole fish, any size)",510.3,usda
294322,,"Fish, catfish, baked or broiled (1 cup)",255.2,usda
294323,,"Fish, catfish, baked or broiled (1 oz yields)",37.8,usda
294324,,"Fish, catfish, baked or broiled (1 cubic inch)",32.1,usda
294326,,"Fish, catfish, grilled (1 small/regular fillet)",153.9,usda
294327,,"Fish, catfish, grilled (1 large fillet)",230.9,usda
294328,,"Fish, catfish, grilled (1 whole fish, any size)",461.7,usda
294329,,"Fish, catfish, grilled (1 cup)",230.9,usda
294330,,"Fish, catfish, grilled (1 oz yields)",34.2,usda
294331,,"Fish, catfish, grilled (1 cubic inch)",29.1,usda
294333,,"Fish, catfish, baked or broiled, coated (1 small/regular fillet)",184.5,usda
294334,,"Fish, catfish, baked or broiled, coated (1 large fillet)",276.8,usda
294335,,"Fish, catfish, baked or broiled, coated (1 whole fish, any size)",553.5,usda
294336,,"Fish, catfish, baked or broiled, coated (1 cup)",276.8,usda
294337,,"Fish, catfish, baked or broiled, coated (1 oz yields)",41.0,usda
294338,,"Fish, catfish, baked or broiled, coated (1 cubic inch)",34.9,usda
294347,,"Fish, catfish, steamed (1 small/regular fillet)",135.0,usda
294348,,"Fish, catfish, steamed (1 large fillet)",202.5,usda
294349,,"Fish, catfish, steamed (1 whole fish, any size)",405.0,usda
294350,,"Fish, catfish, steamed (1 cup)",202.5,usda
294351,,"Fish, catfish, steamed (1 oz yields)",30.0,usda
294352,,"Fish, catfish, steamed (1 cubic inch)",25.5,usda
294354,,"Fish, cod (1 small/regular fillet)",303.8,usda
294355,,"Fish, cod (1 large fillet)",455.7,usda
294356,,"Fish, cod (1 steak)",455.7,usda
294357,,"Fish, cod (1 whole fish, any size)",911.4,usda
294358,,"Fish, cod (1 cup)",293.0,usda
294359,,"Fish, cod (1 oz yields)",43.4,usda
294360,,"Fish, cod (1 cubic inch)",36.9,usda
294362,,"Fish, cod, baked or broiled (1 small/regular fillet)",176.4,usda
294363,,"Fish, cod, baked or broiled (1 large fillet)",264.6,usda
294364,,"Fish, cod, baked or broiled (1 steak)",264.6,usda
294365,,"Fish, cod, baked or broiled (1 whole fish, any size)",529.2,usda
294366,,"Fish, cod, baked or broiled (1 cup)",170.1,usda
294367,,"Fish, cod, baked or broiled (1 oz yields)",25.2,usda
294368,,"Fish, cod, baked or broiled (1 cubic inch)",21.4,usda
294370,,"Fish, cod, grilled (1 small/regular fillet)",151.2,usda
294371,,"Fish, cod, grilled (1 large fillet)",226.8,usda
294372,,"Fish, cod, grilled (1 steak)",226.8,usda
294373,,"Fish, cod, grilled (1 whole fish, any size)",453.6,usda
294374,,"Fish, cod, grilled (1 cup)",145.8,usda
294375,,"Fish, cod, grilled (1 oz yields)",21.6,usda
294376,,"Fish, cod, grilled (1 cubic inch)",18.4,usda
294378,,"Fish, cod, baked or broiled, coated (1 small/regular fillet)",212.8,usda
294379,,"Fish, cod, baked or broiled, coated (1 large fillet)",319.2,usda
294380,,"Fish, cod, baked or broiled, coated (1 steak)",319.2,usda
294381,,"Fish, cod, baked or broiled, coated (1 whole fish, any size)",638.4,usda
294382,,"Fish, cod, baked or broiled, coated (1 cup)",205.2,usda
294383,,"Fish, cod, baked or broiled, coated (1 oz yields)",30.4,usda
294384,,"Fish, cod, baked or broiled, coated (1 cubic inch)",25.8,usda
294394,,"Fish, cod, steamed (1 small/regular fillet)",121.8,usda
294395,,"Fish, cod, steamed (1 large fillet)",182.7,usda
294396,,"Fish, cod, steamed (1 steak)",182.7,usda
294397,,"Fish, cod, steamed (1 whole fish, any size)",365.4,usda
294398,,"Fish, cod, steamed (1 cup)",117.5,usda
294399,,"Fish, cod, steamed (1 oz yields)",17.4,usda
294400,,"Fish, cod, steamed (1 cubic inch)",14.8,usda
294402,,"Fish, croaker (1 fillet, any size)",170.1,usda
294403,,"Fish, croaker (1 whole fish, any size)",510.3,usda
294404,,"Fish, croaker (1 cup)",255.2,usda
294405,,"Fish, croaker (1 oz yields)",37.8,usda
294406,,"Fish, croaker (1 cubic inch)",32.1,usda
294408,,"Fish, eel (1 cup)",368.6,usda
294409,,"Fish, eel (1 oz yields)",54.6,usda
294410,,"Fish, eel (1 cubic inch)",46.4,usda
294412,,"Fish, flounder (1 small/regular fillet)",115.2,usda
294413,,"Fish, flounder (1 large fillet)",172.8,usda
294414,,"Fish, flounder (1 whole fish, any size)",345.6,usda
294415,,"Fish, flounder (1 cup)",172.8,usda
294416,,"Fish, flounder (1 oz yields)",25.6,usda
294417,,"Fish, flounder (1 cubic inch)",21.8,usda
294419,,"Fish, flounder, baked or broiled (1 small/regular fillet)",115.2,usda
294420,,"Fish, flounder, baked or broiled (1 large fillet)",172.8,usda
294421,,"Fish, flounder, baked or broiled (1 whole fish, any size)",345.6,usda
294422,,"Fish, flounder, baked or broiled (1 cup)",172.8,usda
294423,,"Fish, flounder, baked or broiled (1 oz yields)",25.6,usda
294424,,"Fish, flounder, baked or broiled (1 cubic inch)",21.8,usda
294426,,"Fish, flounder, grilled (1 small/regular fillet)",98.1,usda
294427,,"Fish, flounder, grilled (1 large fillet)",147.2,usda
294428,,"Fish, flounder, grilled (1 whole fish, any size)",294.3,usda
294429,,"Fish, flounder, grilled (1 cup)",147.2,usda
294430,,"Fish, flounder, grilled (1 oz yields)",21.8,usda
294431,,"Fish, flounder, grilled (1 cubic inch)",18.5,usda
294433,,"Fish, flounder, baked or broiled, coated (1 small/regular fillet)",137.7,usda
294434,,"Fish, flounder, baked or broiled, coated (1 large fillet)",206.6,usda
294435,,"Fish, flounder, baked or broiled, coated (1 whole fish, any size)",413.1,usda
294436,,"Fish, flounder, baked or broiled, coated (1 cup)",206.6,usda
294437,,"Fish, flounder, baked or broiled, coated (1 oz yields)",30.6,usda
294438,,"Fish, flounder, baked or broiled, coated (1 cubic inch)",26.0,usda
294447,,"Fish, flounder, steamed (1 small/regular fillet)",79.2,usda
294448,,"Fish, flounder, steamed (1 large fillet)",118.8,usda
294449,,"Fish, flounder, steamed (1 whole fish, any size)",237.6,usda
294450,,"Fish, flounder, steamed (1 cup)",118.8,usda
294451,,"Fish, flounder, steamed (1 oz yields)",17.6,usda
294452,,"Fish, flounder, steamed (1 cubic inch)",15.0,usda
294454,,"Fish, haddock (1 small/regular fillet)",303.8,usda
294455,,"Fish, haddock (1 large fillet)",455.7,usda
294456,,"Fish, haddock (1 steak)",455.7,usda
294457,,"Fish, haddock (1 whole fish, any size)",911.4,usda
294458,,"Fish, haddock (1 cup)",293.0,usda
294459,,"Fish, haddock (1 oz yields)",43.4,usda
294460,,"Fish, haddock (1 cubic inch)",36.9,usda
294462,,"Fish, haddock, baked or broiled (1 small/regular fillet)",176.4,usda
294463,,"Fish, haddock, baked or broiled (1 large fillet)",264.6,usda
294464,,"Fish, haddock, baked or broiled (1 steak)",264.6,usda
294465,,"Fish, haddock, baked or broiled (1 whole fish, any size)",529.2,usda
294466,,"Fish, haddock, baked or broiled (1 cup)",170.1,usda
294467,,"Fish, haddock, baked or broiled (1 oz yields)",25.2,usda
294468,,"Fish, haddock, baked or broiled (1 cubic inch)",21.4,usda
294470,,"Fish, haddock, grilled (1 small/regular fillet)",151.2,usda
294471,,"Fish, haddock, grilled (1 large fillet)",226.8,usda
294472,,"Fish, haddock, grilled (1 steak)",226.8,usda
294473,,"Fish, haddock, grilled (1 whole fish, any size)",453.6,usda
294474,,"Fish, haddock, grilled (1 cup)",145.8,usda
294475,,"Fish, haddock, grilled (1 oz yields)",21.6,usda
294476,,"Fish, haddock, grilled (1 cubic inch)",18.4,usda
294478,,"Fish, haddock, baked or broiled, coated (1 small/regular fillet)",212.8,usda
294479,,"Fish, haddock, baked or broiled, coated (1 large fillet)",319.2,usda
294480,,"Fish, haddock, baked or broiled, coated (1 steak)",319.2,usda
294481,,"Fish, haddock, baked or broiled, coated (1 whole fish, any size)",638.4,usda
294482,,"Fish, haddock, baked or broiled, coated (1 cup)",205.2,usda
294483,,"Fish, haddock, baked or broiled, coated (1 oz yields)",30.4,usda
294484,,"Fish, haddock, baked or broiled, coated (1 cubic inch)",25.8,usda
294494,,"Fish, haddock, steamed (1 small/regular fillet)",121.8,usda
294495,,"Fish, haddock, steamed (1 large fillet)",182.7,usda
294496,,"Fish, haddock, steamed (1 steak)",182.7,usda
294497,,"Fish, haddock, steamed (1 whole fish, any size)",365.4,usda
294498,,"Fish, haddock, steamed (1 cup)",117.5,usda
294499,,"Fish, haddock, steamed (1 oz yields)",17.4,usda
294500,,"Fish, haddock, steamed (1 cubic inch)",14.8,usda
294502,,"Fish, halibut (1 fillet, any size)",245.0,usda
294503,,"Fish, halibut (1 steak)",367.5,usda
294504,,"Fish, halibut (1 whole fish, any size)",735.0,usda
294505,,"Fish, halibut (1 cup)",236.3,usda
294506,,"Fish, halibut (1 oz yields)",35.0,usda
294507,,"Fish, halibut (1 cubic inch)",29.8,usda
294509,,"Fish, herring (1 fillet, any size)",220.5,usda
294510,,"Fish, herring (1 whole fish, any size)",661.5,usda
294511,,"Fish, herring (1 cup)",330.8,usda
294512,,"Fish, herring (1 oz yields)",49.0,usda
294513,,"Fish, herring (1 cubic inch)",41.7,usda
294515,,"Fish, pickled (1 cup)",353.7,usda
294517,,"Fish, mackerel (1 small/regular fillet)",331.8,usda
294518,,"Fish, mackerel (1 large fillet)",497.7,usda
294519,,"Fish, mackerel (1 steak)",497.7,usda
294520,,"Fish, mackerel (1 cup)",320.0,usda
294521,,"Fish, mackerel (1 oz yields)",47.4,usda
294522,,"Fish, mackerel (1 cubic inch)",40.3,usda
294524,,"Fish, mackerel, baked or broiled (1 small/regular fillet)",331.8,usda
294525,,"Fish, mackerel, baked or broiled (1 large fillet)",497.7,usda
294526,,"Fish, mackerel, baked or broiled (1 steak)",497.7,usda
294527,,"Fish, mackerel, baked or broiled (1 cup)",320.0,usda
294528,,"Fish, mackerel, baked or broiled (1 oz yields)",47.4,usda
294529,,"Fish, mackerel, baked or broiled (1 cubic inch)",40.3,usda
294531,,"Fish, mackerel, grilled (1 small/regular fillet)",309.4,usda
294532,,"Fish, mackerel, grilled (1 large fillet)",464.1,usda
294533,,"Fish, mackerel, grilled (1 steak)",464.1,usda
294534,,"Fish, mackerel, grilled (1 cup)",298.4,usda
294535,,"Fish, mackerel, grilled (1 oz yields)",44.2,usda
294536,,"Fish, mackerel, grilled (1 cubic inch)",37.6,usda
294538,,"Fish, mackerel, baked or broiled, coated (1 small/regular fillet)",343.0,usda
294539,,"Fish, mackerel, baked or broiled, coated (1 large fillet)",514.5,usda
294540,,"Fish, mackerel, baked or broiled, coated (1 steak)",514.5,usda
294541,,"Fish, mackerel, baked or broiled, coated (1 cup)",330.8,usda
294542,,"Fish, mackerel, baked or broiled, coated (1 oz yields)",49.0,usda
294543,,"Fish, mackerel, baked or broiled, coated (1 cubic inch)",41.7,usda
294552,,"Fish, mackerel, canned (1 cup)",210.6,usda
294553,,"Fish, mackerel, canned (1 standard can)",117.0,usda
294554,,"Fish, mackerel, canned (1 large can)",655.2,usda
294556,,"Fish, mullet (1 fillet, any size)",282.8,usda
294557,,"Fish, mullet (1 whole fish, any size)",848.4,usda
294558,,"Fish, mullet (1 cup)",272.7,usda
294559,,"Fish, mullet (1 oz yields)",40.4,usda
294560,,"Fish, mullet (1 cubic inch)",34.3,usda
294562,,"Fish, perch (1 small/regular fillet)",201.6,usda
294563,,"Fish, perch (1 large fillet)",302.4,usda
294564,,"Fish, perch (1 whole fish, any size)",604.8,usda
294565,,"Fish, perch (1 cup)",302.4,usda
294566,,"Fish, perch (1 oz yields)",44.8,usda
294567,,"Fish, perch (1 cubic inch)",38.1,usda
294569,,"Fish, perch, baked or broiled (1 small/regular fillet)",125.1,usda
294570,,"Fish, perch, baked or broiled (1 large fillet)",187.7,usda
294571,,"Fish, perch, baked or broiled (1 whole fish, any size)",375.3,usda
294572,,"Fish, perch, baked or broiled (1 cup)",187.7,usda
294573,,"Fish, perch, baked or broiled (1 oz yields)",27.8,usda
294574,,"Fish, perch, baked or broiled (1 cubic inch)",23.6,usda
294576,,"Fish, perch, grilled (1 small/regular fillet)",108.9,usda
294577,,"Fish, perch, grilled (1 large fillet)",163.4,usda
294578,,"Fish, perch, grilled (1 whole fish, any size)",326.7,usda
294579,,"Fish, perch, grilled (1 cup)",163.4,usda
294580,,"Fish, perch, grilled (1 oz yields)",24.2,usda
294581,,"Fish, perch, grilled (1 cubic inch)",20.6,usda
294583,,"Fish, perch, baked or broiled, coated (1 small/regular fillet)",146.7,usda
294584,,"Fish, perch, baked or broiled, coated (1 large fillet)",220.1,usda
294585,,"Fish, perch, baked or broiled, coated (1 whole fish, any size)",440.1,usda
294586,,"Fish, perch, baked or broiled, coated (1 cup)",220.1,usda
294587,,"Fish, perch, baked or broiled, coated (1 oz yields)",32.6,usda
294588,,"Fish, perch, baked or broiled, coated (1 cubic inch)",27.7,usda
294597,,"Fish, perch, steamed (1 small/regular fillet)",103.5,usda
294598,,"Fish, perch, steamed (1 large fillet)",155.3,usda
294599,,"Fish, perch, steamed (1 whole fish, any size)",310.5,usda
294600,,"Fish, perch, steamed (1 cup)",155.3,usda
294601,,"Fish, perch, steamed (1 oz yields)",23.0,usda
294602,,"Fish, perch, steamed (1 cubic inch)",19.6,usda
294604,,"Fish, pike (1 fillet, any size)",240.8,usda
294605,,"Fish, pike (1 steak)",361.2,usda
294606,,"Fish, pike (1 cup)",232.2,usda
294607,,"Fish, pike (1 oz yields)",34.4,usda
294608,,"Fish, pike (1 cubic inch)",29.2,usda
294610,,"Fish, pompano (1 small/regular fillet)",219.6,usda
294611,,"Fish, pompano (1 large fillet)",329.4,usda
294612,,"Fish, pompano (1 whole fish, any size)",658.8,usda
294613,,"Fish, pompano (1 cup)",329.4,usda
294614,,"Fish, pompano (1 oz yields)",48.8,usda
294615,,"Fish, pompano (1 cubic inch)",41.5,usda
294617,,"Fish, pompano, baked or broiled (1 small/regular fillet)",219.6,usda
294618,,"Fish, pompano, baked or broiled (1 large fillet)",329.4,usda
294619,,"Fish, pompano, baked or broiled (1 whole fish, any size)",658.8,usda
294620,,"Fish, pompano, baked or broiled (1 cup)",329.4,usda
294621,,"Fish, pompano, baked or broiled (1 oz yields)",48.8,usda
294622,,"Fish, pompano, baked or broiled (1 cubic inch)",41.5,usda
294624,,"Fish, pompano, grilled (1 small/regular fillet)",205.2,usda
294625,,"Fish, pompano, grilled (1 large fillet)",307.8,usda
294626,,"Fish, pompano, grilled (1 whole fish, any size)",615.6,usda
294627,,"Fish, pompano, grilled (1 cup)",307.8,usda
294628,,"Fish, pompano, grilled (1 oz yields)",45.6,usda
294629,,"Fish, pompano, grilled (1 cubic inch)",38.8,usda
294631,,"Fish, pompano, baked or broiled, coated (1 small/regular fillet)",226.8,usda
294632,,"Fish, pompano, baked or broiled, coated (1 large fillet)",340.2,usda
294633,,"Fish, pompano, baked or broiled, coated (1 whole fish, any size)",680.4,usda
294634,,"Fish, pompano, baked or broiled, coated (1 cup)",340.2,usda
294635,,"Fish, pompano, baked or broiled, coated (1 oz yields)",50.4,usda
294636,,"Fish, pompano, baked or broiled, coated (1 cubic inch)",42.8,usda
294645,,"Fish, pompano, steamed (1 small/regular fillet)",186.3,usda
294646,,"Fish, pompano, steamed (1 large fillet)",279.5,usda
294647,,"Fish, pompano, steamed (1 whole fish, any size)",558.9,usda
294648,,"Fish, pompano, steamed (1 cup)",279.5,usda
294649,,"Fish, pompano, steamed (1 oz yields)",41.4,usda
294650,,"Fish, pompano, steamed (1 cubic inch)",35.2,usda
294652,,"Fish, snapper (1 fillet, any size)",166.5,usda
294653,,"Fish, snapper (1 whole fish, any size)",499.5,usda
294654,,"Fish, snapper (1 cup)",249.8,usda
294655,,"Fish, snapper (1 oz yields)",37.0,usda
294656,,"Fish, snapper (1 cubic inch)",31.5,usda
294658,,"Fish, salmon, raw (1 cup)",253.8,usda
294660,,"Fish, salmon (1 small/regular fillet)",383.6,usda
294661,,"Fish, salmon (1 large fillet)",575.4,usda
294662,,"Fish, salmon (1 steak)",575.4,usda
294663,,"Fish, salmon (1 cup)",369.9,usda
294664,,"Fish, salmon (1 oz yields)",54.8,usda
294665,,"Fish, salmon (1 cubic inch)",46.6,usda
294667,,"Fish, salmon, baked or broiled (1 small/regular fillet)",383.6,usda
294668,,"Fish, salmon, baked or broiled (1 large fillet)",575.4,usda
294669,,"Fish, salmon, baked or broiled (1 steak)",575.4,usda
294670,,"Fish, salmon, baked or broiled (1 cup)",369.9,usda
294671,,"Fish, salmon, baked or broiled (1 oz yields)",54.8,usda
294672,,"Fish, salmon, baked or broiled (1 cubic inch)",46.6,usda
294674,,"Fish, salmon, grilled (1 small/regular fillet)",362.6,usda
294675,,"Fish, salmon, grilled (1 large fillet)",543.9,usda
294676,,"Fish, salmon, grilled (1 steak)",543.9,usda
294677,,"Fish, salmon, grilled (1 cup)",349.7,usda
294678,,"Fish, salmon, grilled (1 oz yields)",51.8,usda
294679,,"Fish, salmon, grilled (1 cubic inch)",44.0,usda
294681,,"Fish, salmon, baked or broiled, coated (1 small/regular fillet)",387.8,usda
294682,,"Fish, salmon, baked or broiled, coated (1 large fillet)",581.7,usda
294683,,"Fish, salmon, baked or broiled, coated (1 steak)",581.7,usda
294684,,"Fish, salmon, baked or broiled, coated (1 cup)",374.0,usda
294685,,"Fish, salmon, baked or broiled, coated (1 oz yields)",55.4,usda
294686,,"Fish, salmon, baked or broiled, coated (1 cubic inch)",47.1,usda
294695,,"Fish, salmon, steamed (1 small/regular fillet)",331.8,usda
294696,,"Fish, salmon, steamed (1 large fillet)",497.7,usda
294697,,"Fish, salmon, steamed (1 steak)",497.7,usda
294698,,"Fish, salmon, steamed (1 cup)",320.0,usda
294699,,"Fish, salmon, steamed (1 oz yields)",47.4,usda
294700,,"Fish, salmon, steamed (1 cubic inch)",40.3,usda
294702,,"Fish, salmon, canned (1 cup)",183.6,usda
294703,,"Fish, salmon, canned (1 small can)",102.0,usda
294704,,"Fish, salmon, canned (1 standard can)",156.4,usda
294705,,"Fish, salmon, canned (1 tall can)",571.2,usda
294706,,"Fish, salmon, canned (1 pouch)",102.0,usda
294708,,"Fish, salmon, smoked (1 cup)",158.0,usda
294710,,"Fish, sardines, canned (1 sardine)",25.0,usda
294711,,"Fish, sardines, canned (1 cubic inch)",35.4,usda
294712,,"Fish, sardines, canned (1 standard can)",156.0,usda
294714,,"Fish, bass (1 small/regular fillet)",144.9,usda
294715,,"Fish, bass (1 large fillet)",217.4,usda
294716,,"Fish, bass (1 cup)",217.4,usda
294717,,"Fish, bass (1 oz yields)",32.2,usda
294718,,"Fish, bass (1 cubic inch)",27.4,usda
294720,,"Fish, bass, baked or broiled (1 small/regular fillet)",144.9,usda
294721,,"Fish, bass, baked or broiled (1 large fillet)",217.4,usda
294722,,"Fish, bass, baked or broiled (1 cup)",217.4,usda
294723,,"Fish, bass, baked or broiled (1 oz yields)",32.2,usda
294724,,"Fish, bass, baked or broiled (1 cubic inch)",27.4,usda
294726,,"Fish, bass, grilled (1 small/regular fillet)",128.7,usda
294727,,"Fish, bass, grilled (1 large fillet)",193.1,usda
294728,,"Fish, bass, grilled (1 cup)",193.1,usda
294729,,"Fish, bass, grilled (1 oz yields)",28.6,usda
294730,,"Fish, bass, grilled (1 cubic inch)",24.3,usda
294732,,"Fish, bass, baked or broiled, coated (1 small/regular fillet)",163.8,usda
294733,,"Fish, bass, baked or broiled, coated (1 large fillet)",245.7,usda
294734,,"Fish, bass, baked or broiled, coated (1 cup)",245.7,usda
294735,,"Fish, bass, baked or broiled, coated (1 oz yields)",36.4,usda
294736,,"Fish, bass, baked or broiled, coated (1 cubic inch)",30.9,usda
294744,,"Fish, bass, steamed (1 small/regular fillet)",110.7,usda
294745,,"Fish, bass, steamed (1 large fillet)",166.1,usda
294746,,"Fish, bass, steamed (1 cup)",166.1,usda
294747,,"Fish, bass, steamed (1 oz yields)",24.6,usda
294748,,"Fish, bass, steamed (1 cubic inch)",20.9,usda
294750,,"Fish, shark (1 fillet, any size)",302.4,usda
294751,,"Fish, shark (1 steak)",453.6,usda
294752,,"Fish, shark (1 cup)",291.6,usda
294753,,"Fish, shark (1 oz yields)",43.2,usda
294754,,"Fish, shark (1 cubic inch)",36.7,usda
294756,,"Fish, swordfish (1 fillet, any size)",323.4,usda
294757,,"Fish, swordfish (1 steak)",485.1,usda
294758,,"Fish, swordfish (1 cup)",311.9,usda
294759,,"Fish, swordfish (1 oz yields)",46.2,usda
294760,,"Fish, swordfish (1 cubic inch)",39.3,usda
294762,,"Fish, trout (1 small/regular fillet)",243.9,usda
294763,,"Fish, trout (1 large fillet)",365.9,usda
294764,,"Fish, trout (1 whole fish, any size)",731.7,usda
294765,,"Fish, trout (1 cup)",365.9,usda
294766,,"Fish, trout (1 oz yields)",54.2,usda
294767,,"Fish, trout (1 cubic inch)",46.1,usda
294769,,"Fish, trout, baked or broiled (1 small/regular fillet)",194.4,usda
294770,,"Fish, trout, baked or broiled (1 large fillet)",291.6,usda
294771,,"Fish, trout, baked or broiled (1 whole fish, any size)",583.2,usda
294772,,"Fish, trout, baked or broiled (1 cup)",291.6,usda
294773,,"Fish, trout, baked or broiled (1 oz yields)",43.2,usda
294774,,"Fish, trout, baked or broiled (1 cubic inch)",36.7,usda
294776,,"Fish, trout, grilled (1 small/regular fillet)",179.1,usda
294777,,"Fish, trout, grilled (1 large fillet)",268.7,usda
294778,,"Fish, trout, grilled (1 whole fish, any size)",537.3,usda
294779,,"Fish, trout, grilled (1 cup)",268.7,usda
294780,,"Fish, trout, grilled (1 oz yields)",39.8,usda
294781,,"Fish, trout, grilled (1 cubic inch)",33.8,usda
294783,,"Fish, trout, baked or broiled, coated (1 small/regular fillet)",205.2,usda
294784,,"Fish, trout, baked or broiled, coated (1 large fillet)",307.8,usda
294785,,"Fish, trout, baked or broiled, coated (1 whole fish, any size)",615.6,usda
294786,,"Fish, trout, baked or broiled, coated (1 cup)",307.8,usda
294787,,"Fish, trout, baked or broiled, coated (1 oz yields)",45.6,usda
294788,,"Fish, trout, baked or broiled, coated (1 cubic inch)",38.8,usda
294797,,"Fish, trout, steamed (1 small/regular fillet)",160.2,usda
294798,,"Fish, trout, steamed (1 large fillet)",240.3,usda
294799,,"Fish, trout, steamed (1 whole fish, any size)",480.6,usda
294800,,"Fish, trout, steamed (1 cup)",240.3,usda
294801,,"Fish, trout, steamed (1 oz yields)",35.6,usda
294802,,"Fish, trout, steamed (1 cubic inch)",30.3,usda
294804,,"Fish, tuna, raw (1 cup)",147.2,usda
294806,,"Fish, tuna (1 small/regular fillet)",76.5,usda
294807,,"Fish, tuna (1 large fillet)",114.8,usda
294808,,"Fish, tuna (1 steak)",114.8,usda
294809,,"Fish, tuna (1 cup)",114.8,usda
294810,,"Fish, tuna (1 oz yields)",17.0,usda
294811,,"Fish, tuna (1 cubic inch)",14.5,usda
294813,,"Fish, tuna, cooked (1 small/regular fillet)",158.4,usda
294814,,"Fish, tuna, cooked (1 large fillet)",237.6,usda
294815,,"Fish, tuna, cooked (1 steak)",237.6,usda
294816,,"Fish, tuna, cooked (1 cup)",237.6,usda
294817,,"Fish, tuna, cooked (1 oz yields)",35.2,usda
294818,,"Fish, tuna, cooked (1 cubic inch)",29.9,usda
294820,,"Fish, tuna, canned (1 cup)",114.8,usda
294821,,"Fish, tuna, canned (1 small can)",63.8,usda
294822,,"Fish, tuna, canned (1 standard can)",97.8,usda
294823,,"Fish, tuna, canned (1 large can)",216.8,usda
294824,,"Fish, tuna, canned (1 pouch)",63.8,usda
294826,,"Fish, whiting (1 small/regular fillet)",209.7,usda
294827,,"Fish, whiting (1 large fillet)",314.6,usda
294828,,"Fish, whiting (1 whole fish, any size)",629.1,usda
294829,,"Fish, whiting (1 cup)",314.6,usda
294830,,"Fish, whiting (1 oz yields)",46.6,usda
294831,,"Fish, whiting (1 cubic inch)",39.6,usda
294833,,"Fish, whiting, baked or broiled (1 small/regular fillet)",137.7,usda
294834,,"Fish, whiting, baked or broiled (1 large fillet)",206.6,usda
294835,,"Fish, whiting, baked or broiled (1 whole fish, any size)",413.1,usda
294836,,"Fish, whiting, baked or broiled (1 cup)",206.6,usda
294837,,"Fish, whiting, baked or broiled (1 oz yields)",30.6,usda
294838,,"Fish, whiting, baked or broiled (1 cubic inch)",26.0,usda
294840,,"Fish, whiting, grilled (1 small/regular fillet)",120.6,usda
294841,,"Fish, whiting, grilled (1 large fillet)",180.9,usda
294842,,"Fish, whiting, grilled (1 whole fish, any size)",361.8,usda
294843,,"Fish, whiting, grilled (1 cup)",180.9,usda
294844,,"Fish, whiting, grilled (1 oz yields)",26.8,usda
294845,,"Fish, whiting, grilled (1 cubic inch)",22.8,usda
294847,,"Fish, whiting, baked or broiled, coated (1 small/regular fillet)",156.6,usda
294848,,"Fish, whiting, baked or broiled, coated (1 large fillet)",234.9,usda
294849,,"Fish, whiting, baked or broiled, coated (1 whole fish, any size)",469.8,usda
294850,,"Fish, whiting, baked or broiled, coated (1 cup)",234.9,usda
294851,,"Fish, whiting, baked or broiled, coated (1 oz yields)",34.8,usda
294852,,"Fish, whiting, baked or broiled, coated (1 cubic inch)",29.6,usda
294861,,"Fish, whiting, steamed (1 small/regular fillet)",102.6,usda
294862,,"Fish, whiting, steamed (1 large fillet)",153.9,usda
294863,,"Fish, whiting, steamed (1 whole fish, any size)",307.8,usda
294864,,"Fish, whiting, steamed (1 cup)",153.9,usda
294865,,"Fish, whiting, steamed (1 oz yields)",22.8,usda
294866,,"Fish, whiting, steamed (1 cubic inch)",19.4,usda
294868,,"Fish, tilapia (1 small/regular fillet)",144.0,usda
294869,,"Fish, tilapia (1 large fillet)",216.0,usda
294870,,"Fish, tilapia (1 whole fish, any size)",432.0,usda
294871,,"Fish, tilapia (1 cup)",216.0,usda
294872,,"Fish, tilapia (1 oz yields)",32.0,usda
294873,,"Fish, tilapia (1 cubic inch)",27.2,usda
294875,,"Fish, tilapia, baked or broiled (1 small/regular fillet)",144.0,usda
294876,,"Fish, tilapia, baked or broiled (1 large fillet)",216.0,usda
294877,,"Fish, tilapia, baked or broiled (1 whole fish, any size)",432.0,usda
294878,,"Fish, tilapia, baked or broiled (1 cup)",216.0,usda
294879,,"Fish, tilapia, baked or broiled (1 oz yields)",32.0,usda
294880,,"Fish, tilapia, baked or broiled (1 cubic inch)",27.2,usda
294882,,"Fish, tilapia, grilled (1 small/regular fillet)",127.8,usda
294883,,"Fish, tilapia, grilled (1 large fillet)",191.7,usda
294884,,"Fish, tilapia, grilled (1 whole fish, any size)",383.4,usda
294885,,"Fish, tilapia, grilled (1 cup)",191.7,usda
294886,,"Fish, tilapia, grilled (1 oz yields)",28.4,usda
294887,,"Fish, tilapia, grilled (1 cubic inch)",24.1,usda
294889,,"Fish, tilapia, baked or broiled, coated (1 small/regular fillet)",162.0,usda
294890,,"Fish, tilapia, baked or broiled, coated (1 large fillet)",243.0,usda
294891,,"Fish, tilapia, baked or broiled, coated (1 whole fish, any size)",486.0,usda
294892,,"Fish, tilapia, baked or broiled, coated (1 cup)",243.0,usda
294893,,"Fish, tilapia, baked or broiled, coated (1 oz yields)",36.0,usda
294894,,"Fish, tilapia, baked or broiled, coated (1 cubic inch)",30.6,usda
294903,,"Fish, tilapia, steamed (1 small/regular fillet)",108.9,usda
294904,,"Fish, tilapia, steamed (1 large fillet)",163.4,usda
294905,,"Fish, tilapia, steamed (1 whole fish, any size)",326.7,usda
294906,,"Fish, tilapia, steamed (1 cup)",163.4,usda
294907,,"Fish, tilapia, steamed (1 oz yields)",24.2,usda
294908,,"Fish, tilapia, steamed (1 cubic inch)",20.6,usda
294910,,"Fish, white, mixed species (1 small/regular fillet)",128.7,usda
294911,,"Fish, white, mixed species (1 large fillet)",193.1,usda
294912,,"Fish, white, mixed species (1 whole fish, any size)",386.1,usda
294913,,"Fish, white, mixed species (1 cup)",193.1,usda
294914,,"Fish, white, mixed species (1 oz yields)",28.6,usda
294915,,"Fish, white, mixed species (1 cubic inch)",24.3,usda
294917,,"Fish, white, mixed species, baked or broiled (1 small/regular fillet)",128.7,usda
294918,,"Fish, white, mixed species, baked or broiled (1 large fillet)",193.1,usda
294919,,"Fish, white, mixed species, baked or broiled (1 whole fish, any size)",386.1,usda
294920,,"Fish, white, mixed species, baked or broiled (1 cup)",193.1,usda
294921,,"Fish, white, mixed species, baked or broiled (1 oz yields)",28.6,usda
294922,,"Fish, white, mixed species, baked or broiled (1 cubic inch)",24.3,usda
294924,,"Fish, white, mixed species, baked or broiled, coated (1 small/regular fillet)",149.4,usda
294925,,"Fish, white, mixed species, baked or broiled, coated (1 large fillet)",224.1,usda
294926,,"Fish, white, mixed species, baked or broiled, coated (1 whole fish, any size)",448.2,usda
294927,,"Fish, white, mixed species, baked or broiled, coated (1 cup)",224.1,usda
294928,,"Fish, white, mixed species, baked or broiled, coated (1 oz yields)",33.2,usda
294929,,"Fish, white, mixed species, baked or broiled, coated (1 cubic inch)",28.2,usda
294938,,"Fish, white, mixed species, steamed (1 small/regular fillet)",93.6,usda
294939,,"Fish, white, mixed species, steamed (1 large fillet)",140.4,usda
294940,,"Fish, white, mixed species, steamed (1 whole fish, any size)",280.8,usda
294941,,"Fish, white, mixed species, steamed (1 cup)",140.4,usda
294942,,"Fish, white, mixed species, steamed (1 oz yields)",20.8,usda
294943,,"Fish, white, mixed species, steamed (1 cubic inch)",17.7,usda
294945,,"Fish, white, mixed species, grilled (1 small/regular fillet)",112.5,usda
294946,,"Fish, white, mixed species, grilled (1 large fillet)",168.8,usda
294947,,"Fish, white, mixed species, grilled (1 whole fish, any size)",337.5,usda
294948,,"Fish, white, mixed species, grilled (1 cup)",168.8,usda
294949,,"Fish, white, mixed species, grilled (1 oz yields)",25.0,usda
294950,,"Fish, white, mixed species, grilled (1 cubic inch)",21.3,usda
294952,,Frog legs (1 leg),55.0,usda
294953,,Frog legs (1 oz yields),44.0,usda
294955,,Octopus (1 cup),305.1,usda
294957,,Caviar (1 tablespoon),42.2,usda
294959,,"Calamari, cooked (1 item)",23.3,usda
294960,,"Calamari, cooked (1 cup)",209.3,usda
294965,,Turtle (1 cup),212.0,usda
294967,,Shellfish (1 cup),197.1,usda
294969,,Abalone (1 cup),239.0,usda
294971,,"Clams, raw (1 clam)",12.9,usda
294972,,"Clams, raw (1 cup)",193.5,usda
294974,,Clams (1 clam),21.5,usda
294975,,Clams (1 cup),193.1,usda
294977,,"Clams, baked or broiled (1 clam)",22.2,usda
294978,,"Clams, baked or broiled (1 cup)",199.8,usda
294984,,"Clams, steamed or boiled (1 clam)",16.4,usda
294985,,"Clams, steamed or boiled (1 cup)",147.2,usda
294987,,"Clams, canned (1 cup)",243.0,usda
294988,,"Clams, canned (1 small can)",81.0,usda
294989,,"Clams, canned (1 standard can)",124.2,usda
294990,,"Clams, canned (1 large can)",275.4,usda
294992,,Crab (1 crab),33.2,usda
294993,,Crab (1 leg),12.5,usda
294994,,Crab (1 claw),12.5,usda
294995,,Crab (1 cup),112.1,usda
294997,,"Crab, canned (1 cup)",112.1,usda
294998,,"Crab, canned (1 small can)",49.8,usda
294999,,"Crab, canned (1 standard can)",99.6,usda
295000,,"Crab, canned (1 large can)",373.5,usda
295002,,"Crab, soft shell (1 crab)",147.6,usda
295007,,"Crayfish, cooked (1 crayfish)",14.6,usda
295008,,"Crayfish, cooked (1 cup)",131.0,usda
295010,,Lobster (1 lobster),194.0,usda
295011,,Lobster (1 tail),97.0,usda
295012,,Lobster (1 claw),48.5,usda
295013,,Lobster (1 cup),131.0,usda
295015,,Mussels (1 mussel),16.4,usda
295016,,Mussels (1 cup),147.2,usda
295018,,"Oysters, raw (1 oyster)",7.7,usda
295019,,"Oysters, raw (1 cup)",114.8,usda
295021,,"Oysters, baked or broiled (1 oyster)",15.6,usda
295022,,"Oysters, baked or broiled (1 cup)",140.4,usda
295024,,"Oysters, steamed (1 oyster)",9.8,usda
295025,,"Oysters, steamed (1 cup)",87.8,usda
295030,,"Oysters, canned (1 oyster)",11.1,usda
295031,,"Oysters, canned (1 cup)",166.5,usda
295032,,"Oysters, canned (1 small can)",55.5,usda
295033,,"Oysters, canned (1 standard can)",85.1,usda
295034,,"Oysters, canned (1 large can)",188.7,usda
295036,,"Scallops, baked or broiled (1 scallop)",18.9,usda
295037,,"Scallops, baked or broiled (1 cup)",170.1,usda
295039,,"Scallops, grilled (1 scallop)",16.2,usda
295040,,"Scallops, grilled (1 cup)",145.8,usda
295042,,"Scallops, steamed or boiled (1 scallop)",13.1,usda
295043,,"Scallops, steamed or boiled (1 cup)",117.5,usda
295048,,Shrimp (1 tiny shrimp),7.3,usda
295049,,Shrimp (1 small/medium shrimp),14.6,usda
295050,,Shrimp (1 large/jumbo shrimp),21.9,usda
295051,,Shrimp (1 prawn),29.2,usda
295052,,Shrimp (1 cup),197.1,usda
295054,,"Shrimp, baked or broiled (1 tiny shrimp)",6.5,usda
295055,,"Shrimp, baked or broiled (1 small/medium shrimp)",12.9,usda
295056,,"Shrimp, baked or broiled (1 large/jumbo shrimp)",19.4,usda
295057,,"Shrimp, baked or broiled (1 prawn)",25.8,usda
295058,,"Shrimp, baked or broiled (1 cup)",174.2,usda
295060,,"Shrimp, grilled (1 tiny shrimp)",5.5,usda
295061,,"Shrimp, grilled (1 small/medium shrimp)",11.0,usda
295062,,"Shrimp, grilled (1 large/jumbo shrimp)",16.5,usda
295063,,"Shrimp, grilled (1 prawn)",22.0,usda
295064,,"Shrimp, grilled (1 cup)",148.5,usda
295066,,"Shrimp, steamed or boiled (1 tiny shrimp)",4.5,usda
295067,,"Shrimp, steamed or boiled (1 small/medium shrimp)",9.0,usda
295068,,"Shrimp, steamed or boiled (1 large/jumbo shrimp)",13.5,usda
295069,,"Shrimp, steamed or boiled (1 prawn)",18.0,usda
295070,,"Shrimp, steamed or boiled (1 cup)",121.5,usda
295078,,"Shrimp, baked or broiled, coated (1 tiny shrimp)",7.7,usda
295079,,"Shrimp, baked or broiled, coated (1 small/medium shrimp)",15.4,usda
295080,,"Shrimp, baked or broiled, coated (1 large/jumbo shrimp)",23.1,usda
295081,,"Shrimp, baked or broiled, coated (1 prawn)",30.8,usda
295082,,"Shrimp, baked or broiled, coated (1 cup)",207.9,usda
295084,,"Shrimp, dried (1 cup)",337.5,usda
295086,,"Shrimp, canned (1 cup)",135.0,usda
295087,,"Shrimp, canned (1 small can)",75.0,usda
295088,,"Shrimp, canned (1 standard can)",115.0,usda
295089,,"Shrimp, canned (1 large can)",255.0,usda
295091,,Escargot (1 snail),7.9,usda
295093,,Barbecue meat (1 cup),542.4,usda
295094,,Barbecue meat (1 slice),135.6,usda
295099,,Beef burgundy (1 cup),361.1,usda
295101,,"Guisada, beef (1 cup)",293.3,usda
295117,,"Sloppy joe, no bun (1 cup)",350.0,usda
295134,,Creamed chipped or dried beef (1 cup),327.2,usda
295145,,Steak teriyaki (1 cup),483.1,usda
295147,,Beef curry (1 cup),271.2,usda
295161,,Steak tartare (1 cup),486.0,usda
295167,,"Stewed dried beef, Puerto Rican style (1 cup)",516.0,usda
295197,,"Guisada, pork (1 cup)",300.9,usda
295209,,"Stewed pork, Puerto Rican style (1 cup)",400.0,usda
295214,,"Stewed goat, Puerto Rican style (1 cup)",469.1,usda
295215,,"Stewed goat, Puerto Rican style (1 piece with gravy)",233.2,usda
295217,,Veal scallopini (1 slice with sauce),231.4,usda
295218,,Veal scallopini (1 cup),337.4,usda
295220,,Veal Marsala (1 slice with sauce),168.0,usda
295222,,Veal parmigiana (1 patty with sauce and cheese),371.3,usda
295223,,Veal parmigiana (1 cup),426.4,usda
295225,,Veal cordon bleu (1 roll (with ham and sauce)),501.5,usda
295233,,Chicken or turkey cacciatore (1 cup),424.6,usda
295234,,Chicken or turkey cacciatore (1/2 chicken breast with sauce),294.1,usda
295235,,Chicken or turkey cacciatore (1 chicken thigh with sauce),186.2,usda
295236,,Chicken or turkey cacciatore (1 chicken leg with sauce),342.8,usda
295237,,Chicken or turkey cacciatore (1 chicken drumstick with sauce),156.6,usda
295238,,Chicken or turkey cacciatore (1 chicken wing with sauce),102.7,usda
295239,,Chicken or turkey cacciatore (1 slice of chicken with sauce),41.8,usda
295240,,Chicken or turkey cacciatore (1 slice of turkey with sauce),83.5,usda
295268,,Chicken or turkey fricassee (1 cup),295.2,usda
295299,,Barbecue chicken (1 cup),400.8,usda
295307,,Chicken curry (1 cup),256.8,usda
295315,,Chicken or turkey cordon bleu (1 roll (1/2 breast with ham and sauce)),480.9,usda
295316,,Chicken or turkey cordon bleu (1 cup),294.0,usda
295318,,Chicken or turkey parmigiana (1 patty with sauce and cheese),316.7,usda
295320,,Chicken or turkey parmigiana (1 cup),363.7,usda
295321,,Chicken or turkey parmigiana (1/2 breast with sauce and cheese),276.7,usda
295322,,Chicken or turkey parmigiana (1 thigh with sauce and cheese),184.4,usda
295323,,Orange chicken (1 cup),660.2,usda
295325,,Orange chicken (1/2 chicken breast with sauce),351.1,usda
295326,,Orange chicken (1 chicken thigh with sauce),222.7,usda
295327,,Orange chicken (1 chicken leg with sauce),408.7,usda
295328,,Orange chicken (1 chicken drumstick with sauce),186.0,usda
295329,,Orange chicken (1 chicken wing with sauce),123.1,usda
295330,,Sesame chicken (1 cup),738.4,usda
295331,,Sesame chicken (1/2 chicken breast with sauce),392.6,usda
295332,,Sesame chicken (1 chicken thigh with sauce),249.1,usda
295333,,Sesame chicken (1 chicken leg with sauce),457.1,usda
295334,,Sesame chicken (1 chicken drumstick with sauce),208.0,usda
295335,,Sesame chicken (1 chicken wing with sauce),137.7,usda
295337,,Chicken kiev (1 serving (1 whole breast)),722.4,usda
295343,,Fish timbale or mousse (1 cup),260.8,usda
295350,,Seafood thermidor (1 cup),627.5,usda
295365,,Shrimp scampi (1 cup),480.0,usda
295366,,Shrimp scampi (1 shrimp),28.8,usda
295370,,Fish curry (1 cup),223.2,usda
295374,,Shrimp teriyaki (1 cup),241.2,usda
295376,,Ceviche (1 cup),157.5,usda
295387,,"Meat loaf, Puerto Rican style (1 serving (3"" x 1"" x 2""))",308.8,usda
295404,,"Beef, roast, hash (1 cup)",266.0,usda
295406,,Corned beef hash (1 cup),360.8,usda
295407,,"Corned beef hash (1 cup, canned)",360.8,usda
295408,,Corned beef hash (1 small can (7 oz)),324.7,usda
295409,,Corned beef hash (1 medium can (15 oz)),697.0,usda
295410,,Corned beef hash (1 large can),1174.2,usda
295412,,"Corned beef hash (1 cup, homemade)",311.6,usda
295493,,Beef wellington (1 slice),426.9,usda
295495,,Corned beef patty (1 patty),164.0,usda
295515,,"Ham croquette (1 croquette (1-1/2"" dia, 2"" high))",169.3,usda
295516,,Ham croquette (1 cup),382.2,usda
295536,,"Stewed pig's feet, Puerto Rican style (1 cup (yield after bone removed))",250.2,usda
295537,,"Stewed pig's feet, Puerto Rican style (1 serving (2 pig's feet, 3"" x 2"", two slices Spanish sausage, 1"" x 1/4"", 1/2 cup sauce) (yield after bone removed))",280.2,usda
295543,,Lamb or mutton loaf (1 small or thin slice),165.1,usda
295544,,Lamb or mutton loaf (1 medium slice),207.4,usda
295545,,Lamb or mutton loaf (1 large slice),276.5,usda
295546,,Lamb or mutton loaf (1 cup),268.8,usda
295565,,Chicken or turkey hash (1 cup),209.0,usda
295579,,Chicken or turkey tetrazzini (1 cup),292.7,usda
295606,,Chicken or turkey souffle (1 cup),271.9,usda
295635,,Gefilte fish (1 cup),205.0,usda
295636,,Gefilte fish (1 cubic inch),13.1,usda
295637,,Gefilte fish (5 balls),33.6,usda
295639,,Gefilte fish (1 piece with broth),55.8,usda
295667,,Clams Casino (1 clam),48.6,usda
295674,,Shrimp toast (1/2 slice),106.6,usda
295675,,Shrimp toast (1 cubic inch),26.6,usda
295677,,Imitation crab meat (1 cup),128.3,usda
295679,,Seafood souffle (1 cup),243.3,usda
295697,,"Stewed salmon, Puerto Rican style (1 cup)",309.5,usda
295699,,Meat loaf (1 small or thin slice),173.7,usda
295700,,Meat loaf (1 medium slice),218.2,usda
295701,,Meat loaf (1 large slice),290.9,usda
295702,,Meat loaf (1 cocktail meatball),14.1,usda
295703,,Meat loaf (1 small meatball),28.3,usda
295704,,Meat loaf (1 medium meatball),56.6,usda
295705,,Meat loaf (1 large meatball),84.8,usda
295706,,Meat loaf (1 cup),282.8,usda
295707,,Meat loaf (1 cubic inch),38.4,usda
295755,,Hash (1 cup),311.6,usda
295776,,"Shepherd's pie (1 slice, any size)",258.3,usda
295777,,Shepherd's pie (1 individual pie),307.5,usda
295778,,"Shepherd's pie (1 pie, any size)",1549.8,usda
295779,,Shepherd's pie (1 cup),246.0,usda
295780,,Shepherd's pie (1 cubic inch),12.3,usda
295921,,"Stewed rabbit, Puerto Rican style (1 cup, boneless)",468.7,usda
295922,,"Stewed rabbit, Puerto Rican style (1 cup (yield after bone removed))",378.8,usda
295924,,"Stewed rabbit, Puerto Rican style (1 cup)",468.7,usda
296026,,"Chicken fricassee, Puerto Rican style (1 cup, boneless)",383.6,usda
296027,,"Chicken fricassee, Puerto Rican style (1 cup (yield after bone removed))",337.1,usda
296029,,"Chicken fricassee, Puerto Rican style (1 cup)",383.6,usda
296048,,"Biscayne codfish, Puerto Rican style (1 cup)",332.5,usda
296073,,Swiss steak (1 cup),286.4,usda
296074,,Swiss steak (1 small piece with sauce),130.0,usda
296075,,Swiss steak (1 medium piece with sauce),195.5,usda
296076,,Swiss steak (1 large piece with sauce),261.1,usda
296092,,Szechuan beef (1 cup),227.9,usda
296094,,Hunan beef (1 cup),227.9,usda
296096,,"Beef chow mein or chop suey, no noodles (1 cup)",180.4,usda
296098,,Kung Pao beef (1 cup),349.9,usda
296106,,Pepper steak (1 cup),314.7,usda
296143,,Kung Pao pork (1 cup),354.8,usda
296145,,"Moo Shu pork, without Chinese pancake (1 cup)",231.0,usda
296149,,Pork hash (1 cup),353.4,usda
296159,,"Pork chow mein or chop suey, no noodles (1 cup)",215.6,usda
296188,,"Chicken or turkey creole, without rice (1 cup)",253.4,usda
296199,,Chicken or turkey divan (1 cup),330.4,usda
296209,,General Tso chicken (1 cup),430.7,usda
296211,,Moo Goo Gai Pan (1 cup),149.0,usda
296213,,Kung pao chicken (1 cup),209.0,usda
296215,,Almond chicken (1 cup),471.9,usda
296217,,Almond chicken (1/2 chicken breast with sauce),249.6,usda
296218,,"Chicken or turkey chow mein or chop suey, no noodles (1 cup)",182.6,usda
296293,,"Shrimp chow mein or chop suey, no noodles (1 cup)",151.8,usda
296338,,Oysters Rockefeller (1 oyster),40.2,usda
296340,,Lomi salmon (1 cup),140.4,usda
296353,,"Shrimp creole, no rice (1 cup)",305.0,usda
296355,,Kung Pao shrimp (1 cup),280.3,usda
296386,,"Chow mein or chop suey, no noodles (1 cup)",182.6,usda
296388,,Lau lau (1 lau lau),299.6,usda
296399,,"Stewed chitterlings, Puerto Rican style (1 cup)",513.6,usda
296401,,"Stewed gizzards, Puerto Rican style (1 cup)",465.4,usda
296453,,Quarter Pounder (McDonalds) (1 cheeseburger),435.2,usda
296487,,McDouble (McDonalds) (1 double cheeseburger),394.8,usda
296489,,Big Mac (McDonalds) (1 MCDonald's Mac Jr),352.4,usda
296490,,Big Mac (McDonalds) (1 McDonald's Big Mac),535.1,usda
296491,,Big Mac (McDonalds) (1 McDonald's Grand Mac),822.2,usda
296961,,Corn dog (1 regular),220.0,usda
296962,,Corn dog (1 cocktail/miniature),47.5,usda
296963,,Corn dog (1 bun length/jumbo),282.5,usda
296965,,Pig in a blanket (1 pig in blanket),263.5,usda
296966,,Pig in a blanket (1 cocktail size pig in a blanket),62.0,usda
297113,,Frozen dinner (1 meal (11 oz)),455.5,usda
297115,,"Beef dinner, frozen meal (1 meal (11 oz))",455.5,usda
297119,,"Salisbury steak dinner, frozen meal (1 meal (11 oz))",455.5,usda
297141,,"Chicken dinner, frozen meal (1 meal (11 oz))",386.9,usda
297182,,"Meat loaf dinner, frozen meal (1 meal (11 oz))",418.1,usda
297263,,"Egg, whole, raw (1 egg)",71.5,usda
297264,,"Egg, whole, raw (1 cup)",350.4,usda
297266,,"Egg, whole, cooked (1 egg)",88.0,usda
297267,,"Egg, whole, cooked (1 cup)",237.6,usda
297269,,"Egg, whole, boiled or poached (1 egg)",71.5,usda
297270,,"Egg, whole, boiled or poached (1 cup)",193.1,usda
297271,,"Egg, whole, boiled or poached (1 slice)",7.2,usda
297300,,"Egg, whole, baked (1 egg)",101.8,usda
297301,,"Egg, whole, baked (1 cup)",249.8,usda
297303,,"Egg, whole, baked, no added fat (1 egg)",71.5,usda
297304,,"Egg, whole, baked, no added fat (1 cup)",193.1,usda
297306,,"Egg, whole, baked, fat added (1 egg)",101.8,usda
297307,,"Egg, whole, baked, fat added (1 cup)",249.8,usda
297309,,"Egg, whole, pickled (1 egg)",77.0,usda
297311,,"Egg, white only, raw (1 egg white)",17.2,usda
297312,,"Egg, white only, raw (1 cup)",127.4,usda
297314,,"Egg, white, cooked (1 egg white)",36.0,usda
297315,,"Egg, white, cooked (1 cup)",135.0,usda
297317,,"Egg, white, cooked, no added fat (1 egg white)",17.2,usda
297318,,"Egg, white, cooked, no added fat (1 cup)",70.2,usda
297320,,"Egg, white, cooked, fat added (1 egg white)",36.0,usda
297321,,"Egg, white, cooked, fat added (1 cup)",135.0,usda
297323,,"Egg, yolk only, raw (1 egg)",55.8,usda
297324,,"Egg, yolk only, raw (1 cup)",803.6,usda
297326,,"Egg, yolk only, cooked (1 egg)",71.4,usda
297327,,"Egg, yolk only, cooked (1 cup)",482.0,usda
297329,,"Egg, yolk only, cooked, no added fat (1 egg)",55.6,usda
297330,,"Egg, yolk only, cooked, no added fat (1 cup)",441.5,usda
297332,,"Egg, yolk only, cooked, fat added (1 egg)",71.4,usda
297333,,"Egg, yolk only, cooked, fat added (1 cup)",482.0,usda
297335,,"Duck egg, cooked (1 egg)",156.8,usda
297336,,"Duck egg, cooked (1 cup)",302.4,usda
297335,,"Duck egg, cooked (1 egg)",156.8,usda
297336,,"Duck egg, cooked (1 cup)",302.4,usda
297338,,"Goose egg, cooked (1 egg)",322.6,usda
297340,,"Quail egg, canned (1 egg)",14.2,usda
297342,,"Egg, creamed (1 egg)",214.6,usda
297343,,"Egg, creamed (1 cup)",199.8,usda
297345,,"Egg, Benedict (1 egg)",446.4,usda
297347,,"Egg, deviled (1 egg)",59.4,usda
297403,,Huevos rancheros (1 egg),142.8,usda
297404,,Huevos rancheros (1 cup),163.4,usda
297409,,Egg foo yung (1 patty),107.5,usda
297410,,Egg foo yung (1 cup),218.8,usda
297412,,Chicken egg foo yung (1 patty),117.8,usda
297413,,Chicken egg foo yung (1 cup),239.8,usda
297415,,Pork egg foo yung (1 patty),128.1,usda
297416,,Pork egg foo yung (1 cup),260.8,usda
297418,,Shrimp egg foo yung (1 cup),218.8,usda
297419,,Shrimp egg foo yung (1 patty),107.5,usda
297421,,Beef egg foo yung (1 patty),126.4,usda
297422,,Beef egg foo yung (1 cup),257.3,usda
297424,,Egg omelet or scrambled egg (1 egg),101.8,usda
297425,,Egg omelet or scrambled egg (1 cup),249.8,usda
297442,,Egg omelet or scrambled egg (1 egg),101.8,usda
297443,,Egg omelet or scrambled egg (1 cup),249.8,usda
297445,,"Egg omelet or scrambled egg, no added fat (1 egg)",71.5,usda
297446,,"Egg omelet or scrambled egg, no added fat (1 cup)",193.1,usda
297724,,Meringues (1 meringue),71.3,usda
297895,,Beans (1 cup),349.7,usda
297897,,"Beans, from dried, fat added (1 cup)",349.7,usda
297898,,"Beans, from dried, fat added (1 oz dry, yield after cooking)",136.1,usda
297900,,"Beans, from dried, no added fat (1 cup)",250.2,usda
297901,,"Beans, from dried, no added fat (1 oz dry, yield after cooking)",97.3,usda
297903,,"Beans, from canned, fat added (1 cup)",342.3,usda
297905,,"Beans, from canned, no added fat (1 cup)",244.8,usda
297909,,White beans (1 cup),347.8,usda
297911,,"White beans, from dried, fat added (1 cup)",347.8,usda
297912,,"White beans, from dried, fat added (1 oz dry, yield after cooking)",135.4,usda
297914,,"White beans, from dried, no added fat (1 cup)",248.4,usda
297915,,"White beans, from dried, no added fat (1 oz dry, yield after cooking)",96.6,usda
297917,,"White beans, from canned, fat added (1 cup)",390.4,usda
297919,,"White beans, from canned, no added fat (1 cup)",302.4,usda
297921,,"White beans, from canned, reduced sodium (1 cup)",390.4,usda
297923,,Black beans (1 cup),334.9,usda
297925,,"Black beans, from dried, fat added (1 cup)",334.9,usda
297926,,"Black beans, from dried, fat added (1 oz dry, yield after cooking)",130.3,usda
297928,,"Black beans, from dried, no added fat (1 cup)",235.8,usda
297929,,"Black beans, from dried, no added fat (1 oz dry, yield after cooking)",91.7,usda
297931,,"Black beans, from canned, fat added (1 cup)",329.3,usda
297933,,"Black beans, from canned, no added fat (1 cup)",241.2,usda
297935,,"Black beans, from canned, reduced sodium (1 cup)",329.3,usda
297941,,"Fava beans, cooked (1 cup)",297.9,usda
297942,,"Fava beans, cooked (1 oz dry, yield after cooking)",115.9,usda
297944,,Lima beans (1 cup),305.3,usda
297946,,"Lima beans, from dried (1 cup)",305.3,usda
297947,,"Lima beans, from dried (1 oz dry, yield after cooking)",118.8,usda
297949,,"Pink beans, cooked (1 cup)",364.5,usda
297950,,"Pink beans, cooked (1 oz dry, yield after cooking)",141.8,usda
297952,,Pinto beans (1 cup),353.4,usda
297954,,"Pinto beans, from dried, fat added (1 cup)",353.4,usda
297955,,"Pinto beans, from dried, fat added (1 oz dry, yield after cooking)",137.5,usda
297957,,"Pinto beans, from dried, no added fat (1 cup)",255.6,usda
297958,,"Pinto beans, from dried, no added fat (1 oz dry, yield after cooking)",99.4,usda
297960,,"Pinto beans, from canned, fat added (1 cup)",347.8,usda
297962,,"Pinto beans, from canned, no added fat (1 cup)",246.6,usda
297964,,"Pinto beans, from canned, reduced sodium (1 cup)",347.8,usda
297970,,Kidney beans (1 cup),327.5,usda
297972,,"Kidney beans, from dried, fat added (1 cup)",327.5,usda
297973,,"Kidney beans, from dried, fat added (1 oz dry, yield after cooking)",127.4,usda
297975,,"Kidney beans, from dried, no added fat (1 cup)",226.8,usda
297976,,"Kidney beans, from dried, no added fat (1 oz dry, yield after cooking)",88.2,usda
297978,,"Kidney beans, from canned, fat added (1 cup)",344.1,usda
297980,,"Kidney beans, from canned, no added fat (1 cup)",243.0,usda
297982,,"Kidney beans, from canned, reduced sodium (1 cup)",344.1,usda
297988,,"Peruvian beans, from dried (1 cup)",355.2,usda
297989,,"Peruvian beans, from dried (1 oz dry, yield after cooking)",138.2,usda
297991,,"Soybeans, cooked (1 cup)",403.3,usda
297992,,"Soybeans, cooked (1 oz dry, yield after cooking)",157.0,usda
297994,,"Mung beans, cooked (1 cup)",288.6,usda
297995,,"Mung beans, cooked (1 oz dry, yield after cooking)",112.3,usda
297997,,Baked beans (1 cup),273.0,usda
297999,,"Baked beans, vegetarian (1 cup)",244.4,usda
298009,,Refried beans (1 cup),234.0,usda
298015,,"Refried beans, from canned, reduced sodium (1 cup)",231.4,usda
298023,,"Hummus, plain (1 tablespoon)",36.5,usda
298024,,"Hummus, plain (1 individual container)",170.1,usda
298037,,Falafel (1 patty),87.4,usda
298041,,"Baked beans, reduced sodium (1 cup)",270.4,usda
298045,,Blackeyed peas (1 cup),307.1,usda
298047,,"Blackeyed peas, from dried (1 cup)",307.1,usda
298048,,"Blackeyed peas, from dried (1 oz dry, yield after cooking)",119.5,usda
298050,,Chickpeas (1 cup),390.4,usda
298051,,Chickpeas (1 pea),4.2,usda
298053,,"Chickpeas, from dried, fat added (1 cup)",390.4,usda
298054,,"Chickpeas, from dried, fat added (1 oz dry, yield after cooking)",151.9,usda
298055,,"Chickpeas, from dried, fat added (1 pea)",4.2,usda
298057,,"Chickpeas, from dried, no added fat (1 cup)",293.4,usda
298058,,"Chickpeas, from dried, no added fat (1 oz dry, yield after cooking)",114.1,usda
298059,,"Chickpeas, from dried, no added fat (1 pea)",3.3,usda
298061,,"Chickpeas, from canned, fat added (1 cup)",364.5,usda
298062,,"Chickpeas, from canned, fat added (1 pea)",3.9,usda
298064,,"Chickpeas, from canned, no added fat (1 cup)",262.8,usda
298065,,"Chickpeas, from canned, no added fat (1 pea)",2.9,usda
298067,,"Chickpeas, from canned, reduced sodium (1 cup)",364.5,usda
298068,,"Chickpeas, from canned, reduced sodium (1 pea)",3.9,usda
298070,,"Split peas, from dried, no added fat (1 cup)",210.6,usda
298071,,"Split peas, from dried, no added fat (1 oz dry, yield after cooking)",81.9,usda
298073,,"Split peas, from dried, fat added (1 cup)",310.8,usda
298074,,"Split peas, from dried, fat added (1 oz dry, yield after cooking)",121.0,usda
298076,,Wasabi peas (1 cup),518.4,usda
298078,,Lentils (1 cup),307.1,usda
298080,,"Lentils, from dried, fat added (1 cup)",307.1,usda
298081,,"Lentils, from dried, fat added (1 oz dry, yield after cooking)",119.5,usda
298083,,"Lentils, from dried, no added fat (1 cup)",207.0,usda
298084,,"Lentils, from dried, no added fat (1 oz dry, yield after cooking)",80.5,usda
298086,,"Lentils, from canned (1 cup)",307.1,usda
298088,,Dal (1 cup),348.0,usda
298090,,Bean chips (1 chip),13.4,usda
298091,,Bean chips (1 small single serving bag),125.4,usda
298092,,Bean chips (1 medium single serving bag),255.4,usda
298093,,Bean chips (1 large single serving bag),380.8,usda
298094,,Bean chips (1 cup),134.4,usda
298096,,"Papad, grilled or broiled (1 papad)",33.4,usda
298100,,Lentil curry (1 cup),266.4,usda
298104,,Soy nuts (1 cup),445.6,usda
298105,,Soy nuts (1 small single serving bag),131.3,usda
298106,,Soy nuts (1 medium single serving bag),267.3,usda
298107,,Soy nuts (1 large single serving bag),398.7,usda
298109,,Soy chips (1 chip),7.7,usda
298110,,Soy chips (1 small single serving bag),107.8,usda
298111,,Soy chips (1 medium single serving bag),219.5,usda
298112,,Soy chips (1 large single serving bag),327.3,usda
298113,,Soy chips (1 100 calorie package),100.1,usda
298114,,Soy chips (1 cup),115.5,usda
298116,,"Soybean curd (1 cup (1/2"" cubes))",151.3,usda
298117,,"Soybean curd (1 piece (2-1/2"" x 2-3/4"" x 1""))",73.2,usda
298118,,Soybean curd (1 cubic inch),10.7,usda
298120,,"Edamame, cooked (1 pod, yields)",2.8,usda
298121,,"Edamame, cooked (1 cup)",224.0,usda
298123,,Soybean curd cheese (1 slice),27.2,usda
298124,,Soybean curd cheese (1 cup),339.8,usda
298128,,Miso (1 cup),544.5,usda
298130,,Natto (1 cup),371.4,usda
298142,,"Yogurt, soy (1 5.3 oz container)",135.0,usda
298143,,"Yogurt, soy (1 6 oz container)",153.0,usda
298144,,"Yogurt, soy (1 container)",135.0,usda
298145,,"Yogurt, soy (1 cup)",220.5,usda
298160,,"Vermicelli, made from soybeans (1 cup)",176.4,usda
298162,,"Textured vegetable protein, dry (1 cup)",248.9,usda
298163,,"Textured vegetable protein, dry (1 cup, coarse grain)",248.9,usda
298164,,"Textured vegetable protein, dry (1 cup, fine grain)",439.2,usda
298166,,"Frozen dessert, non-dairy (1 cup)",262.4,usda
298167,,"Frozen dessert, non-dairy (1 fl oz)",33.4,usda
298207,,"Bacon strip, meatless (1 strip)",15.5,usda
298208,,"Bacon strip, meatless (1 oz, raw (yield after cooking))",49.4,usda
298210,,Bacon bits (1 tablespoon),33.3,usda
298212,,"Breakfast link, pattie, or slice, meatless (1 link)",63.8,usda
298213,,"Breakfast link, pattie, or slice, meatless (1 patty)",96.9,usda
298214,,"Breakfast link, pattie, or slice, meatless (1 slice)",71.4,usda
298216,,"Chicken, meatless (1 cup)",376.3,usda
298223,,"Hot dog, vegetarian (1 item, any size)",163.1,usda
298224,,"Hot dog, vegetarian (1 cup, sliced)",326.2,usda
298226,,"Luncheon slice, meatless-beef, chicken, salami or turkey (1 thin slice)",26.5,usda
298227,,"Luncheon slice, meatless-beef, chicken, salami or turkey (1 regular slice (1 oz))",52.9,usda
298249,,"Vegetarian, fillet (1 fillet)",246.5,usda
298263,,Nuts (1 cup),866.2,usda
298264,,Nuts (1 package),305.0,usda
298265,,Nuts (1 100 calorie package),109.8,usda
298267,,Almonds (1 nut),7.2,usda
298268,,Almonds (1 cup),843.2,usda
298269,,Almonds (1 package),299.0,usda
298270,,Almonds (1 100 calorie package),107.6,usda
298271,,Almonds (1 oz),169.533,usda
298273,,"Almonds, unroasted (1 nut)",7.5,usda
298274,,"Almonds, unroasted (1 cup)",882.7,usda
298275,,"Almonds, unroasted (1 package)",313.0,usda
298276,,"Almonds, unroasted (1 100 calorie package)",112.7,usda
298277,,"Almonds, unroasted (1 oz)",177.471,usda
298279,,"Almonds, salted (1 nut)",7.2,usda
298280,,"Almonds, salted (1 cup)",847.4,usda
298281,,"Almonds, salted (1 package)",300.5,usda
298282,,"Almonds, salted (1 100 calorie package)",108.2,usda
298283,,"Almonds, salted (1 oz)",170.3835,usda
298285,,"Almonds, lightly salted (1 nut)",7.2,usda
298286,,"Almonds, lightly salted (1 cup)",851.6,usda
298287,,"Almonds, lightly salted (1 package)",302.0,usda
298288,,"Almonds, lightly salted (1 100 calorie package)",108.7,usda
298289,,"Almonds, lightly salted (1 oz)",171.234,usda
298291,,"Almonds, unsalted (1 nut)",7.3,usda
298292,,"Almonds, unsalted (1 cup)",855.9,usda
298293,,"Almonds, unsalted (1 package)",303.5,usda
298294,,"Almonds, unsalted (1 100 calorie package)",109.3,usda
298295,,"Almonds, unsalted (1 oz)",172.0845,usda
298303,,"Almonds, honey roasted (1 nut)",6.9,usda
298304,,"Almonds, honey roasted (1 cup)",816.4,usda
298305,,"Almonds, honey roasted (1 package)",289.5,usda
298306,,"Almonds, honey roasted (1 100 calorie package)",104.2,usda
298307,,"Almonds, honey roasted (1 oz)",164.1465,usda
298309,,Brazil nuts (1 nut),33.0,usda
298310,,Brazil nuts (1 cup),876.5,usda
298312,,Cashews (1 nut),8.6,usda
298313,,Cashews (1 cup),746.2,usda
298314,,Cashews (1 package),287.0,usda
298315,,Cashews (1 oz),162.729,usda
298317,,"Cashews, unroasted (1 nut)",8.6,usda
298318,,"Cashews, unroasted (1 cup)",746.2,usda
298319,,"Cashews, unroasted (1 package)",287.0,usda
298320,,"Cashews, unroasted (1 oz)",162.729,usda
298322,,"Cashews, salted (1 nut)",8.7,usda
298323,,"Cashews, salted (1 cup)",751.4,usda
298324,,"Cashews, salted (1 package)",289.0,usda
298325,,"Cashews, salted (1 oz)",163.863,usda
298327,,"Cashews, lightly salted (1 nut)",8.7,usda
298328,,"Cashews, lightly salted (1 cup)",755.3,usda
298329,,"Cashews, lightly salted (1 package)",290.5,usda
298330,,"Cashews, lightly salted (1 oz)",164.7135,usda
298327,,"Cashews, lightly salted (1 nut)",8.7,usda
298328,,"Cashews, lightly salted (1 cup)",755.3,usda
298329,,"Cashews, lightly salted (1 package)",290.5,usda
298330,,"Cashews, lightly salted (1 oz)",164.7135,usda
298332,,"Cashews, unsalted (1 nut)",8.8,usda
298333,,"Cashews, unsalted (1 cup)",759.2,usda
298334,,"Cashews, unsalted (1 package)",292.0,usda
298335,,"Cashews, unsalted (1 oz)",165.564,usda
298337,,"Cashews, honey roasted (1 nut)",8.4,usda
298338,,"Cashews, honey roasted (1 cup)",731.9,usda
298339,,"Cashews, honey roasted (1 package)",281.5,usda
298340,,"Cashews, honey roasted (1 oz)",159.6105,usda
298342,,Chestnuts (1 nut),19.6,usda
298343,,Chestnuts (1 cup),350.4,usda
298344,,Chestnuts (1 oz),69.4575,usda
298346,,"Coconut, fresh (1 cup)",300.9,usda
298348,,"Coconut, packaged (1 cup)",387.6,usda
298350,,Hazelnuts (1 nut),9.4,usda
298351,,Hazelnuts (1 cup),847.8,usda
298352,,Hazelnuts (1 package),314.0,usda
298354,,Macadamia nuts (1 nut),17.9,usda
298355,,Macadamia nuts (1 cup),945.1,usda
298356,,Macadamia nuts (1 package),358.0,usda
298357,,Macadamia nuts (1 oz),202.986,usda
298359,,Mixed nuts (1 cup),866.2,usda
298360,,Mixed nuts (1 package),305.0,usda
298362,,"Mixed nuts, unroasted (1 cup)",874.7,usda
298363,,"Mixed nuts, unroasted (1 package)",308.0,usda
298374,,"Mixed nuts, without peanuts, salted (1 cup)",880.4,usda
298375,,"Mixed nuts, without peanuts, salted (1 package)",310.0,usda
298377,,"Mixed nuts, without peanuts, unsalted (1 cup)",887.5,usda
298378,,"Mixed nuts, without peanuts, unsalted (1 package)",312.5,usda
298380,,"Mixed nuts, honey roasted (1 cup)",832.1,usda
298381,,"Mixed nuts, honey roasted (1 package)",293.0,usda
298383,,"Peanuts (1 peanut, without shell)",5.9,usda
298392,,Peanuts (1 package),293.5,usda
298384,,"Peanuts (1 peanut in shell, yields)",11.7,usda
298385,,Peanuts (1 peanut),5.9,usda
298386,,"Peanuts (1 cup, without shell)",857.0,usda
298387,,"Peanuts (1 cup, in shell, yields)",299.4,usda
298388,,Peanuts (1 cup),857.0,usda
298389,,"Peanuts (1 oz, without shell)",166.4145,usda
298390,,"Peanuts (1 oz, in shell, yields)",123.3,usda
298391,,Peanuts (1 oz),166.4145,usda
298394,,"Peanuts, boiled (1 nut)",4.8,usda
298395,,"Peanuts, boiled (1 cup)",464.3,usda
298396,,"Peanuts, boiled (1 package)",159.0,usda
298397,,"Peanuts, boiled (1 oz)",90.153,usda
298399,,"Peanuts, unroasted (1 peanut, without shell)",5.7,usda
298408,,"Peanuts, unroasted (1 package)",283.5,usda
298400,,"Peanuts, unroasted (1 peanut in shell, yields)",11.3,usda
298401,,"Peanuts, unroasted (1 peanut)",5.7,usda
298402,,"Peanuts, unroasted (1 cup, without shell)",827.8,usda
298403,,"Peanuts, unroasted (1 cup, in shell, yields)",289.2,usda
298404,,"Peanuts, unroasted (1 cup)",827.8,usda
298405,,"Peanuts, unroasted (1 oz, without shell)",160.7445,usda
298406,,"Peanuts, unroasted (1 oz, in shell, yields)",119.1,usda
298407,,"Peanuts, unroasted (1 oz)",160.7445,usda
298410,,"Peanuts, roasted, salted (1 peanut, without shell)",6.0,usda
298419,,"Peanuts, roasted, salted (1 package)",299.5,usda
298411,,"Peanuts, roasted, salted (1 peanut in shell, yields)",12.0,usda
298412,,"Peanuts, roasted, salted (1 peanut)",6.0,usda
298413,,"Peanuts, roasted, salted (1 cup, without shell)",874.5,usda
298414,,"Peanuts, roasted, salted (1 cup, in shell, yields)",305.5,usda
298415,,"Peanuts, roasted, salted (1 cup)",874.5,usda
298416,,"Peanuts, roasted, salted (1 oz, without shell)",169.8165,usda
298417,,"Peanuts, roasted, salted (1 oz, in shell, yields)",125.8,usda
298418,,"Peanuts, roasted, salted (1 oz)",169.8165,usda
298421,,"Peanuts, roasted, unsalted (1 peanut, without shell)",6.0,usda
298430,,"Peanuts, roasted, unsalted (1 package)",299.5,usda
298422,,"Peanuts, roasted, unsalted (1 peanut in shell, yields)",12.0,usda
298423,,"Peanuts, roasted, unsalted (1 peanut)",6.0,usda
298424,,"Peanuts, roasted, unsalted (1 cup, without shell)",874.5,usda
298425,,"Peanuts, roasted, unsalted (1 cup, in shell, yields)",305.5,usda
298426,,"Peanuts, roasted, unsalted (1 cup)",874.5,usda
298427,,"Peanuts, roasted, unsalted (1 oz, without shell)",169.8165,usda
298428,,"Peanuts, roasted, unsalted (1 oz, in shell, yields)",125.8,usda
298429,,"Peanuts, roasted, unsalted (1 oz)",169.8165,usda
298432,,"Peanuts, dry roasted, salted (1 peanut, without shell)",5.9,usda
298441,,"Peanuts, dry roasted, salted (1 package)",293.5,usda
298433,,"Peanuts, dry roasted, salted (1 peanut in shell, yields)",11.7,usda
298434,,"Peanuts, dry roasted, salted (1 peanut)",5.9,usda
298435,,"Peanuts, dry roasted, salted (1 cup, without shell)",857.0,usda
298436,,"Peanuts, dry roasted, salted (1 cup, in shell, yields)",299.4,usda
298437,,"Peanuts, dry roasted, salted (1 cup)",857.0,usda
298438,,"Peanuts, dry roasted, salted (1 oz, without shell)",166.4145,usda
298439,,"Peanuts, dry roasted, salted (1 oz, in shell, yields)",123.3,usda
298440,,"Peanuts, dry roasted, salted (1 oz)",166.4145,usda
298443,,"Peanuts, dry roasted, lightly salted (1 peanut, without shell)",5.8,usda
298452,,"Peanuts, dry roasted, lightly salted (1 package)",292.0,usda
298444,,"Peanuts, dry roasted, lightly salted (1 peanut in shell, yields)",11.7,usda
298445,,"Peanuts, dry roasted, lightly salted (1 peanut)",5.8,usda
298446,,"Peanuts, dry roasted, lightly salted (1 cup, without shell)",852.6,usda
298447,,"Peanuts, dry roasted, lightly salted (1 cup, in shell, yields)",297.8,usda
298448,,"Peanuts, dry roasted, lightly salted (1 cup)",852.6,usda
298449,,"Peanuts, dry roasted, lightly salted (1 oz, without shell)",165.564,usda
298450,,"Peanuts, dry roasted, lightly salted (1 oz, in shell, yields)",122.6,usda
298451,,"Peanuts, dry roasted, lightly salted (1 oz)",165.564,usda
298454,,"Peanuts, dry roasted, unsalted (1 peanut, without shell)",5.9,usda
298463,,"Peanuts, dry roasted, unsalted (1 package)",293.5,usda
298455,,"Peanuts, dry roasted, unsalted (1 peanut in shell, yields)",11.7,usda
298456,,"Peanuts, dry roasted, unsalted (1 peanut)",5.9,usda
298457,,"Peanuts, dry roasted, unsalted (1 cup, without shell)",857.0,usda
298458,,"Peanuts, dry roasted, unsalted (1 cup, in shell, yields)",299.4,usda
298459,,"Peanuts, dry roasted, unsalted (1 cup)",857.0,usda
298460,,"Peanuts, dry roasted, unsalted (1 oz, without shell)",166.4145,usda
298461,,"Peanuts, dry roasted, unsalted (1 oz, in shell, yields)",123.3,usda
298462,,"Peanuts, dry roasted, unsalted (1 oz)",166.4145,usda
298465,,"Peanuts, honey roasted (1 nut)",5.7,usda
298466,,"Peanuts, honey roasted (1 cup)",838.0,usda
298467,,"Peanuts, honey roasted (1 oz)",162.729,usda
298468,,"Peanuts, honey roasted (1 package)",287.0,usda
298470,,Pecans (1 nut),11.3,usda
298471,,Pecans (1 cup),750.0,usda
298472,,Pecans (1 package),375.0,usda
298473,,Pecans (1 oz),212.625,usda
298475,,"Pecans, unroasted (1 nut)",11.3,usda
298476,,"Pecans, unroasted (1 cup)",750.0,usda
298477,,"Pecans, unroasted (1 package)",375.0,usda
298478,,"Pecans, unroasted (1 oz)",212.625,usda
298480,,"Pecans, salted (1 nut)",11.2,usda
298481,,"Pecans, salted (1 cup)",747.0,usda
298482,,"Pecans, salted (1 package)",373.5,usda
298483,,"Pecans, salted (1 oz)",211.7745,usda
298485,,"Pecans, unsalted (1 nut)",11.3,usda
298486,,"Pecans, unsalted (1 cup)",754.0,usda
298487,,"Pecans, unsalted (1 package)",377.0,usda
298488,,"Pecans, unsalted (1 oz)",213.759,usda
298490,,"Pecans, honey roasted (1 nut)",10.2,usda
298491,,"Pecans, honey roasted (1 cup)",681.0,usda
298492,,"Pecans, honey roasted (1 package)",340.5,usda
298493,,"Pecans, honey roasted (1 oz)",193.0635,usda
298495,,Pine nuts (1 nut),1.3,usda
298496,,Pine nuts (1 cup),908.6,usda
298498,,Pistachio nuts (1 nut),2.9,usda
298499,,"Pistachio nuts (1 cup, without shell)",732.2,usda
298500,,"Pistachio nuts (1 cup, in shell, yields)",331.8,usda
298501,,Pistachio nuts (1 cup),331.8,usda
298502,,"Pistachio nuts (1 oz, without shell)",162.162,usda
298503,,"Pistachio nuts (1 oz, in shell, yields)",85.8,usda
298504,,Pistachio nuts (1 oz),162.162,usda
298505,,Pistachio nuts (1 package),286.0,usda
298507,,"Pistachio nuts, salted (1 nut)",2.9,usda
298508,,"Pistachio nuts, salted (1 cup, without shell)",737.3,usda
298509,,"Pistachio nuts, salted (1 cup, in shell, yields)",334.1,usda
298510,,"Pistachio nuts, salted (1 cup)",334.1,usda
298511,,"Pistachio nuts, salted (1 oz, without shell)",163.296,usda
298512,,"Pistachio nuts, salted (1 oz, in shell, yields)",86.4,usda
298513,,"Pistachio nuts, salted (1 oz)",163.296,usda
298514,,"Pistachio nuts, salted (1 package)",288.0,usda
298516,,"Pistachio nuts, lightly salted (1 nut)",2.9,usda
298517,,"Pistachio nuts, lightly salted (1 cup, without shell)",741.1,usda
298518,,"Pistachio nuts, lightly salted (1 cup, in shell, yields)",335.8,usda
298519,,"Pistachio nuts, lightly salted (1 cup)",335.8,usda
298520,,"Pistachio nuts, lightly salted (1 oz, without shell)",164.1465,usda
298521,,"Pistachio nuts, lightly salted (1 oz, in shell, yields)",86.9,usda
298522,,"Pistachio nuts, lightly salted (1 oz)",164.1465,usda
298523,,"Pistachio nuts, lightly salted (1 package)",289.5,usda
298525,,"Pistachio nuts, unsalted (1 nut)",2.9,usda
298526,,"Pistachio nuts, unsalted (1 cup, without shell)",745.0,usda
298527,,"Pistachio nuts, unsalted (1 cup, in shell, yields)",337.6,usda
298528,,"Pistachio nuts, unsalted (1 cup)",337.6,usda
298529,,"Pistachio nuts, unsalted (1 oz, without shell)",164.997,usda
298530,,"Pistachio nuts, unsalted (1 oz, in shell, yields)",87.3,usda
298531,,"Pistachio nuts, unsalted (1 oz)",164.997,usda
298532,,"Pistachio nuts, unsalted (1 package)",291.0,usda
298534,,"Walnuts, excluding honey roasted (1 nut)",14.6,usda
298535,,"Walnuts, excluding honey roasted (1 cup)",876.0,usda
298536,,"Walnuts, excluding honey roasted (1 package)",365.0,usda
298537,,"Walnuts, excluding honey roasted (1 oz)",206.955,usda
298539,,"Walnuts, honey roasted (1 nut)",13.4,usda
298540,,"Walnuts, honey roasted (1 cup)",801.6,usda
298541,,"Walnuts, honey roasted (1 package)",334.0,usda
298542,,"Walnuts, honey roasted (1 oz)",189.378,usda
298544,,Almond butter (1 tablespoon),102.6,usda
298548,,"Almond butter, lower sodium (1 tablespoon)",103.2,usda
298552,,"Almond paste (1 cup, well packed)",1039.7,usda
298554,,Cashew butter (1 tablespoon),97.4,usda
298558,,Peanut butter (1 tablespoon),95.7,usda
298559,,Peanut butter (1 single serving),269.1,usda
298563,,"Peanut butter, lower sodium (1 tablespoon)",95.7,usda
298564,,"Peanut butter, lower sodium (1 single serving)",269.1,usda
298572,,"Peanut butter, lower sugar (1 tablespoon)",104.0,usda
298576,,"Peanut butter, reduced fat (1 tablespoon)",83.2,usda
298592,,Soy nut butter (1 tablespoon),98.1,usda
298659,,"Coconut milk, used in cooking (1 fl oz)",69.0,usda
298661,,"Yogurt, coconut milk (1 5.3 oz container)",162.0,usda
298662,,"Yogurt, coconut milk (1 6 oz container)",183.6,usda
298663,,"Yogurt, coconut milk (1 container)",162.0,usda
298664,,"Yogurt, coconut milk (1 cup)",244.1,usda
298666,,"Yogurt, almond milk (1 5.3 oz container)",192.0,usda
298667,,"Yogurt, almond milk (1 6 oz container)",217.6,usda
298668,,"Yogurt, almond milk (1 container)",192.0,usda
298669,,"Yogurt, almond milk (1 cup)",289.3,usda
298675,,"Coconut water, unsweetened (1 fl oz (no ice))",5.4,usda
298676,,"Coconut water, unsweetened (1 fl oz (with ice))",4.1,usda
298677,,"Coconut water, unsweetened (1 fl oz (NFS))",5.4,usda
298678,,"Coconut water, unsweetened (1 coconut yields)",37.1,usda
298686,,Trail mix (1 cup),635.6,usda
298687,,Trail mix (1 package),227.0,usda
298701,,"Pumpkin seeds (1 cup, without shell)",826.6,usda
298702,,"Pumpkin seeds (1 cup, in shell, yields)",264.0,usda
298703,,Pumpkin seeds (1 cup),264.0,usda
298704,,"Pumpkin seeds (1 oz, without shell)",162.729,usda
298705,,"Pumpkin seeds (1 oz, in shell, yields)",86.1,usda
298706,,Pumpkin seeds (1 oz),162.729,usda
298707,,Pumpkin seeds (1 package),287.0,usda
298709,,"Pumpkin seeds, salted (1 cup, without shell)",816.5,usda
298710,,"Pumpkin seeds, salted (1 cup, in shell, yields)",260.8,usda
298711,,"Pumpkin seeds, salted (1 cup)",260.8,usda
298712,,"Pumpkin seeds, salted (1 oz, without shell)",160.7445,usda
298713,,"Pumpkin seeds, salted (1 oz, in shell, yields)",85.1,usda
298714,,"Pumpkin seeds, salted (1 oz)",160.7445,usda
298715,,"Pumpkin seeds, salted (1 package)",283.5,usda
298717,,"Pumpkin seeds, unsalted (1 cup, without shell)",826.6,usda
298718,,"Pumpkin seeds, unsalted (1 cup, in shell, yields)",264.0,usda
298719,,"Pumpkin seeds, unsalted (1 cup)",264.0,usda
298720,,"Pumpkin seeds, unsalted (1 oz, without shell)",162.729,usda
298721,,"Pumpkin seeds, unsalted (1 oz, in shell, yields)",86.1,usda
298722,,"Pumpkin seeds, unsalted (1 oz)",162.729,usda
298723,,"Pumpkin seeds, unsalted (1 package)",287.0,usda
298725,,"Sunflower seeds, plain, unsalted (1 cup, without shell)",838.1,usda
298726,,"Sunflower seeds, plain, unsalted (1 cup, in shell, yields)",267.7,usda
298727,,"Sunflower seeds, plain, unsalted (1 cup)",267.7,usda
298728,,"Sunflower seeds, plain, unsalted (1 oz, without shell)",164.997,usda
298729,,"Sunflower seeds, plain, unsalted (1 oz, in shell, yields)",87.3,usda
298730,,"Sunflower seeds, plain, unsalted (1 oz)",164.997,usda
298731,,"Sunflower seeds, plain, unsalted (1 package)",291.0,usda
298733,,"Sunflower seeds, plain, salted (1 cup, without shell)",828.0,usda
298734,,"Sunflower seeds, plain, salted (1 cup, in shell, yields)",264.5,usda
298735,,"Sunflower seeds, plain, salted (1 cup)",264.5,usda
298736,,"Sunflower seeds, plain, salted (1 oz, without shell)",163.0125,usda
298737,,"Sunflower seeds, plain, salted (1 oz, in shell, yields)",86.3,usda
298738,,"Sunflower seeds, plain, salted (1 oz)",163.0125,usda
298739,,"Sunflower seeds, plain, salted (1 package)",287.5,usda
298749,,"Sunflower seeds (1 cup, without shell)",838.1,usda
298750,,"Sunflower seeds (1 cup, in shell, yields)",267.7,usda
298751,,Sunflower seeds (1 cup),267.7,usda
298752,,"Sunflower seeds (1 oz, without shell)",164.997,usda
298753,,"Sunflower seeds (1 oz, in shell, yields)",87.3,usda
298754,,Sunflower seeds (1 oz),164.997,usda
298755,,Sunflower seeds (1 package),291.0,usda
298757,,Sesame seeds (1 cup),807.7,usda
298759,,Tahini (1 tablespoon),104.6,usda
298762,,Flax seeds (1 cup),915.6,usda
298764,,Mixed seeds (1 cup),841.0,usda
298766,,Chia seeds (1 cup),816.5,usda
298768,,Bread (1 small or thin/very thin slice),64.1,usda
298769,,Bread (1 medium or regular slice),74.8,usda
298770,,Bread (1 large or thick slice),114.8,usda
298771,,"Bread (1 slice, crust not eaten)",34.7,usda
298772,,"Bread (1 slice, snack-size)",26.7,usda
298774,,"Bread, toasted (1 small or thin/very thin slice)",64.5,usda
298775,,"Bread, toasted (1 medium or regular slice)",73.3,usda
298776,,"Bread, toasted (1 large or thick slice)",114.3,usda
298777,,"Bread, toasted (1 slice, crust not eaten)",35.2,usda
298778,,"Bread, toasted (1 slice, snack-size)",26.4,usda
298780,,"Bread, made from home recipe or purchased at a bakery (1 small or thin/very thin slice)",89.8,usda
298781,,"Bread, made from home recipe or purchased at a bakery (1 medium or regular slice)",119.7,usda
298782,,"Bread, made from home recipe or purchased at a bakery (1 large or thick slice)",149.6,usda
298783,,"Bread, made from home recipe or purchased at a bakery (1 slice, crust not eaten)",54.4,usda
298784,,"Bread, made from home recipe or purchased at a bakery (1 individual loaf)",223.0,usda
298785,,"Bread, made from home recipe or purchased at a bakery (1 cubic inch)",12.8,usda
298787,,"Bread, made from home recipe or purchased at a bakery, toasted (1 small or thin/very thin slice)",89.7,usda
298788,,"Bread, made from home recipe or purchased at a bakery, toasted (1 medium or regular slice)",119.6,usda
298789,,"Bread, made from home recipe or purchased at a bakery, toasted (1 large or thick slice)",149.5,usda
298790,,"Bread, made from home recipe or purchased at a bakery, toasted (1 slice, crust not eaten)",53.8,usda
298791,,"Bread, made from home recipe or purchased at a bakery, toasted (1 cubic inch)",12.9,usda
298799,,Roll (1 hamburger bun),145.1,usda
298800,,Roll (1 foot long hot dog bun),231.6,usda
298794,,Roll (1 miniature/small roll),78.1,usda
298795,,Roll (1 medium/regular/sandwich size roll),120.0,usda
298796,,Roll (1 large roll),145.1,usda
298797,,Roll (1 extra large roll),189.7,usda
298798,,Roll (1 hot dog bun),125.6,usda
298801,,"Roll, hard (1 miniature/small roll)",73.3,usda
298802,,"Roll, hard (1 medium/regular/sandwich size roll)",164.1,usda
298803,,"Roll, hard (1 large roll)",181.7,usda
298804,,"Roll, hard (1 cubic inch)",6.7,usda
298807,,"Roll, bran (1 miniature/small roll)",73.6,usda
298808,,"Roll, bran (1 medium/regular/sandwich size roll)",94.7,usda
298809,,"Bread, white (1 small or thin/very thin slice)",64.1,usda
298810,,"Bread, white (1 medium or regular slice)",74.8,usda
298811,,"Bread, white (1 large or thick slice)",114.8,usda
298812,,"Bread, white (1 slice, crust not eaten)",34.7,usda
298813,,"Bread, white (1 slice, snack-size)",26.7,usda
298814,,"Bread, white (1 cup)",106.8,usda
298815,,"Bread, white (1 cubic inch)",7.5,usda
298817,,"Bread, white, toasted (1 small or thin/very thin slice)",64.5,usda
298818,,"Bread, white, toasted (1 medium or regular slice)",73.3,usda
298819,,"Bread, white, toasted (1 large or thick slice)",114.3,usda
298820,,"Bread, white, toasted (1 slice, crust not eaten)",35.2,usda
298821,,"Bread, white, toasted (1 slice, snack-size)",26.4,usda
298822,,"Bread, white, toasted (1 cup)",117.2,usda
298823,,"Bread, white, toasted (1 cubic inch)",11.4,usda
298825,,"Bread, white, made from home recipe or purchased at a bakery (1 small or thin/very thin slice)",89.8,usda
298826,,"Bread, white, made from home recipe or purchased at a bakery (1 medium or regular slice)",119.7,usda
298827,,"Bread, white, made from home recipe or purchased at a bakery (1 large or thick slice)",149.6,usda
298828,,"Bread, white, made from home recipe or purchased at a bakery (1 slice, crust not eaten)",54.4,usda
298829,,"Bread, white, made from home recipe or purchased at a bakery (1 individual loaf)",223.0,usda
298830,,"Bread, white, made from home recipe or purchased at a bakery (1 cubic inch)",12.8,usda
298832,,"Bread, white, made from home recipe or purchased at a bakery, toasted (1 small or thin/very thin slice)",89.7,usda
298833,,"Bread, white, made from home recipe or purchased at a bakery, toasted (1 medium or regular slice)",119.6,usda
298834,,"Bread, white, made from home recipe or purchased at a bakery, toasted (1 large or thick slice)",149.5,usda
298835,,"Bread, white, made from home recipe or purchased at a bakery, toasted (1 slice, crust not eaten)",53.8,usda
298836,,"Bread, white, made from home recipe or purchased at a bakery, toasted (1 cubic inch)",12.9,usda
298850,,"Bread, Cuban (1 small or thin/very thin slice)",27.2,usda
298851,,"Bread, Cuban (1 medium or regular slice)",54.4,usda
298852,,"Bread, Cuban (1 large or thick slice)",81.6,usda
298853,,"Bread, Cuban (1 slice, crust not eaten)",24.5,usda
298854,,"Bread, Cuban (1 loaf (13"" long))",3223.2,usda
298856,,"Bread, Cuban, toasted (1 small or thin/very thin slice)",26.9,usda
298857,,"Bread, Cuban, toasted (1 medium or regular slice)",53.8,usda
298858,,"Bread, Cuban, toasted (1 large or thick slice)",80.7,usda
298859,,"Bread, Cuban, toasted (1 slice, crust not eaten)",23.9,usda
298861,,"Bread, native, water, Puerto Rican style (1 slice)",69.8,usda
298863,,"Bread, native, water, toasted, Puerto Rican style (1 slice)",70.4,usda
298865,,"Bread, lard, Puerto Rican style (1 slice)",70.5,usda
298867,,"Bread, lard, toasted, Puerto Rican style (1 slice)",72.2,usda
298869,,"Bread, French or Vienna (1 small or thin/very thin slice)",87.0,usda
298878,,"Bread, French or Vienna (1 loaf (14"" long))",1278.4,usda
298879,,"Bread, French or Vienna (1 cup)",122.4,usda
298880,,"Bread, French or Vienna (1 cubic inch)",10.1,usda
298870,,"Bread, French or Vienna (1 medium or regular slice)",174.1,usda
298871,,"Bread, French or Vienna (1 large or thick slice)",261.1,usda
298872,,"Bread, French or Vienna (1 slice, crust not eaten)",84.3,usda
298873,,"Bread, French or Vienna (1 slice, snack-size)",27.2,usda
298874,,"Bread, French or Vienna (1 slice, Vienna bread)",76.2,usda
298875,,"Bread, French or Vienna (1 individual loaf)",223.0,usda
298876,,"Bread, French or Vienna (1 mini baguette (about 9"" long))",413.4,usda
298877,,"Bread, French or Vienna (1 baguette (about 22"" long))",881.3,usda
298882,,"Bread, French or Vienna, toasted (1 small or thin/very thin slice)",86.7,usda
298883,,"Bread, French or Vienna, toasted (1 medium or regular slice)",176.4,usda
298884,,"Bread, French or Vienna, toasted (1 large or thick slice)",263.1,usda
298885,,"Bread, French or Vienna, toasted (1 slice, crust not eaten)",83.7,usda
298886,,"Bread, French or Vienna, toasted (1 slice, snack-size)",26.9,usda
298887,,"Bread, French or Vienna, toasted (1 slice, Vienna bread)",77.7,usda
298888,,"Bread, French or Vienna, toasted (1 loaf (14"" long))",1279.7,usda
298889,,"Bread, French or Vienna, toasted (1 cubic inch)",10.2,usda
298891,,"Focaccia, Italian, plain (1 slice)",141.9,usda
298892,,"Focaccia, Italian, plain (1 whole (6"" dia))",283.9,usda
298893,,"Focaccia, Italian, plain (1 whole (12"" dia))",709.7,usda
298894,,"Focaccia, Italian, plain (1 whole (16"" dia))",1135.4,usda
298895,,"Focaccia, Italian, plain (1 surface inch)",10.0,usda
298897,,"Bread, naan (1 piece (1/4 of 10"" dia))",136.8,usda
298898,,"Bread, naan (1 Naan (10"" dia))",550.5,usda
298899,,"Bread, naan (1 surface inch)",7.5,usda
298901,,"Bread, Italian, Grecian, Armenian (1 small or thin/very thin slice)",62.2,usda
298902,,"Bread, Italian, Grecian, Armenian (1 medium or regular slice)",80.3,usda
298903,,"Bread, Italian, Grecian, Armenian (1 large or thick slice)",111.4,usda
298904,,"Bread, Italian, Grecian, Armenian (1 slice, crust not eaten)",36.3,usda
298905,,"Bread, Italian, Grecian, Armenian (1 slice, snack-size)",25.9,usda
298906,,"Bread, Italian, Grecian, Armenian (1 individual loaf)",212.4,usda
298907,,"Bread, Italian, Grecian, Armenian (1 loaf (10-3/4"" long))",1175.9,usda
298908,,"Bread, Italian, Grecian, Armenian (1 cubic inch)",6.7,usda
298910,,"Bread, Italian, Grecian, Armenian, toasted (1 small or thin/very thin slice)",62.7,usda
298911,,"Bread, Italian, Grecian, Armenian, toasted (1 medium or regular slice)",79.8,usda
298912,,"Bread, Italian, Grecian, Armenian, toasted (1 large or thick slice)",111.2,usda
298913,,"Bread, Italian, Grecian, Armenian, toasted (1 slice, crust not eaten)",37.1,usda
298914,,"Bread, Italian, Grecian, Armenian, toasted (1 slice, snack-size)",25.7,usda
298915,,"Bread, Italian, Grecian, Armenian, toasted (1 loaf (10-3/4"" long))",1177.1,usda
298916,,"Bread, Italian, Grecian, Armenian, toasted (1 cubic inch)",6.8,usda
298918,,"Bread, pita (1 small pita)",77.0,usda
298919,,"Bread, pita (1 medium pita)",156.8,usda
298920,,"Bread, pita (1 large pita)",233.8,usda
298921,,"Bread, pita (1 extra large pita)",313.5,usda
298922,,"Bread, pita (1 surface inch)",5.5,usda
298930,,"Bread, cheese (1 small or thin/very thin slice)",97.9,usda
298931,,"Bread, cheese (1 medium or regular slice)",114.2,usda
298932,,"Bread, cheese (1 large or thick slice)",175.4,usda
298933,,"Bread, cheese (1 slice, crust not eaten)",53.0,usda
298934,,"Bread, cheese (1 slice, snack-size)",40.8,usda
298935,,"Bread, cheese (1 cubic inch)",10.6,usda
298937,,"Bread, cheese, toasted (1 small or thin/very thin slice)",98.6,usda
298938,,"Bread, cheese, toasted (1 medium or regular slice)",112.0,usda
298939,,"Bread, cheese, toasted (1 large or thick slice)",174.7,usda
298940,,"Bread, cheese, toasted (1 slice, crust not eaten)",53.8,usda
298941,,"Bread, cheese, toasted (1 slice, snack-size)",40.3,usda
298942,,"Bread, cheese, toasted (1 cubic inch)",10.8,usda
298944,,"Bread, cinnamon (1 small or thin/very thin slice)",60.7,usda
298945,,"Bread, cinnamon (1 medium or regular slice)",70.8,usda
298946,,"Bread, cinnamon (1 large or thick slice)",108.8,usda
298947,,"Bread, cinnamon (1 slice, crust not eaten)",32.9,usda
298948,,"Bread, cinnamon (1 slice, snack-size)",25.3,usda
298951,,"Bread, cinnamon, toasted (1 small or thin/very thin slice)",64.5,usda
298952,,"Bread, cinnamon, toasted (1 medium or regular slice)",73.3,usda
298953,,"Bread, cinnamon, toasted (1 large or thick slice)",114.3,usda
298954,,"Bread, cinnamon, toasted (1 slice, crust not eaten)",35.2,usda
298955,,"Bread, cinnamon, toasted (1 slice, snack-size)",26.4,usda
298968,,"Bread, egg, Challah (1 small or thin/very thin slice)",68.9,usda
298969,,"Bread, egg, Challah (1 medium or regular slice)",89.0,usda
298970,,"Bread, egg, Challah (1 large or thick slice)",123.4,usda
298971,,"Bread, egg, Challah (1 slice, crust not eaten)",40.2,usda
298972,,"Bread, egg, Challah (1 cubic inch)",10.6,usda
298974,,"Bread, egg, Challah, toasted (1 small or thin/very thin slice)",56.7,usda
298975,,"Bread, egg, Challah, toasted (1 medium or regular slice)",88.2,usda
298976,,"Bread, egg, Challah, toasted (1 large or thick slice)",122.9,usda
298977,,"Bread, egg, Challah, toasted (1 slice, crust not eaten)",41.0,usda
298979,,Garlic bread (1 small slice),136.1,usda
298980,,Garlic bread (1 medium slice),275.7,usda
298981,,Garlic bread (1 large slice),411.8,usda
298982,,Garlic bread (1 piece/slice Texas Toast),143.1,usda
298983,,"Garlic bread (1 baguette (about 22"" long))",1371.6,usda
298984,,"Garlic bread (1 mini baguette (about 9"" long))",645.7,usda
298993,,"Garlic bread, from frozen (1 small slice)",129.5,usda
298994,,"Garlic bread, from frozen (1 medium slice)",259.0,usda
298995,,"Garlic bread, from frozen (1 large slice)",388.5,usda
298996,,"Garlic bread, from frozen (1 piece/slice Texas Toast)",140.0,usda
298997,,"Garlic bread, from frozen (1 baguette (about 22"" long))",1316.0,usda
298998,,"Garlic bread, from frozen (1 mini baguette (about 9"" long))",616.0,usda
299028,,"Bread, onion (1 small or thin/very thin slice)",57.1,usda
299029,,"Bread, onion (1 medium or regular slice)",73.8,usda
299030,,"Bread, onion (1 large or thick slice)",102.3,usda
299031,,"Bread, onion (1 slice, crust not eaten)",33.3,usda
299032,,"Bread, onion (1 slice, snack-size)",23.8,usda
299033,,"Bread, onion (1 cubic inch)",11.2,usda
299035,,"Bread, onion, toasted (1 small or thin/very thin slice)",47.2,usda
299036,,"Bread, onion, toasted (1 medium or regular slice)",73.4,usda
299037,,"Bread, onion, toasted (1 large or thick slice)",102.2,usda
299038,,"Bread, onion, toasted (1 slice, crust not eaten)",34.1,usda
299039,,"Bread, onion, toasted (1 slice, snack-size)",23.6,usda
299040,,"Bread, onion, toasted (1 cubic inch)",11.3,usda
299067,,"Bread, white, special formula, added fiber (1 small or thin/very thin slice)",57.1,usda
299068,,"Bread, white, special formula, added fiber (1 medium or regular slice)",66.6,usda
299069,,"Bread, white, special formula, added fiber (1 large or thick slice)",102.3,usda
299070,,"Bread, white, special formula, added fiber (1 slice, crust not eaten)",30.9,usda
299071,,"Bread, white, special formula, added fiber (1 slice, snack-size)",23.8,usda
299073,,"Bread, white, special formula, added fiber, toasted (1 small or thin/very thin slice)",57.6,usda
299074,,"Bread, white, special formula, added fiber, toasted (1 medium or regular slice)",65.5,usda
299075,,"Bread, white, special formula, added fiber, toasted (1 large or thick slice)",102.2,usda
299076,,"Bread, white, special formula, added fiber, toasted (1 slice, crust not eaten)",31.4,usda
299077,,"Bread, white, special formula, added fiber, toasted (1 slice, snack-size)",23.6,usda
299079,,"Bread, high protein, toasted (1 small or thin/very thin slice)",59.2,usda
299080,,"Bread, high protein, toasted (1 medium or regular slice)",67.3,usda
299081,,"Bread, high protein, toasted (1 large or thick slice)",104.9,usda
299082,,"Bread, high protein, toasted (1 slice, crust not eaten)",32.3,usda
299083,,"Bread, high protein, toasted (1 slice, snack-size)",24.2,usda
299084,,"Bread, potato (1 small or thin/very thin slice)",69.2,usda
299085,,"Bread, potato (1 medium or regular slice)",90.4,usda
299086,,"Bread, potato (1 large or thick slice)",114.4,usda
299087,,"Bread, potato (1 slice, crust not eaten)",42.6,usda
299088,,"Bread, potato (1 slice, snack-size)",26.6,usda
299090,,"Bread, potato, toasted (1 small or thin/very thin slice)",70.1,usda
299091,,"Bread, potato, toasted (1 medium or regular slice)",90.5,usda
299092,,"Bread, potato, toasted (1 large or thick slice)",113.9,usda
299093,,"Bread, potato, toasted (1 slice, crust not eaten)",43.8,usda
299094,,"Bread, potato, toasted (1 slice, snack-size)",26.3,usda
299101,,"Bread, raisin (1 slice, snack-size)",27.0,usda
299097,,"Bread, raisin (1 small or thin/very thin slice)",64.8,usda
299098,,"Bread, raisin (1 medium or regular slice)",75.6,usda
299099,,"Bread, raisin (1 large or thick slice)",116.1,usda
299100,,"Bread, raisin (1 slice, crust not eaten)",35.1,usda
299103,,"Bread, raisin, toasted (1 small or thin/very thin slice)",65.3,usda
299104,,"Bread, raisin, toasted (1 medium or regular slice)",74.3,usda
299105,,"Bread, raisin, toasted (1 large or thick slice)",115.8,usda
299106,,"Bread, raisin, toasted (1 slice, crust not eaten)",35.6,usda
299107,,"Bread, raisin, toasted (1 slice, snack-size)",26.7,usda
299108,,"Bread, sour dough (1 small or thin/very thin slice)",65.3,usda
299109,,"Bread, sour dough (1 medium or regular slice)",84.3,usda
299110,,"Bread, sour dough (1 large or thick slice)",117.0,usda
299111,,"Bread, sour dough (1 slice, crust not eaten)",38.1,usda
299112,,"Bread, sour dough (1 slice, snack-size)",27.2,usda
299113,,"Bread, sour dough (1 individual loaf)",223.0,usda
299114,,"Bread, sour dough (1 cubic inch)",7.1,usda
299116,,"Bread, sour dough, toasted (1 small or thin/very thin slice)",65.8,usda
299117,,"Bread, sour dough, toasted (1 medium or regular slice)",83.7,usda
299118,,"Bread, sour dough, toasted (1 large or thick slice)",116.6,usda
299119,,"Bread, sour dough, toasted (1 slice, crust not eaten)",38.9,usda
299120,,"Bread, sour dough, toasted (1 slice, snack-size)",26.9,usda
299121,,"Bread, sour dough, toasted (1 cubic inch)",7.2,usda
299124,,"Bread, sweet potato (1 small or thin/very thin slice)",57.8,usda
299125,,"Bread, sweet potato (1 medium or regular slice)",67.5,usda
299126,,"Bread, sweet potato (1 large or thick slice)",103.6,usda
299127,,"Bread, sweet potato (1 slice, crust not eaten)",31.3,usda
299128,,"Bread, sweet potato (1 slice, snack-size)",24.1,usda
299129,,"Bread, sweet potato, toasted (1 small or thin/very thin slice)",58.3,usda
299130,,"Bread, sweet potato, toasted (1 medium or regular slice)",66.3,usda
299131,,"Bread, sweet potato, toasted (1 large or thick slice)",103.4,usda
299132,,"Bread, sweet potato, toasted (1 slice, crust not eaten)",31.8,usda
299133,,"Bread, sweet potato, toasted (1 slice, snack-size)",23.9,usda
299135,,"Bread, vegetable (1 slice)",114.0,usda
299136,,"Bread, vegetable (1 cubic inch)",12.2,usda
299138,,"Bread, vegetable, toasted (1 slice)",113.6,usda
299139,,"Bread, vegetable, toasted (1 cubic inch)",12.2,usda
299141,,Bruschetta (1 slice),73.5,usda
299142,,"Bruschetta (1 slice, snack-size)",23.9,usda
299143,,Bruschetta (1 small or thin/very thin slice),54.7,usda
299144,,Bruschetta (1 medium or regular slice),73.5,usda
299145,,Bruschetta (1 large or thick slice),100.9,usda
299153,,"Roll, white, soft (1 miniature/small roll)",78.1,usda
299154,,"Roll, white, soft (1 medium/regular/sandwich size roll)",120.0,usda
299155,,"Roll, white, soft (1 large roll)",145.1,usda
299156,,"Roll, white, soft (1 extra large roll)",189.7,usda
299157,,"Roll, white, soft (1 cubic inch)",8.1,usda
299159,,"Roll, white, hard (1 miniature/small roll)",73.3,usda
299160,,"Roll, white, hard (1 medium/regular/sandwich size roll)",164.1,usda
299161,,"Roll, white, hard (1 large (include Kaiser))",181.7,usda
299162,,"Roll, white, hard (1 cubic inch)",6.7,usda
299164,,"Roll, white, hot dog bun (1 hot dog bun)",120.2,usda
299165,,"Roll, white, hot dog bun (1 foot long hot dog bun)",221.6,usda
299170,,"Roll, diet (1 roll)",76.2,usda
299172,,"Roll, egg bread (1 roll)",80.4,usda
299174,,"Roll, cheese (1 roll)",129.2,usda
299176,,"Roll, French or Vienna (1 small (10 per 12 oz package))",92.5,usda
299177,,"Roll, French or Vienna (1 medium)",122.4,usda
299178,,"Roll, French or Vienna (1 large (6 per 12 oz package))",155.0,usda
299181,,"Roll, garlic (1 miniature/small roll)",86.5,usda
299182,,"Roll, garlic (1 medium/regular/sandwich size roll)",108.2,usda
299183,,"Roll, garlic (1 large roll)",132.9,usda
299184,,"Roll, white, hoagie, submarine (1 small (5-1/2"" long))",203.7,usda
299185,,"Roll, white, hoagie, submarine (1 medium (8"" long))",295.7,usda
299186,,"Roll, white, hoagie, submarine (1 large (11-1/2"" long))",426.9,usda
299189,,"Roll, Mexican, bolillo (1 miniature/small roll)",241.7,usda
299190,,"Roll, Mexican, bolillo (1 medium/regular/sandwich size roll)",372.1,usda
299191,,"Roll, Mexican, bolillo (1 large roll)",515.2,usda
299193,,"Roll, sour dough (1 miniature/small roll)",92.5,usda
299194,,"Roll, sour dough (1 medium/regular/sandwich size roll)",122.4,usda
299195,,"Roll, sour dough (1 large roll)",155.0,usda
299211,,"Roll, sweet, cinnamon bun, frosted (1 small)",244.1,usda
299219,,"Roll, sweet, cinnamon bun, frosted (1 Pizza Hut stick)",122.0,usda
299220,,"Roll, sweet, cinnamon bun, frosted (1 Papa John stick)",189.8,usda
299212,,"Roll, sweet, cinnamon bun, frosted (1 medium)",406.8,usda
299213,,"Roll, sweet, cinnamon bun, frosted (1 large)",691.6,usda
299214,,"Roll, sweet, cinnamon bun, frosted (1 Little Debbie)",298.3,usda
299215,,"Roll, sweet, cinnamon bun, frosted (1 Cinnabon)",1084.8,usda
299216,,"Roll, sweet, cinnamon bun, frosted (1 cubic inch)",29.4,usda
299218,,"Roll, sweet, cinnamon bun, frosted (1 miniature roll)",135.6,usda
299221,,Pan dulce (1 miniature),148.4,usda
299222,,Pan dulce (1 small),259.7,usda
299223,,Pan dulce (1 medium),345.0,usda
299224,,Pan dulce (1 large),430.4,usda
299244,,"Roll, sweet, frosted (1 small)",218.2,usda
299245,,"Roll, sweet, frosted (1 large)",335.3,usda
299246,,"Roll, sweet, frosted (1 cubic inch)",26.3,usda
299248,,"Roll, sweet, frosted (1 miniature)",121.2,usda
299249,,"Roll, sweet, frosted (1 medium)",363.6,usda
299250,,"Pan Dulce, no topping (1 miniature)",110.1,usda
299251,,"Pan Dulce, no topping (1 small)",205.5,usda
299252,,"Pan Dulce, no topping (1 medium)",278.9,usda
299253,,"Pan Dulce, no topping (1 large)",352.3,usda
299268,,Croissant (1 mini croissant),113.7,usda
299270,,Croissant (1 small croissant),170.5,usda
299271,,Croissant (1 medium croissant),231.4,usda
299272,,Croissant (1 large croissant),296.4,usda
299273,,Croissant (1 crescent roll),113.7,usda
299274,,"Croissant, cheese (1 croissant)",236.0,usda
299277,,"Croissant, chocolate (1 croissant)",240.0,usda
299279,,"Croissant, fruit (1 croissant)",225.7,usda
299280,,Brioche (1 piece),328.8,usda
299282,,"Bread, Spanish coffee (1 piece)",295.8,usda
299289,,Bagel (1 Bagel Thin),121.4,usda
299285,,Bagel (1 miniature),68.6,usda
299286,,Bagel (1 small),182.2,usda
299287,,Bagel (1 regular),277.2,usda
299288,,Bagel (1 large),345.8,usda
299302,,Bread stuffing (1 cubic inch),17.7,usda
299303,,"Bread stuffing (1 cup, dry mix, prepared)",403.6,usda
299305,,Bread stuffing (1 cup),354.0,usda
299308,,Breadsticks (1 small stick),95.8,usda
299309,,Breadsticks (1 medium stick),147.1,usda
299310,,Breadsticks (1 large stick),181.3,usda
299312,,"Breadsticks, hard (1 snack size stick)",8.2,usda
299313,,"Breadsticks, hard (1 small stick)",20.6,usda
299314,,"Breadsticks, hard (1 medium stick)",41.2,usda
299315,,"Breadsticks, hard (1 large stick)",82.4,usda
299316,,"Breadsticks, hard (1 extra large stick)",144.2,usda
299317,,"Breadsticks, hard (1 cup)",189.5,usda
299319,,"Breadsticks, hard, reduced sodium (1 snack size stick)",8.7,usda
299320,,"Breadsticks, hard, reduced sodium (1 small stick)",21.7,usda
299321,,"Breadsticks, hard, reduced sodium (1 medium stick)",43.4,usda
299322,,"Breadsticks, hard, reduced sodium (1 large stick)",86.8,usda
299323,,"Breadsticks, hard, reduced sodium (1 extra large stick)",151.9,usda
299324,,"Breadsticks, hard, reduced sodium (1 cup)",199.6,usda
299326,,"Breadsticks, soft (1 small stick)",95.8,usda
299327,,"Breadsticks, soft (1 medium stick)",147.1,usda
299328,,"Breadsticks, soft (1 large stick)",181.3,usda
299335,,"Breadsticks, soft, frozen (1 small stick)",81.4,usda
299336,,"Breadsticks, soft, frozen (1 medium stick)",125.2,usda
299337,,"Breadsticks, soft, frozen (1 large stick)",156.5,usda
299338,,"Breadsticks, soft, frozen (1 garlic knot)",106.4,usda
299351,,Croutons (1 cup),186.0,usda
299352,,Croutons (1 fast food package),55.8,usda
299353,,Croutons (4 cubes),4.7,usda
299355,,"Muffin, English (1 muffin)",131.7,usda
299356,,"Muffin, English (1 sandwich size muffin)",208.8,usda
299357,,"Muffin, English (1 crumpet)",102.2,usda
299361,,"Muffin, English, cheese (1 muffin)",136.9,usda
299365,,Melba toast (1 cracker),19.5,usda
299366,,Melba toast (1 melba toast),19.5,usda
299367,,Melba toast (1 crostini),19.5,usda
299368,,Melba toast (1 cup),117.0,usda
299370,,Anisette toast (1 piece),37.3,usda
299372,,Pannetone (1 slice),87.8,usda
299374,,Zwieback toast (1 piece),21.3,usda
299375,,Zwieback toast (1 rusk),42.6,usda
299376,,Zwieback toast (1 Gerber Zwieback toast),21.3,usda
299378,,"Bread, whole grain white (1 slice, crust not eaten)",38.1,usda
299380,,"Bread, whole grain white (1 small or thin/very thin slice)",57.1,usda
299381,,"Bread, whole grain white (1 medium or regular slice)",85.7,usda
299382,,"Bread, whole grain white (1 large or thick slice)",102.3,usda
299383,,"Bread, whole grain white (1 slice, snack-size)",23.8,usda
299384,,"Bread, whole grain white, toasted (1 large or thick slice)",102.2,usda
299385,,"Bread, whole grain white, toasted (1 slice, crust not eaten)",39.3,usda
299387,,"Bread, whole grain white, toasted (1 small or thin/very thin slice)",57.6,usda
299388,,"Bread, whole grain white, toasted (1 medium or regular slice)",86.5,usda
299389,,"Bread, whole grain white, toasted (1 slice, snack-size)",23.6,usda
299390,,"Bagel, whole grain white (1 miniature)",65.0,usda
299391,,"Bagel, whole grain white (1 small)",172.5,usda
299392,,"Bagel, whole grain white (1 regular)",262.5,usda
299393,,"Bagel, whole grain white (1 large)",327.5,usda
299395,,"Bagel, whole grain white (1 Bagel Thin)",115.0,usda
299396,,"Bread, whole wheat (1 small or thin/very thin slice)",61.0,usda
299397,,"Bread, whole wheat (1 medium or regular slice)",91.4,usda
299398,,"Bread, whole wheat (1 large or thick slice)",109.2,usda
299399,,"Bread, whole wheat (1 slice, crust not eaten)",40.6,usda
299400,,"Bread, whole wheat (1 slice, snack-size)",25.4,usda
299401,,"Bread, whole wheat (1 cubic inch)",8.1,usda
299403,,"Bread, whole wheat, toasted (1 small or thin/very thin slice)",61.4,usda
299404,,"Bread, whole wheat, toasted (1 medium or regular slice)",92.1,usda
299405,,"Bread, whole wheat, toasted (1 large or thick slice)",108.8,usda
299406,,"Bread, whole wheat, toasted (1 slice, crust not eaten)",41.9,usda
299407,,"Bread, whole wheat, toasted (1 slice, snack-size)",25.1,usda
299409,,"Bread, whole wheat, made from home recipe or purchased at bakery (1 small or thin/very thin slice)",88.1,usda
299410,,"Bread, whole wheat, made from home recipe or purchased at bakery (1 medium or regular slice)",117.5,usda
299411,,"Bread, whole wheat, made from home recipe or purchased at bakery (1 large or thick slice)",146.9,usda
299412,,"Bread, whole wheat, made from home recipe or purchased at bakery (1 slice, crust not eaten)",53.4,usda
299413,,"Bread, whole wheat, made from home recipe or purchased at bakery (1 individual loaf)",218.9,usda
299414,,"Bread, whole wheat, made from home recipe or purchased at bakery (1 cubic inch)",12.5,usda
299416,,"Bread, whole wheat, made from home recipe or purchased at bakery, toasted (1 small or thin/very thin slice)",87.9,usda
299417,,"Bread, whole wheat, made from home recipe or purchased at bakery, toasted (1 medium or regular slice)",117.2,usda
299418,,"Bread, whole wheat, made from home recipe or purchased at bakery, toasted (1 large or thick slice)",146.5,usda
299419,,"Bread, whole wheat, made from home recipe or purchased at bakery, toasted (1 slice, crust not eaten)",52.7,usda
299420,,"Bread, whole wheat, made from home recipe or purchased at bakery, toasted (1 cubic inch)",12.6,usda
299422,,"Bread, chappatti or roti (1 small chappatti or roti (6""))",80.7,usda
299423,,"Bread, chappatti or roti (1 medium chappatti or roti (7""))",119.6,usda
299424,,"Bread, chappatti or roti (1 large chappatti or roti (8""))",155.5,usda
299426,,"Bread, chappatti or roti (1 surface inch)",3.0,usda
299427,,"Bread, puri (1 puri (approx 4-4/5"" dia))",147.2,usda
299429,,"Bread, paratha (1 paratha)",228.2,usda
299443,,"Bread, sprouted wheat (1 slice)",48.9,usda
299445,,"Bread, sprouted wheat, toasted (1 slice)",49.7,usda
299451,,"Bread, wheat or cracked wheat (1 slice, snack-size)",27.4,usda
299452,,"Bread, wheat or cracked wheat (1 small or thin/very thin slice)",65.8,usda
299453,,"Bread, wheat or cracked wheat (1 medium or regular slice)",76.7,usda
299447,,"Bread, wheat or cracked wheat (1 large or thick slice)",117.8,usda
299448,,"Bread, wheat or cracked wheat (1 cubic inch)",8.8,usda
299450,,"Bread, wheat or cracked wheat (1 slice, crust not eaten)",35.6,usda
299459,,"Bread, wheat or cracked wheat, toasted (1 medium or regular slice)",75.3,usda
299460,,"Bread, wheat or cracked wheat, toasted (1 slice, snack-size)",27.1,usda
299454,,"Bread, wheat or cracked wheat, toasted (1 large or thick slice)",117.4,usda
299455,,"Bread, wheat or cracked wheat, toasted (1 cubic inch)",8.7,usda
299457,,"Bread, wheat or cracked wheat, toasted (1 slice, crust not eaten)",36.1,usda
299458,,"Bread, wheat or cracked wheat, toasted (1 small or thin/very thin slice)",66.2,usda
299467,,"Bread, wheat or cracked wheat, made from home recipe or purchased at bakery (1 individual loaf)",222.2,usda
299461,,"Bread, wheat or cracked wheat, made from home recipe or purchased at bakery (1 cubic inch)",12.7,usda
299463,,"Bread, wheat or cracked wheat, made from home recipe or purchased at bakery (1 small or thin/very thin slice)",89.4,usda
299464,,"Bread, wheat or cracked wheat, made from home recipe or purchased at bakery (1 medium or regular slice)",119.2,usda
299465,,"Bread, wheat or cracked wheat, made from home recipe or purchased at bakery (1 large or thick slice)",149.1,usda
299466,,"Bread, wheat or cracked wheat, made from home recipe or purchased at bakery (1 slice, crust not eaten)",54.2,usda
299469,,"Bread, wheat or cracked wheat, made from home recipe or purchased at bakery, toasted (1 cubic inch)",12.8,usda
299470,,"Bread, wheat or cracked wheat, made from home recipe or purchased at bakery, toasted (1 small or thin/very thin slice)",89.1,usda
299471,,"Bread, wheat or cracked wheat, made from home recipe or purchased at bakery, toasted (1 medium or regular slice)",118.8,usda
299472,,"Bread, wheat or cracked wheat, made from home recipe or purchased at bakery, toasted (1 large or thick slice)",148.5,usda
299473,,"Bread, wheat or cracked wheat, made from home recipe or purchased at bakery, toasted (1 slice, crust not eaten)",53.5,usda
299504,,"Bread, French or Vienna, whole wheat (1 medium or regular slice)",153.0,usda
299505,,"Bread, French or Vienna, whole wheat (1 large or thick slice)",229.4,usda
299506,,"Bread, French or Vienna, whole wheat (1 slice, snack-size)",23.9,usda
299507,,"Bread, French or Vienna, whole wheat (1 slice, Vienna bread)",66.9,usda
299508,,"Bread, French or Vienna, whole wheat (1 individual loaf)",196.0,usda
299509,,"Bread, French or Vienna, whole wheat (1 mini baguette (about 9"" long))",363.3,usda
299510,,"Bread, French or Vienna, whole wheat (1 baguette (about 22"" long))",774.4,usda
299498,,"Bread, French or Vienna, whole wheat (1 cup, crumbs)",107.6,usda
299499,,"Bread, French or Vienna, whole wheat (1 cubic inch)",8.8,usda
299500,,"Bread, French or Vienna, whole wheat (1 slice, crust not eaten)",74.1,usda
299501,,"Bread, French or Vienna, whole wheat (1 loaf (14"" long))",1123.3,usda
299503,,"Bread, French or Vienna, whole wheat (1 small or thin/very thin slice)",76.5,usda
299517,,"Bread, French or Vienna, whole wheat, toasted (1 large or thick slice)",231.4,usda
299518,,"Bread, French or Vienna, whole wheat, toasted (1 slice, Vienna bread)",68.4,usda
299519,,"Bread, French or Vienna, whole wheat, toasted (1 slice, snack-size)",23.7,usda
299511,,"Bread, French or Vienna, whole wheat, toasted (1 cubic inch)",8.9,usda
299512,,"Bread, French or Vienna, whole wheat, toasted (1 slice, crust not eaten)",73.6,usda
299513,,"Bread, French or Vienna, whole wheat, toasted (1 loaf (14"" long))",1125.6,usda
299515,,"Bread, French or Vienna, whole wheat, toasted (1 small or thin/very thin slice)",76.3,usda
299516,,"Bread, French or Vienna, whole wheat, toasted (1 medium or regular slice)",155.2,usda
299525,,"Bread, pita, whole wheat (1 extra large pita)",298.7,usda
299521,,"Bread, pita, whole wheat (1 surface inch)",5.2,usda
299522,,"Bread, pita, whole wheat (1 small pita)",73.4,usda
299523,,"Bread, pita, whole wheat (1 medium pita)",149.3,usda
299524,,"Bread, pita, whole wheat (1 large pita)",222.7,usda
299527,,"Bread, pita, wheat or cracked wheat (1 small pita)",73.4,usda
299528,,"Bread, pita, wheat or cracked wheat (1 medium pita)",149.3,usda
299529,,"Bread, pita, wheat or cracked wheat (1 large pita)",222.7,usda
299530,,"Bread, pita, wheat or cracked wheat (1 extra large pita)",298.7,usda
299531,,"Bread, pita, wheat or cracked wheat (1 surface inch)",5.2,usda
299537,,"Bagel, wheat (1 Bagel Thin)",115.0,usda
299533,,"Bagel, wheat (1 miniature)",65.0,usda
299534,,"Bagel, wheat (1 small)",172.5,usda
299535,,"Bagel, wheat (1 regular)",262.5,usda
299536,,"Bagel, wheat (1 large)",327.5,usda
299538,,"Bagel, whole wheat (1 miniature)",65.0,usda
299539,,"Bagel, whole wheat (1 Bagel Thin)",115.0,usda
299540,,"Bagel, whole wheat (1 small)",172.5,usda
299541,,"Bagel, whole wheat (1 regular)",262.5,usda
299542,,"Bagel, whole wheat (1 large)",327.5,usda
299563,,"Bagel, wheat bran (1 miniature)",65.0,usda
299564,,"Bagel, wheat bran (1 Bagel Thin)",115.0,usda
299565,,"Bagel, wheat bran (1 small)",172.5,usda
299566,,"Bagel, wheat bran (1 regular)",262.5,usda
299567,,"Bagel, wheat bran (1 large)",327.5,usda
299569,,"Muffin, English, wheat bran (1 muffin)",129.3,usda
299573,,"Muffin, English, wheat or cracked wheat (1 muffin)",129.3,usda
299575,,"Muffin, English, whole wheat (1 muffin)",129.3,usda
299581,,"Muffin, English, whole grain white (1 muffin)",129.3,usda
299583,,"Breadsticks, hard, whole wheat (1 snack size stick)",8.5,usda
299584,,"Breadsticks, hard, whole wheat (1 small stick)",21.3,usda
299585,,"Breadsticks, hard, whole wheat (1 medium stick)",42.5,usda
299586,,"Breadsticks, hard, whole wheat (1 large stick)",85.0,usda
299587,,"Breadsticks, hard, whole wheat (1 extra large stick)",148.8,usda
299588,,"Breadsticks, hard, whole wheat (1 cup)",195.5,usda
299590,,"Roll, wheat or cracked wheat (1 miniature/small roll)",76.4,usda
299591,,"Roll, wheat or cracked wheat (1 medium/regular/sandwich size roll)",117.4,usda
299592,,"Roll, wheat or cracked wheat (1 large roll)",142.0,usda
299593,,"Roll, wheat or cracked wheat (1 extra large roll)",185.6,usda
299594,,"Roll, wheat or cracked wheat (1 small submarine, hoagie roll)",199.3,usda
299595,,"Roll, wheat or cracked wheat (1 medium submarine, hoagie roll)",289.4,usda
299596,,"Roll, wheat or cracked wheat (1 large submarine, hoagie roll)",417.7,usda
299598,,"Roll, wheat or cracked wheat, hot dog bun (1 hot dog bun)",121.1,usda
299599,,"Roll, wheat or cracked wheat, hot dog bun (1 foot long hot dog bun)",223.3,usda
299604,,"Roll, whole wheat (1 miniature/small roll)",76.4,usda
299605,,"Roll, whole wheat (1 medium/regular/sandwich size roll)",117.4,usda
299606,,"Roll, whole wheat (1 large roll)",142.0,usda
299607,,"Roll, whole wheat (1 extra large roll)",185.6,usda
299608,,"Roll, whole wheat (1 small submarine, hoagie roll)",199.3,usda
299609,,"Roll, whole wheat (1 medium submarine, hoagie roll)",289.4,usda
299610,,"Roll, whole wheat (1 large submarine, hoagie roll)",417.7,usda
299612,,"Roll, whole wheat, hot dog bun (1 hot dog bun)",121.1,usda
299613,,"Roll, whole wheat, hot dog bun (1 foot long hot dog bun)",223.3,usda
299618,,"Roll, whole grain white (1 miniature/small roll)",71.4,usda
299619,,"Roll, whole grain white (1 medium/regular/sandwich size roll)",109.7,usda
299620,,"Roll, whole grain white (1 large roll)",132.6,usda
299621,,"Roll, whole grain white (1 extra large roll)",173.4,usda
299622,,"Roll, whole grain white (1 small submarine, hoagie roll)",186.2,usda
299623,,"Roll, whole grain white (1 medium submarine, hoagie roll)",270.3,usda
299624,,"Roll, whole grain white (1 large submarine, hoagie roll)",390.2,usda
299626,,"Roll, whole grain white, hot dog bun (1 hot dog bun)",114.8,usda
299627,,"Roll, whole grain white, hot dog bun (1 foot long hot dog bun)",211.7,usda
299632,,"Bread, rye (1 slice, snack-size)",25.9,usda
299637,,"Bread, rye (1 large or thick slice)",111.4,usda
299634,,"Bread, rye (1 slice, crust not eaten)",38.9,usda
299635,,"Bread, rye (1 small or thin/very thin slice)",64.8,usda
299636,,"Bread, rye (1 medium or regular slice)",82.9,usda
299643,,"Bread, rye, toasted (1 slice, snack-size)",25.7,usda
299639,,"Bread, rye, toasted (1 slice, crust not eaten)",38.5,usda
299640,,"Bread, rye, toasted (1 small or thin/very thin slice)",62.7,usda
299641,,"Bread, rye, toasted (1 medium or regular slice)",82.7,usda
299642,,"Bread, rye, toasted (1 large or thick slice)",111.2,usda
299658,,"Muffin, English, rye (1 muffin)",150.2,usda
299660,,"Bread, pumpernickel (1 slice, snack-size)",25.0,usda
299662,,"Bread, pumpernickel (1 small or thin/very thin slice)",62.5,usda
299663,,"Bread, pumpernickel (1 medium or regular slice)",80.0,usda
299664,,"Bread, pumpernickel (1 large or thick slice)",107.5,usda
299665,,"Bread, pumpernickel (1 slice, crust not eaten)",37.5,usda
299660,,"Bread, pumpernickel (1 slice, snack-size)",25.0,usda
299662,,"Bread, pumpernickel (1 small or thin/very thin slice)",62.5,usda
299663,,"Bread, pumpernickel (1 medium or regular slice)",80.0,usda
299664,,"Bread, pumpernickel (1 large or thick slice)",107.5,usda
299665,,"Bread, pumpernickel (1 slice, crust not eaten)",37.5,usda
299667,,"Bread, pumpernickel, toasted (1 small or thin/very thin slice)",60.5,usda
299668,,"Bread, pumpernickel, toasted (1 medium or regular slice)",79.8,usda
299669,,"Bread, pumpernickel, toasted (1 large or thick slice)",107.3,usda
299670,,"Bread, pumpernickel, toasted (1 slice, crust not eaten)",35.8,usda
299671,,"Bread, pumpernickel, toasted (1 slice, snack-size)",24.8,usda
299672,,"Bagel, pumpernickel (1 miniature)",65.0,usda
299673,,"Bagel, pumpernickel (1 Bagel Thin)",115.0,usda
299674,,"Bagel, pumpernickel (1 small)",172.5,usda
299675,,"Bagel, pumpernickel (1 regular)",262.5,usda
299676,,"Bagel, pumpernickel (1 large)",327.5,usda
299678,,"Muffin, English, pumpernickel (1 muffin)",145.0,usda
299678,,"Muffin, English, pumpernickel (1 muffin)",145.0,usda
299681,,"Bread, black (1 small or thin/very thin slice)",60.0,usda
299682,,"Bread, black (1 medium or regular slice)",70.0,usda
299683,,"Bread, black (1 large or thick slice)",107.5,usda
299684,,"Bread, black (1 slice, crust not eaten)",32.5,usda
299685,,"Bread, black (1 slice, snack-size)",25.0,usda
299681,,"Bread, black (1 small or thin/very thin slice)",60.0,usda
299682,,"Bread, black (1 medium or regular slice)",70.0,usda
299683,,"Bread, black (1 large or thick slice)",107.5,usda
299684,,"Bread, black (1 slice, crust not eaten)",32.5,usda
299685,,"Bread, black (1 slice, snack-size)",25.0,usda
299687,,"Bread, black, toasted (1 small or thin/very thin slice)",60.5,usda
299688,,"Bread, black, toasted (1 medium or regular slice)",68.8,usda
299689,,"Bread, black, toasted (1 large or thick slice)",107.3,usda
299690,,"Bread, black, toasted (1 slice, crust not eaten)",33.0,usda
299691,,"Bread, black, toasted (1 slice, snack-size)",24.8,usda
299693,,"Roll, rye (1 miniature/small roll)",72.5,usda
299694,,"Roll, rye (1 medium/regular/sandwich size roll)",93.2,usda
299695,,"Roll, rye (1 large roll)",111.4,usda
299697,,"Roll, pumpernickel (1 miniature/small roll)",58.2,usda
299698,,"Roll, pumpernickel (1 medium/regular/sandwich size roll)",74.9,usda
299697,,"Roll, pumpernickel (1 miniature/small roll)",58.2,usda
299698,,"Roll, pumpernickel (1 medium/regular/sandwich size roll)",74.9,usda
299699,,"Bread, oatmeal (1 large or thick slice)",115.7,usda
299701,,"Bread, oatmeal (1 cubic inch)",11.6,usda
299702,,"Bread, oatmeal (1 small or thin/very thin slice)",67.3,usda
299703,,"Bread, oatmeal (1 medium or regular slice)",75.3,usda
299704,,"Bread, oatmeal (1 slice, crust not eaten)",35.0,usda
299705,,"Bread, oatmeal (1 slice, snack-size)",26.9,usda
299706,,"Bread, oatmeal, toasted (1 large or thick slice)",115.4,usda
299708,,"Bread, oatmeal, toasted (1 small or thin/very thin slice)",65.1,usda
299709,,"Bread, oatmeal, toasted (1 medium or regular slice)",74.0,usda
299710,,"Bread, oatmeal, toasted (1 slice, crust not eaten)",35.5,usda
299711,,"Bread, oatmeal, toasted (1 slice, snack-size)",26.6,usda
299712,,"Bread, oat bran (1 large or thick slice)",128.6,usda
299714,,"Bread, oat bran (1 small or thin/very thin slice)",71.8,usda
299715,,"Bread, oat bran (1 medium or regular slice)",83.7,usda
299716,,"Bread, oat bran (1 slice, crust not eaten)",38.9,usda
299717,,"Bread, oat bran (1 slice, snack-size)",29.9,usda
299718,,"Bread, oat bran, toasted (1 large or thick slice)",115.4,usda
299720,,"Bread, oat bran, toasted (1 small or thin/very thin slice)",65.1,usda
299721,,"Bread, oat bran, toasted (1 medium or regular slice)",74.0,usda
299722,,"Bread, oat bran, toasted (1 slice, crust not eaten)",35.5,usda
299723,,"Bread, oat bran, toasted (1 slice, snack-size)",26.6,usda
299724,,"Bagel, oat bran (1 miniature)",65.0,usda
299725,,"Bagel, oat bran (1 Bagel Thin)",115.0,usda
299726,,"Bagel, oat bran (1 small)",172.5,usda
299727,,"Bagel, oat bran (1 regular)",262.5,usda
299728,,"Bagel, oat bran (1 large)",327.5,usda
299731,,"Roll, oatmeal (1 miniature/small roll)",75.3,usda
299732,,"Roll, oatmeal (1 medium/regular/sandwich size roll)",96.8,usda
299733,,"Muffin, English, oat bran (1 muffin)",156.0,usda
299742,,"Bread, multigrain, toasted (1 slice, snack-size)",26.2,usda
299738,,"Bread, multigrain, toasted (1 slice, crust not eaten)",43.7,usda
299739,,"Bread, multigrain, toasted (1 small or thin/very thin slice)",64.0,usda
299740,,"Bread, multigrain, toasted (1 medium or regular slice)",96.0,usda
299741,,"Bread, multigrain, toasted (1 large or thick slice)",113.5,usda
299748,,"Bread, multigrain (1 slice, snack-size)",26.5,usda
299749,,"Bread, multigrain (1 sandwich thin)",111.3,usda
299744,,"Bread, multigrain (1 slice, crust not eaten)",42.4,usda
299745,,"Bread, multigrain (1 small or thin/very thin slice)",63.6,usda
299746,,"Bread, multigrain (1 medium or regular slice)",95.4,usda
299747,,"Bread, multigrain (1 large or thick slice)",114.0,usda
299780,,"Roll, multigrain (1 medium submarine, hoagie roll)",278.8,usda
299781,,"Roll, multigrain (1 large submarine, hoagie roll)",402.4,usda
299775,,"Roll, multigrain (1 miniature/small roll)",73.6,usda
299776,,"Roll, multigrain (1 medium/regular/sandwich size roll)",113.1,usda
299777,,"Roll, multigrain (1 large roll)",136.8,usda
299778,,"Roll, multigrain (1 extra large roll)",178.8,usda
299779,,"Roll, multigrain (1 small submarine, hoagie roll)",192.0,usda
299782,,"Roll, multigrain, hot dog bun (1 hot dog bun)",118.4,usda
299783,,"Roll, multigrain, hot dog bun (1 foot long hot dog bun)",218.3,usda
299788,,"Bagel, multigrain (1 miniature)",65.0,usda
299789,,"Bagel, multigrain (1 Bagel Thin)",115.0,usda
299790,,"Bagel, multigrain (1 small)",172.5,usda
299791,,"Bagel, multigrain (1 regular)",262.5,usda
299792,,"Bagel, multigrain (1 large)",327.5,usda
299800,,"Muffin, English, multigrain (1 muffin)",129.3,usda
299803,,"Bread, barley (1 small or thin/very thin slice)",65.8,usda
299804,,"Bread, barley (1 medium or regular slice)",76.7,usda
299805,,"Bread, barley (1 large or thick slice)",117.8,usda
299806,,"Bread, barley (1 slice, crust not eaten)",35.6,usda
299807,,"Bread, barley (1 slice, snack-size)",27.4,usda
299808,,"Bread, barley, toasted (1 small or thin/very thin slice)",66.2,usda
299809,,"Bread, barley, toasted (1 medium or regular slice)",75.3,usda
299810,,"Bread, barley, toasted (1 large or thick slice)",117.4,usda
299811,,"Bread, barley, toasted (1 slice, crust not eaten)",36.1,usda
299812,,"Bread, barley, toasted (1 slice, snack-size)",27.1,usda
299815,,"Bread, soy (1 small or thin/very thin slice)",64.1,usda
299816,,"Bread, soy (1 medium or regular slice)",74.8,usda
299817,,"Bread, soy (1 large or thick slice)",114.8,usda
299818,,"Bread, soy (1 slice, crust not eaten)",34.7,usda
299819,,"Bread, soy (1 slice, snack-size)",26.7,usda
299821,,"Bread, soy, toasted (1 small or thin/very thin slice)",64.5,usda
299822,,"Bread, soy, toasted (1 medium or regular slice)",73.3,usda
299823,,"Bread, soy, toasted (1 large or thick slice)",114.3,usda
299824,,"Bread, soy, toasted (1 slice, crust not eaten)",35.2,usda
299825,,"Bread, soy, toasted (1 slice, snack-size)",26.4,usda
299827,,"Bread, sunflower meal (1 small or thin/very thin slice)",73.4,usda
299828,,"Bread, sunflower meal (1 medium or regular slice)",85.7,usda
299829,,"Bread, sunflower meal (1 large or thick slice)",131.6,usda
299831,,"Bread, sunflower meal, toasted (1 small or thin/very thin slice)",73.9,usda
299832,,"Bread, sunflower meal, toasted (1 medium or regular slice)",84.0,usda
299833,,"Bread, sunflower meal, toasted (1 large or thick slice)",131.0,usda
299835,,"Bread, rice (1 small or thin/very thin slice)",59.5,usda
299836,,"Bread, rice (1 medium or regular slice)",69.4,usda
299837,,"Bread, rice (1 large or thick slice)",106.6,usda
299838,,"Bread, rice (1 slice, crust not eaten)",32.2,usda
299839,,"Bread, rice (1 slice, snack-size)",24.8,usda
299841,,"Bread, rice, toasted (1 small or thin/very thin slice)",60.1,usda
299842,,"Bread, rice, toasted (1 medium or regular slice)",68.3,usda
299843,,"Bread, rice, toasted (1 large or thick slice)",106.5,usda
299844,,"Bread, rice, toasted (1 slice, crust not eaten)",32.8,usda
299845,,"Bread, rice, toasted (1 slice, snack-size)",24.6,usda
299846,,"Injera, Ethiopian bread (1 cup, pieces)",63.2,usda
299847,,"Injera, Ethiopian bread (1 injera (12"" dia))",118.1,usda
299849,,"Injera, Ethiopian bread (1 surface inch)",1.0,usda
299857,,"Bread, gluten free (1 cubic inch)",6.9,usda
299851,,"Bread, gluten free (1 small or thin/very thin slice)",59.5,usda
299852,,"Bread, gluten free (1 medium or regular slice)",69.4,usda
299853,,"Bread, gluten free (1 large or thick slice)",106.6,usda
299854,,"Bread, gluten free (1 slice, crust not eaten)",32.2,usda
299855,,"Bread, gluten free (1 slice, snack-size)",24.8,usda
299856,,"Bread, gluten free (1 cup)",99.2,usda
299858,,"Bread, gluten free, toasted (1 small or thin/very thin slice)",60.1,usda
299859,,"Bread, gluten free, toasted (1 medium or regular slice)",68.3,usda
299860,,"Bread, gluten free, toasted (1 large or thick slice)",106.5,usda
299861,,"Bread, gluten free, toasted (1 slice, crust not eaten)",32.8,usda
299862,,"Bread, gluten free, toasted (1 slice, snack-size)",24.6,usda
299863,,"Bread, gluten free, toasted (1 cup)",109.2,usda
299864,,"Bread, gluten free, toasted (1 cubic inch)",10.6,usda
299866,,"Breadsticks, hard, gluten free (1 snack size stick)",9.1,usda
299867,,"Breadsticks, hard, gluten free (1 small stick)",22.7,usda
299868,,"Breadsticks, hard, gluten free (1 medium stick)",45.3,usda
299869,,"Breadsticks, hard, gluten free (1 large stick)",90.6,usda
299870,,"Breadsticks, hard, gluten free (1 extra large stick)",158.6,usda
299871,,"Breadsticks, hard, gluten free (1 cup)",208.4,usda
299873,,"Roll, gluten free (1 miniature/small roll)",66.9,usda
299874,,"Roll, gluten free (1 medium/regular/sandwich size roll)",102.8,usda
299875,,"Roll, gluten free (1 large roll)",124.3,usda
299876,,"Roll, gluten free (1 extra large roll)",162.5,usda
299877,,"Roll, gluten free (1 cubic inch)",6.9,usda
299879,,Biscuit (1 biscuit),166.5,usda
299880,,Biscuit (1 cubic inch),31.5,usda
299882,,"Biscuit, from refrigerated dough (1 biscuit)",145.8,usda
299883,,"Biscuit, from refrigerated dough (1 cubic inch)",27.5,usda
299888,,"Biscuit, home recipe (1 biscuit)",157.5,usda
299889,,"Biscuit, home recipe (1 cubic inch)",29.8,usda
299891,,"Biscuit, wheat (1 biscuit)",162.9,usda
299893,,"Biscuit, cheese (1 biscuit)",168.3,usda
299897,,Scone (1 regular),267.4,usda
299898,,Scone (1 miniature),76.4,usda
299903,,"Cornbread, prepared from mix (1 surface inch)",29.7,usda
299904,,"Cornbread, prepared from mix (1 cup, crumbled)",293.7,usda
299906,,"Cornbread, prepared from mix (1 square cornbread (8"" pan))",1785.3,usda
299907,,"Cornbread, prepared from mix (1 piece)",198.0,usda
299908,,"Cornbread, made from home recipe (1 surface inch)",31.6,usda
299909,,"Cornbread, made from home recipe (1 cup, crumbled)",255.4,usda
299911,,"Cornbread, made from home recipe (1 round cornbread (8"" pan))",1799.5,usda
299912,,"Cornbread, made from home recipe (1 round cornbread (9"" pan))",1782.3,usda
299913,,"Cornbread, made from home recipe (1 square cornbread (8"" pan))",1854.0,usda
299914,,"Cornbread, made from home recipe (1 square cornbread (9"" pan))",1819.6,usda
299915,,"Cornbread, made from home recipe (1 piece)",186.6,usda
299917,,Cornbread stuffing (1 cup),358.0,usda
299918,,"Cornbread muffin, stick, round (1 small)",201.3,usda
299919,,"Cornbread muffin, stick, round (1 medium)",344.7,usda
299920,,"Cornbread muffin, stick, round (1 large)",469.7,usda
299921,,"Cornbread muffin, stick, round (1 miniature)",51.9,usda
299922,,"Cornbread muffin, stick, round (1 cubic inch)",21.7,usda
299923,,"Cornbread muffin, stick, round (1 stick)",119.0,usda
299924,,"Cornbread muffin, stick, round (1 round)",137.3,usda
299926,,"Cornbread muffin, stick, round, made from home recipe (1 small)",202.6,usda
299927,,"Cornbread muffin, stick, round, made from home recipe (1 medium)",346.9,usda
299928,,"Cornbread muffin, stick, round, made from home recipe (1 large)",472.8,usda
299929,,"Cornbread muffin, stick, round, made from home recipe (1 miniature)",52.2,usda
299930,,"Cornbread muffin, stick, round, made from home recipe (1 cubic inch)",21.8,usda
299931,,"Cornbread muffin, stick, round, made from home recipe (1 stick)",119.7,usda
299932,,"Cornbread muffin, stick, round, made from home recipe (1 round)",138.2,usda
299936,,"Corn pone, baked (1 pone (8"" dia x 3/4""))",806.8,usda
299937,,"Corn pone, baked (1 pone (8"" dia x 1-1/2""))",1613.6,usda
299938,,"Corn pone, baked (1 pone (9"" dia x 3/4""))",1037.9,usda
299939,,"Corn pone, baked (1 pone (9"" dia x 2""))",2722.1,usda
299940,,"Corn pone, baked (1 piece (1/8 of 9"" dia x 3/4"" pone))",130.5,usda
299941,,"Corn pone, baked (1 cubic inch)",21.4,usda
299943,,"Corn pone, baked (1 cup, crumbled)",190.5,usda
299946,,"Gordita/sope shell, plain, no filling (1 cup (pieces))",260.0,usda
299948,,"Gordita/sope shell, plain, no filling (1 shell (3 - 4"" dia))",122.2,usda
299949,,Hush puppy (1 hush puppy),65.1,usda
299950,,Hush puppy (1 cup),449.9,usda
299951,,Hush puppy (1 cubic inch cornbread),24.0,usda
299953,,Johnnycake (1 piece),135.7,usda
299954,,Johnnycake (1 cubic inch),18.0,usda
299956,,Spoonbread (1 cup),310.4,usda
299957,,Spoonbread (1 cubic inch),21.6,usda
299960,,Tortilla (1 small),47.2,usda
299961,,Tortilla (1 medium),73.4,usda
299962,,Tortilla (1 large),115.3,usda
299963,,Tortilla (1 extra large),170.3,usda
299965,,"Tortilla, corn (1 small)",39.2,usda
299966,,"Tortilla, corn (1 medium)",61.0,usda
299967,,"Tortilla, corn (1 large)",95.9,usda
299968,,"Tortilla, corn (1 extra large)",141.7,usda
299970,,"Tortilla, flour (1 small)",101.0,usda
299971,,"Tortilla, flour (1 medium)",137.7,usda
299972,,"Tortilla, flour (1 large)",217.3,usda
299973,,"Tortilla, flour (1 extra large)",318.2,usda
299975,,"Tortilla, whole wheat (1 small)",102.3,usda
299976,,"Tortilla, whole wheat (1 medium)",139.5,usda
299977,,"Tortilla, whole wheat (1 large)",220.1,usda
299978,,"Tortilla, whole wheat (1 extra large)",322.4,usda
299987,,"Arepa Dominicana (1 piece (4"" x 2"" x 1-3/4""))",307.1,usda
299993,,Muffin (1 large),675.0,usda
299994,,Muffin (1 bite size),37.5,usda
299990,,Muffin (1 miniature),93.8,usda
299991,,Muffin (1 small),262.5,usda
299992,,Muffin (1 medium),487.5,usda
299997,,"Muffin, fruit (1 miniature)",93.8,usda
299998,,"Muffin, fruit (1 small)",262.5,usda
299999,,"Muffin, fruit (1 medium)",487.5,usda
300000,,"Muffin, fruit (1 large)",675.0,usda
300001,,"Muffin, fruit (1 bite size)",37.5,usda
300002,,"Muffin, fruit (1 100 calorie package)",101.3,usda
299995,,"Muffin, fruit (1 Hostess package of 5 mini muffins (2 oz))",213.8,usda
300003,,"Muffin, fruit, low fat (1 miniature)",63.8,usda
300004,,"Muffin, fruit, low fat (1 small)",178.5,usda
300005,,"Muffin, fruit, low fat (1 medium)",331.5,usda
300006,,"Muffin, fruit, low fat (1 large)",459.0,usda
300008,,"Muffin, fruit, low fat (1 bite size)",25.5,usda
300013,,"Muffin, chocolate chip (1 large)",723.6,usda
300014,,"Muffin, chocolate chip (1 bite size)",40.2,usda
300015,,"Muffin, chocolate chip (1 100 calorie package)",100.5,usda
300010,,"Muffin, chocolate chip (1 miniature)",100.5,usda
300011,,"Muffin, chocolate chip (1 small)",281.4,usda
300012,,"Muffin, chocolate chip (1 medium)",522.6,usda
300020,,"Muffin, chocolate (1 large)",711.0,usda
300021,,"Muffin, chocolate (1 bite size)",39.5,usda
300017,,"Muffin, chocolate (1 miniature)",98.8,usda
300018,,"Muffin, chocolate (1 small)",276.5,usda
300019,,"Muffin, chocolate (1 medium)",513.5,usda
300026,,"Muffin, whole wheat (1 large)",669.6,usda
300027,,"Muffin, whole wheat (1 bite size)",37.2,usda
300023,,"Muffin, whole wheat (1 miniature)",93.0,usda
300024,,"Muffin, whole wheat (1 small)",260.4,usda
300025,,"Muffin, whole wheat (1 medium)",483.6,usda
300032,,"Muffin, wheat (1 large)",669.6,usda
300033,,"Muffin, wheat (1 bite size)",37.2,usda
300029,,"Muffin, wheat (1 miniature)",93.0,usda
300030,,"Muffin, wheat (1 small)",260.4,usda
300031,,"Muffin, wheat (1 medium)",483.6,usda
300034,,"Muffin, whole grain (1 miniature)",93.0,usda
300035,,"Muffin, whole grain (1 small)",260.4,usda
300036,,"Muffin, whole grain (1 medium)",483.6,usda
300037,,"Muffin, whole grain (1 large)",669.6,usda
300038,,"Muffin, whole grain (1 bite size)",37.2,usda
300039,,"Muffin, whole grain (1 Fiber One Muffin)",241.8,usda
300044,,"Muffin, wheat bran (1 medium)",270.4,usda
300045,,"Muffin, wheat bran (1 large)",374.4,usda
300046,,"Muffin, wheat bran (1 bite size)",20.8,usda
300042,,"Muffin, wheat bran (1 miniature)",52.0,usda
300043,,"Muffin, wheat bran (1 small)",145.6,usda
300044,,"Muffin, wheat bran (1 medium)",270.4,usda
300045,,"Muffin, wheat bran (1 large)",374.4,usda
300046,,"Muffin, wheat bran (1 bite size)",20.8,usda
300042,,"Muffin, wheat bran (1 miniature)",52.0,usda
300043,,"Muffin, wheat bran (1 small)",145.6,usda
300053,,"Muffin, oatmeal (1 large)",666.0,usda
300054,,"Muffin, oatmeal (1 bite size)",37.0,usda
300050,,"Muffin, oatmeal (1 miniature)",92.5,usda
300051,,"Muffin, oatmeal (1 small)",259.0,usda
300052,,"Muffin, oatmeal (1 medium)",481.0,usda
300059,,"Muffin, oat bran (1 large)",486.0,usda
300060,,"Muffin, oat bran (1 bite size)",27.0,usda
300056,,"Muffin, oat bran (1 miniature)",67.5,usda
300057,,"Muffin, oat bran (1 small)",189.0,usda
300058,,"Muffin, oat bran (1 medium)",351.0,usda
300065,,"Muffin, plain (1 large)",673.2,usda
300066,,"Muffin, plain (1 bite size)",37.4,usda
300062,,"Muffin, plain (1 miniature)",93.5,usda
300063,,"Muffin, plain (1 small)",261.8,usda
300064,,"Muffin, plain (1 medium)",486.2,usda
300071,,"Muffin, cheese (1 large)",660.6,usda
300072,,"Muffin, cheese (1 bite size)",36.7,usda
300068,,"Muffin, cheese (1 miniature)",91.8,usda
300069,,"Muffin, cheese (1 small)",256.9,usda
300070,,"Muffin, cheese (1 medium)",477.1,usda
300077,,"Muffin, pumpkin (1 large)",549.0,usda
300078,,"Muffin, pumpkin (1 bite size)",30.5,usda
300074,,"Muffin, pumpkin (1 miniature)",76.3,usda
300075,,"Muffin, pumpkin (1 small)",213.5,usda
300076,,"Muffin, pumpkin (1 medium)",396.5,usda
300083,,"Muffin, zucchini (1 large)",550.8,usda
300084,,"Muffin, zucchini (1 bite size)",30.6,usda
300080,,"Muffin, zucchini (1 miniature)",76.5,usda
300081,,"Muffin, zucchini (1 small)",214.2,usda
300082,,"Muffin, zucchini (1 medium)",397.8,usda
300089,,"Muffin, carrot (1 large)",565.2,usda
300090,,"Muffin, carrot (1 bite size)",31.4,usda
300091,,"Muffin, carrot (1 100 calorie package)",94.2,usda
300086,,"Muffin, carrot (1 miniature)",78.5,usda
300087,,"Muffin, carrot (1 small)",219.8,usda
300088,,"Muffin, carrot (1 medium)",408.2,usda
300092,,Popover (1 popover),83.1,usda
300094,,"Bread, Boston Brown (1 slice)",123.3,usda
300096,,"Bread, nut (1 slice)",197.5,usda
300097,,"Bread, nut (1 cubic inch)",35.1,usda
300099,,"Bread, pumpkin (1 slice)",183.0,usda
300100,,"Bread, pumpkin (1 cubic inch)",30.5,usda
300102,,"Bread, fruit (1 slice)",153.3,usda
300103,,"Bread, fruit (1 cubic inch)",32.5,usda
300104,,"Bread, fruit (1 individual loaf)",213.2,usda
300106,,"Bread, zucchini (1 slice)",122.4,usda
300107,,"Bread, zucchini (1 cubic inch)",20.2,usda
300110,,"Bread, Irish soda (1 loaf)",1616.4,usda
300111,,"Bread, Irish soda (1 cubic inch)",21.1,usda
300112,,"Bread, Irish soda (1 slice)",222.7,usda
300142,,"Cheesecake, plain (1 piece/slice, any size)",698.3,usda
300143,,"Cheesecake, plain (1 cup)",718.2,usda
300145,,"Cheesecake, fruit (1 piece/slice, any size)",774.0,usda
300146,,"Cheesecake, fruit (1 cup)",696.6,usda
300148,,"Cheesecake, chocolate (1 piece/slice, any size)",689.5,usda
300149,,"Cheesecake, chocolate (1 cup)",709.2,usda
300654,,Pocky (1 stick),17.9,usda
300673,,Marie biscuit (1 cookie),28.4,usda
300774,,Pie (1 mini/small slice),222.0,usda
300775,,Pie (1 regular slice),444.0,usda
300776,,Pie (1 large slice),740.0,usda
300777,,Pie (1 individual pie),444.0,usda
300778,,Pie (1 cup),740.0,usda
300779,,"Pie (1 regular pie (8-9"" dia))",3552.0,usda
300780,,"Pie (1 large pie (10"" dia plus))",5920.0,usda
300781,,Pie (1 surface inch),55.9,usda
300783,,"Tart, all types (1 tart)",395.0,usda
300785,,"Pie, apple (1 mini/small slice)",222.0,usda
300786,,"Pie, apple (1 regular slice)",444.0,usda
300787,,"Pie, apple (1 large slice)",740.0,usda
300788,,"Pie, apple (1 individual pie)",444.0,usda
300789,,"Pie, apple (1 cup)",740.0,usda
300790,,"Pie, apple (1 regular pie (8-9"" dia))",3552.0,usda
300791,,"Pie, apple (1 large pie (10"" dia plus))",5920.0,usda
300792,,"Pie, apple (1 surface inch)",55.9,usda
300798,,"Pie, berry (1 mini/small slice)",229.5,usda
300799,,"Pie, berry (1 regular slice)",459.0,usda
300800,,"Pie, berry (1 large slice)",765.0,usda
300801,,"Pie, berry (1 individual pie)",459.0,usda
300802,,"Pie, berry (1 cup)",765.0,usda
300803,,"Pie, berry (1 regular pie (8-9"" dia))",3672.0,usda
300804,,"Pie, berry (1 large pie (10"" dia plus))",6120.0,usda
300805,,"Pie, berry (1 surface inch)",57.8,usda
300807,,"Pie, blueberry (1 mini/small slice)",225.0,usda
300808,,"Pie, blueberry (1 regular slice)",450.0,usda
300809,,"Pie, blueberry (1 large slice)",750.0,usda
300810,,"Pie, blueberry (1 individual pie)",450.0,usda
300811,,"Pie, blueberry (1 cup)",750.0,usda
300812,,"Pie, blueberry (1 regular pie (8-9"" dia))",3600.0,usda
300813,,"Pie, blueberry (1 large pie (10"" dia plus))",6000.0,usda
300814,,"Pie, blueberry (1 surface inch)",56.7,usda
300816,,"Pie, cherry (1 mini/small slice)",233.3,usda
300817,,"Pie, cherry (1 regular slice)",466.5,usda
300818,,"Pie, cherry (1 large slice)",777.5,usda
300819,,"Pie, cherry (1 individual pie)",466.5,usda
300820,,"Pie, cherry (1 cup)",777.5,usda
300821,,"Pie, cherry (1 regular pie (8-9"" dia))",3732.0,usda
300822,,"Pie, cherry (1 large pie (10"" dia plus))",6220.0,usda
300823,,"Pie, cherry (1 surface inch)",58.8,usda
300825,,"Pie, lemon (1 slice, any size)",420.0,usda
300826,,"Pie, lemon (1 pie, any size)",4480.0,usda
300827,,"Pie, lemon (1 individual pie)",420.0,usda
300828,,"Pie, lemon (1 cup)",700.0,usda
300829,,"Pie, lemon (1 surface inch)",52.9,usda
300831,,"Pie, key lime (1 slice, any size)",483.0,usda
300832,,"Pie, key lime (1 pie, any size)",5152.0,usda
300833,,"Pie, key lime (1 individual pie)",483.0,usda
300834,,"Pie, key lime (1 cup)",805.0,usda
300835,,"Pie, key lime (1 surface inch)",60.9,usda
300837,,"Pie, peach (1 mini/small slice)",222.0,usda
300838,,"Pie, peach (1 regular slice)",444.0,usda
300839,,"Pie, peach (1 large slice)",740.0,usda
300840,,"Pie, peach (1 individual pie)",444.0,usda
300841,,"Pie, peach (1 cup)",740.0,usda
300842,,"Pie, peach (1 regular pie (8-9"" dia))",3552.0,usda
300843,,"Pie, peach (1 large pie (10"" dia plus))",5920.0,usda
300844,,"Pie, peach (1 surface inch)",55.9,usda
300846,,"Pie, strawberry (1 slice, any size)",433.5,usda
300847,,"Pie, strawberry (1 pie, any size)",4624.0,usda
300848,,"Pie, strawberry (1 individual pie)",433.5,usda
300849,,"Pie, strawberry (1 cup)",722.5,usda
300850,,"Pie, strawberry (1 surface inch)",54.6,usda
300852,,"Pie, banana cream (1 slice, any size)",426.0,usda
300853,,"Pie, banana cream (1 pie, any size)",4544.0,usda
300854,,"Pie, banana cream (1 individual pie)",426.0,usda
300855,,"Pie, banana cream (1 cup)",710.0,usda
300856,,"Pie, banana cream (1 surface inch)",53.7,usda
300858,,"Pie, chocolate cream (1 slice, any size)",436.5,usda
300859,,"Pie, chocolate cream (1 pie, any size)",4656.0,usda
300860,,"Pie, chocolate cream (1 individual pie)",436.5,usda
300861,,"Pie, chocolate cream (1 cup)",727.5,usda
300862,,"Pie, chocolate cream (1 surface inch)",55.0,usda
300864,,"Pie, coconut cream (1 slice, any size)",445.5,usda
300865,,"Pie, coconut cream (1 pie, any size)",4752.0,usda
300866,,"Pie, coconut cream (1 individual pie)",445.5,usda
300867,,"Pie, coconut cream (1 cup)",742.5,usda
300868,,"Pie, coconut cream (1 surface inch)",56.1,usda
300870,,"Pie, custard (1 slice, any size)",315.0,usda
300871,,"Pie, custard (1 pie, any size)",3360.0,usda
300872,,"Pie, custard (1 individual pie)",315.0,usda
300873,,"Pie, custard (1 cup)",525.0,usda
300874,,"Pie, custard (1 surface inch)",39.7,usda
300880,,"Pie, peanut butter cream (1 slice, any size)",631.5,usda
300881,,"Pie, peanut butter cream (1 pie, any size)",6736.0,usda
300882,,"Pie, peanut butter cream (1 individual pie)",631.5,usda
300883,,"Pie, peanut butter cream (1 cup)",1052.5,usda
300884,,"Pie, peanut butter cream (1 surface inch)",79.6,usda
300886,,"Pie, pineapple cream (1 slice, any size)",411.0,usda
300887,,"Pie, pineapple cream (1 pie, any size)",4384.0,usda
300888,,"Pie, pineapple cream (1 individual pie)",411.0,usda
300889,,"Pie, pineapple cream (1 cup)",685.0,usda
300890,,"Pie, pineapple cream (1 surface inch)",51.8,usda
300892,,"Pie, pumpkin (1 mini/small slice)",186.8,usda
300893,,"Pie, pumpkin (1 regular slice)",373.5,usda
300894,,"Pie, pumpkin (1 large slice)",622.5,usda
300895,,"Pie, pumpkin (1 individual pie)",373.5,usda
300896,,"Pie, pumpkin (1 cup)",622.5,usda
300897,,"Pie, pumpkin (1 regular pie (8-9"" dia))",2988.0,usda
300898,,"Pie, pumpkin (1 large pie (10"" dia plus))",4980.0,usda
300899,,"Pie, pumpkin (1 surface inch)",47.1,usda
300901,,"Pie, sweet potato (1 mini/small slice)",201.8,usda
300902,,"Pie, sweet potato (1 regular slice)",403.5,usda
300903,,"Pie, sweet potato (1 large slice)",672.5,usda
300904,,"Pie, sweet potato (1 individual pie)",403.5,usda
300905,,"Pie, sweet potato (1 cup)",672.5,usda
300906,,"Pie, sweet potato (1 regular pie (8-9"" dia))",3228.0,usda
300907,,"Pie, sweet potato (1 large pie (10"" dia plus))",5380.0,usda
300908,,"Pie, sweet potato (1 surface inch)",50.8,usda
300910,,"Pie, vanilla cream (1 slice, any size)",429.0,usda
300911,,"Pie, vanilla cream (1 pie, any size)",4576.0,usda
300912,,"Pie, vanilla cream (1 individual pie)",429.0,usda
300913,,"Pie, vanilla cream (1 cup)",715.0,usda
300914,,"Pie, vanilla cream (1 surface inch)",54.1,usda
300916,,"Pie, lemon meringue (1 slice, any size)",441.0,usda
300917,,"Pie, lemon meringue (1 pie, any size)",4704.0,usda
300918,,"Pie, lemon meringue (1 individual pie)",441.0,usda
300919,,"Pie, lemon meringue (1 cup)",735.0,usda
300920,,"Pie, lemon meringue (1 surface inch)",55.6,usda
300922,,"Pie, pecan (1 mini/small slice)",336.8,usda
300923,,"Pie, pecan (1 regular slice)",673.5,usda
300924,,"Pie, pecan (1 large slice)",1122.5,usda
300925,,"Pie, pecan (1 individual pie)",673.5,usda
300926,,"Pie, pecan (1 cup)",1122.5,usda
300927,,"Pie, pecan (1 regular pie (8-9"" dia))",5388.0,usda
300928,,"Pie, pecan (1 large pie (10"" dia plus))",8980.0,usda
300929,,"Pie, pecan (1 surface inch)",84.9,usda
300931,,"Pie, oatmeal (1 slice, any size)",594.0,usda
300932,,"Pie, oatmeal (1 pie, any size)",6336.0,usda
300933,,"Pie, oatmeal (1 individual pie)",594.0,usda
300934,,"Pie, oatmeal (1 cup)",990.0,usda
300935,,"Pie, oatmeal (1 surface inch)",74.8,usda
300937,,Pie shell (1 tart shell),127.0,usda
300938,,"Pie shell (1 pie shell (9"" dia))",863.6,usda
300940,,"Pie shell, graham cracker (1 tart shell)",125.3,usda
300941,,"Pie shell, graham cracker (1 pie shell (9"" dia))",1052.1,usda
300955,,"Crisp, apple (1 cup)",537.5,usda
300956,,"Crisp, apple (1 cubic inch)",32.3,usda
300958,,"Fritter, plain (1 fritter)",378.0,usda
300960,,"Fritter, fruit (1 fritter)",403.0,usda
300962,,"Crisp, berry (1 cup)",570.0,usda
300963,,"Crisp, berry (1 cubic inch)",34.2,usda
300965,,"Crisp, cherry (1 cup)",585.0,usda
300966,,"Crisp, cherry (1 cubic inch)",35.1,usda
300968,,"Crisp, peach (1 cup)",535.0,usda
300969,,"Crisp, peach (1 cubic inch)",32.1,usda
300975,,"Cream puff, eclair, custard or cream filled, not iced (1 eclair (5"" x 2"" x 1-3/4""))",237.6,usda
300976,,"Cream puff, eclair, custard or cream filled, not iced (1 cream puff (3-1/2"" x 2""))",264.0,usda
300977,,"Cream puff, eclair, custard or cream filled, not iced (1 miniature cream puff)",60.7,usda
300979,,"Cream puff, eclair, custard or cream filled, iced (1 eclair (5"" x 2"" x 1-3/4""))",340.7,usda
300980,,"Cream puff, eclair, custard or cream filled, iced (1 eclair, frozen)",260.5,usda
300981,,"Cream puff, eclair, custard or cream filled, iced (1 cream puff (3-1/2"" x 2""))",374.1,usda
300983,,"Cream puff, eclair, custard or cream filled, iced (1 Tasty-Klair pie)",377.4,usda
300984,,"Cream puff, eclair, custard or cream filled, iced, reduced fat (1 eclair, frozen)",145.2,usda
300994,,"Crepe, chocolate filled (1 crepe with filling, any size)",136.0,usda
300995,,"Crepe, chocolate filled (1 surface inch)",2.7,usda
300997,,"Crepe, fruit filled (1 crepe with filling, any size)",150.4,usda
300998,,"Crepe, fruit filled (1 surface inch)",3.0,usda
301000,,"Tamale, sweet (1 tamale)",90.7,usda
301002,,"Strudel, apple (1 piece)",351.3,usda
301003,,"Strudel, apple (1 cubic inch)",23.9,usda
301005,,"Strudel, berry (1 piece)",363.8,usda
301006,,"Strudel, berry (1 cubic inch)",24.7,usda
301008,,"Strudel, cherry (1 piece)",370.0,usda
301009,,"Strudel, cherry (1 cubic inch)",25.2,usda
301011,,"Strudel, cheese (1 piece)",447.5,usda
301012,,"Strudel, cheese (1 cubic inch)",30.4,usda
301014,,"Strudel, peach (1 piece)",351.3,usda
301015,,"Strudel, peach (1 cubic inch)",23.9,usda
301017,,Baklava (1 piece),352.0,usda
301018,,Baklava (1 cubic inch),57.2,usda
301020,,Basbousa (1 piece),225.6,usda
301021,,Basbousa (1 cubic inch),56.4,usda
301023,,"Turnover, fruit (1 item, any size)",237.0,usda
301025,,"Pastry, fruit-filled (1 pastry)",312.0,usda
301043,,"Pastry, puff (1 pastry)",61.4,usda
301044,,"Pastry, puff (1 patty shell)",262.3,usda
301046,,"Pastry, puff, custard or cream filled, iced or not iced (1 cream horn)",233.7,usda
301047,,"Pastry, puff, custard or cream filled, iced or not iced (1 Napoleon)",348.5,usda
301048,,"Pastry, puff, custard or cream filled, iced or not iced (1 miniature Napoleon)",123.0,usda
301050,,"Cheese pastry puffs (1 puff or cheese straw (5"" long))",15.9,usda
301051,,Cheese pastry puffs (1 cup),42.4,usda
301053,,Cheese pastry puffs (1 cubic inch),37.1,usda
301061,,"Empanada, fruit (1 item, any size)",195.0,usda
301063,,Breakfast pastry (1 small),207.8,usda
301064,,Breakfast pastry (1 medium),419.2,usda
301065,,Breakfast pastry (1 large),526.8,usda
301071,,"Danish pastry, plain or spice (1 small)",225.7,usda
301072,,"Danish pastry, plain or spice (1 medium)",455.4,usda
301073,,"Danish pastry, plain or spice (1 large)",572.3,usda
301074,,"Danish pastry, plain or spice (1 pecan swirl)",112.8,usda
301067,,"Danish pastry, plain or spice (1 cubic inch)",26.2,usda
301069,,"Danish pastry, plain or spice (1 Toaster Strudel)",213.6,usda
301070,,"Danish pastry, plain or spice (1 miniature)",112.8,usda
301119,,Churros (1 regular),188.6,usda
301120,,Churros (1 miniature),62.9,usda
301122,,Beignet (1 beignet),187.7,usda
301141,,Breakfast tart (1 Pop Tart),207.9,usda
301142,,Breakfast tart (1 tart),207.9,usda
301143,,Breakfast tart (1 crisp),50.1,usda
301144,,Breakfast tart (1 package (2 Pop Tarts)),415.8,usda
301146,,"Breakfast tart, lowfat (1 Pop Tart)",193.4,usda
301147,,"Breakfast tart, lowfat (1 tart)",193.4,usda
301148,,"Breakfast tart, lowfat (1 package (2 Pop Tarts))",386.9,usda
301173,,Cereal or granola bar (General Mills Fiber One Chewy Bar) (1 bar),155.6,usda
301175,,Cereal or granola bar (Kellogg's Nutri-Grain Cereal Bar) (1 Nutri-Grain Bar),135.1,usda
301177,,Cereal or granola bar (Kellogg's Nutri-Grain Yogurt Bar) (1 Nutri-Grain Bar),135.1,usda
301181,,Milk 'n Cereal bar (1 bar),165.2,usda
301182,,Milk 'n Cereal bar (1 Kellogg's bar),99.1,usda
301183,,Milk 'n Cereal bar (1 General Mills bar),165.2,usda
301185,,Cereal or granola bar (Kellogg's Special K bar) (1 bar),94.1,usda
301187,,Cereal or granola bar (Kashi Chewy) (1 bar),304.2,usda
301189,,Cereal or granola bar (Kashi Crunchy) (1 bar),150.2,usda
301193,,Cereal or granola bar (General Mills Nature Valley Chewy Trail Mix) (1 bar),145.3,usda
301199,,Cereal or granola bar (General Mills Nature Valley Crunchy Granola Bar) (1 bar),98.9,usda
301200,,Cereal or granola bar (General Mills Nature Valley Crunchy Granola Bar) (1 package (2 bars)),197.8,usda
301202,,Cereal or granola bar (Quaker Chewy Granola Bar) (1 bar),100.3,usda
301204,,Cereal or granola bar (Quaker Chewy 90 Calorie Granola Bar) (1 bar),97.9,usda
301206,,Cereal or granola bar (Quaker Chewy 25% Less Sugar Granola Bar) (1 bar),98.9,usda
301208,,Cereal or granola bar (Quaker Chewy Dipps Granola Bar) (1 bar),148.8,usda
301210,,Cereal or granola bar (Quaker Granola Bites) (1 pouch),90.2,usda
301212,,"Snack bar, oatmeal (1 bar)",233.4,usda
301213,,"Snack bar, oatmeal (1 cookie)",186.7,usda
301215,,Cereal or Granola bar (1 bar),202.5,usda
301216,,Cereal or Granola bar (1 New Trail),188.4,usda
301217,,Cereal or Granola bar (1 fun size bar),84.8,usda
301218,,Cereal or Granola bar (1 Sunbelt bar),146.0,usda
301220,,"Cereal or granola bar, lowfat (1 bar)",97.9,usda
301221,,"Cereal or granola bar, lowfat (1 Sunbelt bar)",142.8,usda
301223,,"Cereal or granola bar, nonfat (1 bar)",147.1,usda
301225,,"Cereal or granola bar, reduced sugar (1 bar)",98.9,usda
301229,,"Cereal or granola bar, peanuts , oats, sugar, wheat germ (1 bar)",202.5,usda
301231,,"Cereal or granola bar, chocolate coated (1 bar)",168.0,usda
301232,,"Cereal or granola bar, chocolate coated (1 Kudos Chocolate and Granola Snacks)",172.8,usda
301233,,"Cereal or granola bar, chocolate coated (1 Sweet Success bar)",158.4,usda
301234,,"Cereal or granola bar, chocolate coated (1 cup)",561.6,usda
301256,,Breakfast bar (1 bar),161.7,usda
301263,,Nutrition bar (Balance Original Bar) (1 bar),207.5,usda
301265,,Nutrition bar (Clif Bar) (1 bar),235.3,usda
301266,,Nutrition bar (Clif Bar) (1 miniature bar),96.9,usda
301268,,Nutrition bar (Clif Kids Organic Zbar) (1 bar),149.8,usda
301270,,Nutrition bar (PowerBar) (1 bar),246.8,usda
301272,,Nutrition bar (Slim Fast Original Meal Bar) (1 bar),216.2,usda
301274,,Nutrition bar (Snickers Marathon Protein Bar) (1 bar),332.0,usda
301276,,Nutrition bar (South Beach Living Meal Bar) (1 bar),193.0,usda
301278,,Nutrition bar (South Beach Living High Protein Bar) (1 bar),144.2,usda
301280,,Nutrition bar (Tiger's Milk) (1 bar),135.5,usda
301281,,Nutrition bar (Tiger's Milk) (1 king size bar),212.9,usda
301283,,Nutrition bar (Zone Perfect Classic Crunch) (1 bar),213.0,usda
301284,,Nutrition bar (Zone Perfect Classic Crunch) (1 snack size bar),85.2,usda
301286,,Nutrition bar or meal replacement bar (1 bar),131.2,usda
301298,,Crackers (1 cracker),15.3,usda
301299,,Crackers (1 miniature/bite size),5.1,usda
301300,,Crackers (1 small or medium single serving bag),229.5,usda
301301,,Crackers (1 large single serving bag),433.5,usda
301302,,Crackers (1 sleeve),586.5,usda
301303,,Crackers (1 cup),255.0,usda
301304,,"Crackers (1 cup, bite size)",306.0,usda
301306,,Graham crackers (1 large rectangular piece or 2 squares or 4 small rectangular pieces),64.5,usda
301307,,Graham crackers (1 miniature/bite size),12.9,usda
301308,,Graham crackers (1 stick),12.9,usda
301309,,Graham crackers (1 small or medium single serving bag),193.5,usda
301310,,Graham crackers (1 large single serving bag),365.5,usda
301311,,Graham crackers (1 100 calorie package),90.3,usda
301312,,"Graham crackers (1 cup, crushed)",365.5,usda
301314,,Graham crackers (Teddy Grahams) (1 cracker),4.3,usda
301315,,Graham crackers (Teddy Grahams) (1 small or medium single serving bag),193.5,usda
301316,,Graham crackers (Teddy Grahams) (1 large single serving bag),365.5,usda
301317,,Graham crackers (Teddy Grahams) (1 cup),301.0,usda
301319,,"Graham crackers, chocolate covered (1 cracker)",125.0,usda
301320,,"Graham crackers, chocolate covered (1 Keebler Deluxe Graham)",50.0,usda
301321,,"Graham crackers, chocolate covered (1 100 calorie package)",105.0,usda
301323,,"Crackers, oatmeal (1 cracker)",45.5,usda
301325,,"Crackers, Cuban (1 cracker)",21.5,usda
301327,,"Graham crackers, reduced fat (1 large rectangular piece or 2 squares or 4 small rectangular pieces)",77.2,usda
301328,,"Graham crackers, reduced fat (1 miniature/bite size)",11.6,usda
301329,,"Graham crackers, reduced fat (1 small or medium single serving bag)",173.7,usda
301330,,"Graham crackers, reduced fat (1 large single serving bag)",328.1,usda
301331,,"Graham crackers, reduced fat (1 100 calorie package)",100.4,usda
301339,,"Crackers, breakfast biscuit (1 biscuit)",64.1,usda
301340,,"Crackers, breakfast biscuit (1 biscuit, hard)",64.1,usda
301341,,"Crackers, breakfast biscuit (1 biscuit, soft)",213.5,usda
301343,,"Crackers, butter, reduced sodium (1 cracker)",13.3,usda
301344,,"Crackers, butter, reduced sodium (1 miniature/bite size)",4.4,usda
301345,,"Crackers, butter, reduced sodium (1 small or medium single serving bag)",199.4,usda
301346,,"Crackers, butter, reduced sodium (1 large single serving bag)",376.6,usda
301347,,"Crackers, butter, reduced sodium (1 cup)",221.5,usda
301348,,"Crackers, butter, reduced sodium (1 cup, bite size)",265.8,usda
301350,,"Crackers, matzo, reduced sodium (1 matzo)",98.8,usda
301352,,"Crackers, saltine, reduced sodium (1 cracker)",12.5,usda
301353,,"Crackers, saltine, reduced sodium (1 miniature/bite size)",4.2,usda
301354,,"Crackers, saltine, reduced sodium (1 sleeve)",478.4,usda
301355,,"Crackers, saltine, reduced sodium (1 cup)",208.0,usda
301357,,"Crackers, wheat, reduced sodium (1 cracker)",13.3,usda
301358,,"Crackers, wheat, reduced sodium (1 small or medium single serving bag)",199.4,usda
301359,,"Crackers, wheat, reduced sodium (1 large single serving bag)",376.6,usda
301360,,"Crackers, wheat, reduced sodium (1 cup)",221.5,usda
301362,,"Crackers, woven wheat, reduced sodium (1 cracker)",22.2,usda
301363,,"Crackers, woven wheat, reduced sodium (1 cup)",310.1,usda
301365,,"Crackers, butter, plain (1 cracker)",15.3,usda
301366,,"Crackers, butter, plain (1 miniature/bite size)",5.1,usda
301367,,"Crackers, butter, plain (1 small or medium single serving bag)",229.5,usda
301368,,"Crackers, butter, plain (1 large single serving bag)",433.5,usda
301369,,"Crackers, butter, plain (1 sleeve)",586.5,usda
301370,,"Crackers, butter, plain (1 cup)",255.0,usda
301371,,"Crackers, butter, plain (1 cup, bite size)",306.0,usda
301372,,"Crackers, butter, plain (1 cup, crushed)",357.0,usda
301382,,"Crackers, butter (Ritz) (1 cracker)",15.3,usda
301383,,"Crackers, butter (Ritz) (1 miniature/bite size)",5.1,usda
301384,,"Crackers, butter (Ritz) (1 small or medium single serving bag)",229.5,usda
301385,,"Crackers, butter (Ritz) (1 large single serving bag)",433.5,usda
301386,,"Crackers, butter (Ritz) (1 fresh stack)",255.0,usda
301387,,"Crackers, butter (Ritz) (1 sleeve)",586.5,usda
301388,,"Crackers, butter (Ritz) (1 cup)",255.0,usda
301389,,"Crackers, butter (Ritz) (1 cup, bite size)",306.0,usda
301390,,"Crackers, butter (Ritz) (1 cup, crushed)",357.0,usda
301392,,"Crackers, butter, reduced fat (1 cracker)",13.3,usda
301393,,"Crackers, butter, reduced fat (1 miniature/bite size)",4.4,usda
301394,,"Crackers, butter, reduced fat (1 small or medium single serving bag)",199.8,usda
301395,,"Crackers, butter, reduced fat (1 large single serving bag)",377.4,usda
301396,,"Crackers, butter, reduced fat (1 sleeve)",510.6,usda
301397,,"Crackers, butter, reduced fat (1 cup)",222.0,usda
301398,,"Crackers, butter, reduced fat (1 cup, bite size)",266.4,usda
301400,,"Crackers, cheese (1 cracker)",14.7,usda
301409,,"Crackers, cheese (1 cup, bite size)",293.4,usda
301401,,"Crackers, cheese (1 miniature/bite size)",4.9,usda
301402,,"Crackers, cheese (1 small square cracker)",4.9,usda
301403,,"Crackers, cheese (1 Better Cheddars cracker)",4.9,usda
301404,,"Crackers, cheese (1 Cheese Nip)",4.9,usda
301405,,"Crackers, cheese (1 small or medium single serving bag)",220.1,usda
301406,,"Crackers, cheese (1 large single serving bag)",415.7,usda
301407,,"Crackers, cheese (1 100 calorie package)",102.7,usda
301408,,"Crackers, cheese (1 cup)",244.5,usda
301411,,"Crackers, cheese (Cheez-It) (1 cracker)",4.9,usda
301412,,"Crackers, cheese (Cheez-It) (1 Big cracker)",9.8,usda
301413,,"Crackers, cheese (Cheez-It) (1 small or medium single serving bag)",220.1,usda
301414,,"Crackers, cheese (Cheez-It) (1 large single serving bag)",415.7,usda
301415,,"Crackers, cheese (Cheez-It) (1 100 calorie package)",102.7,usda
301416,,"Crackers, cheese (Cheez-It) (1 cup)",244.5,usda
301418,,"Crackers, cheese (Goldfish) (1 goldfish)",4.9,usda
301419,,"Crackers, cheese (Goldfish) (1 small or medium single serving bag)",220.1,usda
301420,,"Crackers, cheese (Goldfish) (1 large single serving bag)",415.7,usda
301421,,"Crackers, cheese (Goldfish) (1 100 calorie package)",102.7,usda
301422,,"Crackers, cheese (Goldfish) (1 cup)",244.5,usda
301424,,"Crackers, cheese, reduced fat (1 cracker)",12.5,usda
301425,,"Crackers, cheese, reduced fat (1 miniature/bite size)",4.2,usda
301426,,"Crackers, cheese, reduced fat (1 small square cracker)",4.2,usda
301427,,"Crackers, cheese, reduced fat (1 Cheese Nip)",4.2,usda
301428,,"Crackers, cheese, reduced fat (1 small or medium single serving bag)",188.1,usda
301429,,"Crackers, cheese, reduced fat (1 large single serving bag)",355.3,usda
301430,,"Crackers, cheese, reduced fat (1 100 calorie package)",87.8,usda
301431,,"Crackers, cheese, reduced fat (1 cup)",209.0,usda
301432,,"Crackers, cheese, reduced fat (1 cup, bite size)",250.8,usda
301434,,"Crackers, cheese, reduced sodium (1 cracker)",15.1,usda
301435,,"Crackers, cheese, reduced sodium (1 miniature/bite size)",5.0,usda
301436,,"Crackers, cheese, reduced sodium (1 small or medium single serving bag)",226.4,usda
301437,,"Crackers, cheese, reduced sodium (1 large single serving bag)",427.6,usda
301438,,"Crackers, cheese, reduced sodium (1 cup)",251.5,usda
301440,,"Crackers, cheese, whole grain (1 cracker)",12.4,usda
301441,,"Crackers, cheese, whole grain (1 miniature/bite size)",4.1,usda
301442,,"Crackers, cheese, whole grain (1 small square cracker)",4.1,usda
301443,,"Crackers, cheese, whole grain (1 Kashi TLC cracker)",12.4,usda
301444,,"Crackers, cheese, whole grain (1 small or medium single serving bag)",185.4,usda
301445,,"Crackers, cheese, whole grain (1 large single serving bag)",350.2,usda
301446,,"Crackers, cheese, whole grain (1 100 calorie package)",98.9,usda
301447,,"Crackers, cheese, whole grain (1 cup)",206.0,usda
301448,,"Crackers, cheese, whole grain (1 cup, bite size)",247.2,usda
301450,,"Crackers, crispbread (1 crispbread or cracker)",36.6,usda
301452,,"Crackers, flatbread (1 flatbread)",41.2,usda
301453,,"Crackers, flatbread (1 Wheat Thins)",41.2,usda
301454,,"Crackers, flatbread (1 Town House cracker)",8.2,usda
301456,,"Crackers, matzo (1 matzo)",110.6,usda
301458,,"Crackers, milk (1 cracker)",44.6,usda
301460,,"Crackers, oyster (1 cracker)",4.2,usda
301462,,"Crackers, oyster (1 single serving bag)",62.7,usda
301463,,"Crackers, oyster (1 cup)",209.0,usda
301464,,"Chips, rice (1 chip)",3.8,usda
301465,,"Chips, rice (1 small single serving bag)",107.5,usda
301466,,"Chips, rice (1 medium single serving bag)",218.9,usda
301467,,"Chips, rice (1 large single serving bag)",326.4,usda
301468,,"Chips, rice (1 cup)",115.2,usda
301475,,"Crackers, rice (1 cracker)",12.5,usda
301477,,"Crackers, rice (1 cup)",166.4,usda
301485,,"Rice paper (1 small paper (6-3/8"" dia))",16.2,usda
301486,,"Rice paper (1 medium paper (8-5/8"" dia))",48.5,usda
301487,,"Rice paper (1 large paper (12-3/8"" dia))",64.6,usda
301489,,"Crackers, saltine (1 cracker)",12.5,usda
301490,,"Crackers, saltine (1 miniature/bite size)",4.2,usda
301491,,"Crackers, saltine (1 sleeve)",480.7,usda
301492,,"Crackers, saltine (1 cup)",209.0,usda
301494,,"Crackers, saltine, reduced fat (1 cracker)",11.8,usda
301495,,"Crackers, saltine, reduced fat (1 miniature/bite size)",3.9,usda
301496,,"Crackers, saltine, reduced fat (1 sleeve)",452.0,usda
301497,,"Crackers, saltine, reduced fat (1 cup)",196.5,usda
301499,,"Crackers, saltine, multigrain (1 cracker)",11.9,usda
301500,,"Crackers, saltine, multigrain (1 miniature/bite size)",4.0,usda
301501,,"Crackers, saltine, multigrain (1 sleeve)",457.7,usda
301502,,"Crackers, saltine, multigrain (1 cup)",199.0,usda
301504,,"Crackers, multigrain (1 cracker)",14.5,usda
301505,,"Crackers, multigrain (1 Special K Snack Cracker)",4.8,usda
301506,,"Crackers, multigrain (1 small or medium single serving bag)",216.9,usda
301507,,"Crackers, multigrain (1 large single serving bag)",409.7,usda
301508,,"Crackers, multigrain (1 cup)",241.0,usda
301547,,"Crackers, water (1 cracker)",11.5,usda
301548,,"Crackers, water (1 cup)",230.4,usda
301550,,"Crackers, wonton (1 cracker)",15.6,usda
301551,,"Crackers, wonton (1 cup)",260.5,usda
301553,,"Crackers, woven wheat (1 cracker)",22.1,usda
301554,,"Crackers, woven wheat (1 miniature/bite size)",4.4,usda
301555,,"Crackers, woven wheat (1 small or medium single serving bag)",198.5,usda
301556,,"Crackers, woven wheat (1 large single serving bag)",374.9,usda
301557,,"Crackers, woven wheat (1 cup)",308.7,usda
301559,,"Crackers, woven wheat, plain (Triscuit) (1 cracker)",22.1,usda
301560,,"Crackers, woven wheat, plain (Triscuit) (1 miniature/bite size)",4.4,usda
301561,,"Crackers, woven wheat, plain (Triscuit) (1 crisp)",8.8,usda
301562,,"Crackers, woven wheat, plain (Triscuit) (1 cup)",308.7,usda
301569,,"Crackers, woven wheat, reduced fat (1 cracker)",20.8,usda
301570,,"Crackers, woven wheat, reduced fat (1 small or medium single serving bag)",187.2,usda
301571,,"Crackers, woven wheat, reduced fat (1 large single serving bag)",353.6,usda
301572,,"Crackers, woven wheat, reduced fat (1 cup)",291.2,usda
301574,,"Crackers, wheat (1 cracker)",13.2,usda
301575,,"Crackers, wheat (1 miniature/bite size)",4.4,usda
301576,,"Crackers, wheat (1 Wheatable)",8.8,usda
301577,,"Crackers, wheat (1 small or medium single serving bag)",198.5,usda
301578,,"Crackers, wheat (1 large single serving bag)",374.9,usda
301579,,"Crackers, wheat (1 cup)",220.5,usda
301580,,"Crackers, wheat (1 cup, bite size)",264.6,usda
301582,,"Crackers, wheat, plain (Wheat Thins) (1 cracker)",13.2,usda
301583,,"Crackers, wheat, plain (Wheat Thins) (1 Big cracker)",22.1,usda
301584,,"Crackers, wheat, plain (Wheat Thins) (1 snack stick)",8.8,usda
301585,,"Crackers, wheat, plain (Wheat Thins) (1 small or medium single serving bag)",198.5,usda
301586,,"Crackers, wheat, plain (Wheat Thins) (1 large single serving bag)",374.9,usda
301587,,"Crackers, wheat, plain (Wheat Thins) (1 cup)",220.5,usda
301595,,"Crackers, wheat, reduced fat (1 cracker)",13.3,usda
301596,,"Crackers, wheat, reduced fat (1 miniature/bite size)",4.4,usda
301597,,"Crackers, wheat, reduced fat (1 small or medium single serving bag)",199.8,usda
301598,,"Crackers, wheat, reduced fat (1 large single serving bag)",377.4,usda
301599,,"Crackers, wheat, reduced fat (1 cup)",222.0,usda
301601,,"Crackers, gluten free, plain (1 cracker)",13.6,usda
301603,,"Crackers, gluten free, plain (1 cup)",226.5,usda
301622,,Corn nuts (1 nut),8.9,usda
301623,,Corn nuts (1 small single serving bag),124.9,usda
301624,,Corn nuts (1 medium single serving bag),254.2,usda
301625,,Corn nuts (1 large single serving bag),379.1,usda
301626,,Corn nuts (1 cup),423.7,usda
301628,,"Corn chips, plain (1 chip)",5.4,usda
301629,,"Corn chips, plain (1 small single serving bag)",149.8,usda
301630,,"Corn chips, plain (1 medium single serving bag)",305.0,usda
301631,,"Corn chips, plain (1 large single serving bag)",454.8,usda
301632,,"Corn chips, plain (1 100 calorie package)",107.0,usda
301633,,"Corn chips, plain (1 cup)",240.8,usda
301642,,"Corn chips, plain (Fritos) (1 chip)",5.4,usda
301643,,"Corn chips, plain (Fritos) (1 small single serving bag)",150.9,usda
301644,,"Corn chips, plain (Fritos) (1 medium single serving bag)",307.2,usda
301645,,"Corn chips, plain (Fritos) (1 large single serving bag)",458.2,usda
301646,,"Corn chips, plain (Fritos) (1 100 calorie package)",107.8,usda
301647,,"Corn chips, plain (Fritos) (1 cup)",242.6,usda
301670,,"Tortilla chips, plain (1 chip)",14.2,usda
301671,,"Tortilla chips, plain (1 small single serving bag)",132.2,usda
301672,,"Tortilla chips, plain (1 medium single serving bag)",269.0,usda
301673,,"Tortilla chips, plain (1 large single serving bag)",401.2,usda
301674,,"Tortilla chips, plain (1 100 calorie package)",94.4,usda
301675,,"Tortilla chips, plain (1 cup)",141.6,usda
301692,,"Corn chips, reduced sodium (1 chip)",5.5,usda
301693,,"Corn chips, reduced sodium (1 small single serving bag)",153.7,usda
301694,,"Corn chips, reduced sodium (1 medium single serving bag)",312.9,usda
301695,,"Corn chips, reduced sodium (1 large single serving bag)",466.7,usda
301696,,"Corn chips, reduced sodium (1 100 calorie package)",109.8,usda
301697,,"Corn chips, reduced sodium (1 cup)",247.1,usda
301699,,"Tortilla chips, nacho cheese flavor (Doritos) (1 chip)",15.6,usda
301700,,"Tortilla chips, nacho cheese flavor (Doritos) (1 small single serving bag)",145.3,usda
301701,,"Tortilla chips, nacho cheese flavor (Doritos) (1 medium single serving bag)",295.8,usda
301702,,"Tortilla chips, nacho cheese flavor (Doritos) (1 large single serving bag)",441.2,usda
301703,,"Tortilla chips, nacho cheese flavor (Doritos) (1 100 calorie package)",103.8,usda
301704,,"Tortilla chips, nacho cheese flavor (Doritos) (1 cup)",155.7,usda
301706,,"Tortilla chips, cool ranch flavor (Doritos) (1 chip)",14.1,usda
301707,,"Tortilla chips, cool ranch flavor (Doritos) (1 small single serving bag)",131.6,usda
301708,,"Tortilla chips, cool ranch flavor (Doritos) (1 medium single serving bag)",267.9,usda
301709,,"Tortilla chips, cool ranch flavor (Doritos) (1 large single serving bag)",399.5,usda
301710,,"Tortilla chips, cool ranch flavor (Doritos) (1 100 calorie package)",94.0,usda
301711,,"Tortilla chips, cool ranch flavor (Doritos) (1 cup)",141.0,usda
301713,,"Tortilla chips, other flavors (Doritos) (1 chip)",15.6,usda
301714,,"Tortilla chips, other flavors (Doritos) (1 small single serving bag)",145.3,usda
301715,,"Tortilla chips, other flavors (Doritos) (1 medium single serving bag)",295.8,usda
301716,,"Tortilla chips, other flavors (Doritos) (1 large single serving bag)",441.2,usda
301717,,"Tortilla chips, other flavors (Doritos) (1 100 calorie package)",103.8,usda
301718,,"Tortilla chips, other flavors (Doritos) (1 cup)",155.7,usda
301720,,"Tortilla chips, reduced fat, plain (1 chip)",8.2,usda
301721,,"Tortilla chips, reduced fat, plain (1 small single serving bag)",115.1,usda
301722,,"Tortilla chips, reduced fat, plain (1 medium single serving bag)",234.3,usda
301723,,"Tortilla chips, reduced fat, plain (1 large single serving bag)",349.4,usda
301724,,"Tortilla chips, reduced fat, plain (1 cup)",123.3,usda
301732,,"Tortilla chips, low fat, unsalted (1 chip)",8.3,usda
301733,,"Tortilla chips, low fat, unsalted (1 small single serving bag)",116.5,usda
301734,,"Tortilla chips, low fat, unsalted (1 medium single serving bag)",237.1,usda
301735,,"Tortilla chips, low fat, unsalted (1 large single serving bag)",353.6,usda
301736,,"Tortilla chips, low fat, unsalted (1 cup)",124.8,usda
301738,,"Tortilla chips, reduced sodium (1 chip)",9.8,usda
301739,,"Tortilla chips, reduced sodium (1 small single serving bag)",136.9,usda
301740,,"Tortilla chips, reduced sodium (1 medium single serving bag)",278.7,usda
301741,,"Tortilla chips, reduced sodium (1 large single serving bag)",415.7,usda
301742,,"Tortilla chips, reduced sodium (1 cup)",146.7,usda
301744,,Snack mix (1 cup),302.4,usda
301745,,Snack mix (1 small single serving bag),141.1,usda
301746,,Snack mix (1 medium single serving bag),287.3,usda
301747,,Snack mix (1 large single serving bag),428.4,usda
301748,,Snack mix (1 100 calorie package),100.8,usda
301750,,"Potato chips, restructured, multigrain (1 chip)",10.1,usda
301751,,"Potato chips, restructured, multigrain (1 1-inch stack)",141.4,usda
301752,,"Potato chips, restructured, multigrain (1 snack size tub/can)",101.0,usda
301753,,"Potato chips, restructured, multigrain (1 small can)",303.0,usda
301754,,"Potato chips, restructured, multigrain (1 regular can)",934.3,usda
301755,,"Potato chips, restructured, multigrain (1 100 calorie package)",151.5,usda
301756,,"Potato chips, restructured, multigrain (1 cup)",126.3,usda
301758,,Pita chips (1 chip),13.7,usda
301759,,Pita chips (1 small single serving bag),128.0,usda
301760,,Pita chips (1 medium single serving bag),260.5,usda
301761,,Pita chips (1 large single serving bag),388.5,usda
301762,,Pita chips (1 100 calorie package),91.4,usda
301763,,Pita chips (1 cup),274.2,usda
301765,,Popcorn (1 regular microwave bag),440.3,usda
301774,,Popcorn (1 kernel),1.0,usda
301766,,Popcorn (1 snack/mini microwave bag),222.7,usda
301767,,Popcorn (1 small single serving bag),145.0,usda
301768,,Popcorn (1 medium single serving bag),295.3,usda
301769,,Popcorn (1 large single serving bag),440.3,usda
301770,,Popcorn (1 single serving bag),295.3,usda
301771,,Popcorn (1 100 calorie package),155.4,usda
301772,,"Popcorn (1 cup, popped)",72.5,usda
301773,,"Popcorn (1 cup, unpopped, yields)",999.7,usda
301785,,"Popcorn, movie theater, no butter added (1 kids size order)",398.0,usda
301786,,"Popcorn, movie theater, no butter added (1 small order)",530.6,usda
301787,,"Popcorn, movie theater, no butter added (1 medium order)",862.3,usda
301788,,"Popcorn, movie theater, no butter added (1 large order)",1127.6,usda
301789,,"Popcorn, movie theater, no butter added (1 extra large order)",1326.6,usda
301790,,"Popcorn, movie theater, no butter added (1 order)",862.3,usda
301791,,"Popcorn, movie theater, no butter added (1 cup)",66.3,usda
301792,,"Popcorn, movie theater, no butter added (1 kernel)",1.2,usda
301794,,"Popcorn, air-popped, no butter added (1 cup, popped)",30.8,usda
301795,,"Popcorn, air-popped, no butter added (1 cup, unpopped, yields)",519.8,usda
301796,,"Popcorn, air-popped, no butter added (1 oz, unpopped, yields)",73.2,usda
301797,,"Popcorn, air-popped, no butter added (1 kernel)",0.8,usda
301804,,"Popcorn, popped in oil, no butter added (1 cup, popped)",54.8,usda
301805,,"Popcorn, popped in oil, no butter added (1 cup, unpopped, yields)",881.5,usda
301806,,"Popcorn, popped in oil, no butter added (1 oz, unpopped, yields)",124.5,usda
301807,,"Popcorn, popped in oil, no butter added (1 kernel)",1.0,usda
301814,,"Popcorn, microwave (1 regular microwave bag)",440.3,usda
301815,,"Popcorn, microwave (1 snack/mini microwave bag)",222.7,usda
301816,,"Popcorn, microwave (1 100 calorie package)",155.4,usda
301817,,"Popcorn, microwave (1 cup, popped)",72.5,usda
301818,,"Popcorn, microwave (1 kernel)",1.0,usda
301820,,"Popcorn, microwave, plain (1 regular microwave bag)",440.3,usda
301821,,"Popcorn, microwave, plain (1 snack/mini microwave bag)",222.7,usda
301822,,"Popcorn, microwave, plain (1 100 calorie package)",155.4,usda
301823,,"Popcorn, microwave, plain (1 cup, popped)",57.0,usda
301824,,"Popcorn, microwave, plain (1 kernel)",1.0,usda
301826,,"Popcorn, microwave, plain, light (1 regular microwave bag)",347.7,usda
301827,,"Popcorn, microwave, plain, light (1 snack/mini microwave bag)",175.9,usda
301828,,"Popcorn, microwave, plain, light (1 100 calorie package)",122.7,usda
301829,,"Popcorn, microwave, plain, light (1 cup, popped)",32.7,usda
301830,,"Popcorn, microwave, plain, light (1 kernel)",0.8,usda
301832,,"Popcorn, microwave, low sodium (1 regular microwave bag)",421.6,usda
301833,,"Popcorn, microwave, low sodium (1 snack/mini microwave bag)",213.3,usda
301834,,"Popcorn, microwave, low sodium (1 100 calorie package)",148.8,usda
301835,,"Popcorn, microwave, low sodium (1 cup, popped)",54.6,usda
301836,,"Popcorn, microwave, low sodium (1 kernel)",1.0,usda
301856,,"Popcorn, microwave, kettle (1 regular microwave bag)",428.4,usda
301857,,"Popcorn, microwave, kettle (1 snack/mini microwave bag)",216.7,usda
301858,,"Popcorn, microwave, kettle (1 100 calorie package)",151.2,usda
301859,,"Popcorn, microwave, kettle (1 cup, popped)",70.6,usda
301860,,"Popcorn, microwave, kettle (1 kernel)",1.0,usda
301862,,"Popcorn, ready-to-eat (1 cup)",74.2,usda
301863,,"Popcorn, ready-to-eat (1 small single serving bag)",148.4,usda
301864,,"Popcorn, ready-to-eat (1 medium single serving bag)",302.1,usda
301865,,"Popcorn, ready-to-eat (1 large single serving bag)",450.5,usda
301866,,"Popcorn, ready-to-eat (1 single serving bag)",302.1,usda
301867,,"Popcorn, ready-to-eat (1 kernel)",1.1,usda
301869,,"Popcorn, ready-to-eat, plain (1 cup)",53.0,usda
301870,,"Popcorn, ready-to-eat, plain (1 small single serving bag)",135.0,usda
301871,,"Popcorn, ready-to-eat, plain (1 medium single serving bag)",274.7,usda
301872,,"Popcorn, ready-to-eat, plain (1 large single serving bag)",409.7,usda
301873,,"Popcorn, ready-to-eat, plain (1 single serving bag)",274.7,usda
301874,,"Popcorn, ready-to-eat, plain (1 kernel)",1.0,usda
301876,,"Popcorn, ready-to-eat, plain, light (1 cup)",35.0,usda
301877,,"Popcorn, ready-to-eat, plain, light (1 small single serving bag)",122.4,usda
301878,,"Popcorn, ready-to-eat, plain, light (1 medium single serving bag)",249.1,usda
301879,,"Popcorn, ready-to-eat, plain, light (1 large single serving bag)",371.5,usda
301880,,"Popcorn, ready-to-eat, plain, light (1 single serving bag)",249.1,usda
301881,,"Popcorn, ready-to-eat, plain, light (1 kernel)",0.9,usda
301883,,"Popcorn, ready-to-eat, low sodium (1 cup)",53.5,usda
301884,,"Popcorn, ready-to-eat, low sodium (1 small single serving bag)",136.1,usda
301885,,"Popcorn, ready-to-eat, low sodium (1 medium single serving bag)",277.0,usda
301886,,"Popcorn, ready-to-eat, low sodium (1 large single serving bag)",413.1,usda
301887,,"Popcorn, ready-to-eat, low sodium (1 single serving bag)",277.0,usda
301888,,"Popcorn, ready-to-eat, low sodium (1 kernel)",1.0,usda
301911,,"Popcorn, ready-to-eat, kettle (1 cup)",74.3,usda
301912,,"Popcorn, ready-to-eat, kettle (1 small single serving bag)",148.7,usda
301913,,"Popcorn, ready-to-eat, kettle (1 medium single serving bag)",302.7,usda
301914,,"Popcorn, ready-to-eat, kettle (1 large single serving bag)",451.4,usda
301915,,"Popcorn, ready-to-eat, kettle (1 single serving bag)",302.7,usda
301916,,"Popcorn, ready-to-eat, kettle (1 kernel)",1.1,usda
301918,,"Popcorn, caramel coated (1 cup)",149.8,usda
301919,,"Popcorn, caramel coated (1 small single serving bag)",119.8,usda
301920,,"Popcorn, caramel coated (1 medium single serving bag)",244.0,usda
301921,,"Popcorn, caramel coated (1 large single serving bag)",363.8,usda
301922,,"Popcorn, caramel coated (1 popcorn ball)",149.8,usda
301923,,"Popcorn, caramel coated (1 kernel)",2.6,usda
301932,,"Popcorn, chocolate coated (1 cup)",142.5,usda
301933,,"Popcorn, chocolate coated (1 small single serving bag)",114.0,usda
301934,,"Popcorn, chocolate coated (1 medium single serving bag)",232.0,usda
301935,,"Popcorn, chocolate coated (1 large single serving bag)",346.0,usda
301936,,"Popcorn, chocolate coated (1 kernel)",2.4,usda
301938,,"Popcorn chips, plain (1 chip)",4.4,usda
301939,,"Popcorn chips, plain (1 small single serving bag)",122.6,usda
301940,,"Popcorn chips, plain (1 medium single serving bag)",249.7,usda
301941,,"Popcorn chips, plain (1 large single serving bag)",372.3,usda
301942,,"Popcorn chips, plain (1 cup)",131.4,usda
301944,,"Popcorn chips, other flavors (1 chip)",4.4,usda
301945,,"Popcorn chips, other flavors (1 small single serving bag)",122.6,usda
301946,,"Popcorn chips, other flavors (1 medium single serving bag)",249.7,usda
301947,,"Popcorn chips, other flavors (1 large single serving bag)",372.3,usda
301948,,"Popcorn chips, other flavors (1 cup)",131.4,usda
301950,,"Popcorn chips, sweet flavors (1 chip)",4.6,usda
301951,,"Popcorn chips, sweet flavors (1 cup)",136.5,usda
301952,,"Popcorn chips, sweet flavors (1 small single serving bag)",127.4,usda
301953,,"Popcorn chips, sweet flavors (1 medium single serving bag)",259.4,usda
301954,,"Popcorn chips, sweet flavors (1 large single serving bag)",386.8,usda
301962,,Shrimp chips (1 chip),25.6,usda
301963,,Shrimp chips (1 cup),170.4,usda
301965,,Pretzels (1 pretzel),11.5,usda
301966,,Pretzels (1 small single serving bag),107.5,usda
301967,,Pretzels (1 medium single serving bag),218.9,usda
301968,,Pretzels (1 large single serving bag),326.4,usda
301969,,Pretzels (1 100 calorie package),96.0,usda
301970,,Pretzels (1 cup),153.6,usda
301972,,"Pretzels, hard (1 miniature/bite size)",5.8,usda
301981,,"Pretzels, hard (1 100 calorie package)",96.0,usda
301982,,"Pretzels, hard (1 cup)",153.6,usda
301973,,"Pretzels, hard (1-3 ring thin pretzel)",11.5,usda
301974,,"Pretzels, hard (1-3 ring thick pretzel)",65.3,usda
301975,,"Pretzels, hard (1 pretzel stick)",3.8,usda
301976,,"Pretzels, hard (1 rod)",38.4,usda
301977,,"Pretzels, hard (1 pretzel)",11.5,usda
301978,,"Pretzels, hard (1 small single serving bag)",107.5,usda
301979,,"Pretzels, hard (1 medium single serving bag)",218.9,usda
301980,,"Pretzels, hard (1 large single serving bag)",326.4,usda
301984,,"Pretzels, hard, plain, salted (1 miniature/bite size)",5.8,usda
301993,,"Pretzels, hard, plain, salted (1 100 calorie package)",96.0,usda
301994,,"Pretzels, hard, plain, salted (1 cup)",153.6,usda
301985,,"Pretzels, hard, plain, salted (1-3 ring thin pretzel)",11.5,usda
301986,,"Pretzels, hard, plain, salted (1-3 ring thick pretzel)",65.3,usda
301987,,"Pretzels, hard, plain, salted (1 pretzel stick)",3.8,usda
301988,,"Pretzels, hard, plain, salted (1 rod)",38.4,usda
301989,,"Pretzels, hard, plain, salted (1 pretzel)",11.5,usda
301990,,"Pretzels, hard, plain, salted (1 small single serving bag)",107.5,usda
301991,,"Pretzels, hard, plain, salted (1 medium single serving bag)",218.9,usda
301992,,"Pretzels, hard, plain, salted (1 large single serving bag)",326.4,usda
301996,,"Pretzels, hard, plain, lightly salted (1 miniature/bite size)",5.7,usda
302005,,"Pretzels, hard, plain, lightly salted (1 100 calorie package)",95.5,usda
302006,,"Pretzels, hard, plain, lightly salted (1 cup)",152.8,usda
301997,,"Pretzels, hard, plain, lightly salted (1-3 ring thin pretzel)",11.5,usda
301998,,"Pretzels, hard, plain, lightly salted (1-3 ring thick pretzel)",64.9,usda
301999,,"Pretzels, hard, plain, lightly salted (1 pretzel stick)",3.8,usda
302000,,"Pretzels, hard, plain, lightly salted (1 rod)",38.2,usda
302001,,"Pretzels, hard, plain, lightly salted (1 pretzel)",11.5,usda
302002,,"Pretzels, hard, plain, lightly salted (1 small single serving bag)",107.0,usda
302003,,"Pretzels, hard, plain, lightly salted (1 medium single serving bag)",217.7,usda
302004,,"Pretzels, hard, plain, lightly salted (1 large single serving bag)",324.7,usda
302008,,"Pretzels, hard, plain, unsalted (1 miniature/bite size)",5.7,usda
302017,,"Pretzels, hard, plain, unsalted (1 100 calorie package)",95.3,usda
302018,,"Pretzels, hard, plain, unsalted (1 cup)",152.4,usda
302009,,"Pretzels, hard, plain, unsalted (1-3 ring thin pretzel)",11.4,usda
302010,,"Pretzels, hard, plain, unsalted (1-3 ring thick pretzel)",64.8,usda
302011,,"Pretzels, hard, plain, unsalted (1 pretzel stick)",3.8,usda
302012,,"Pretzels, hard, plain, unsalted (1 rod)",38.1,usda
302013,,"Pretzels, hard, plain, unsalted (1 pretzel)",11.4,usda
302014,,"Pretzels, hard, plain, unsalted (1 small single serving bag)",106.7,usda
302015,,"Pretzels, hard, plain, unsalted (1 medium single serving bag)",217.2,usda
302016,,"Pretzels, hard, plain, unsalted (1 large single serving bag)",323.9,usda
302032,,"Pretzels, hard, multigrain (1 miniature/bite size)",5.7,usda
302033,,"Pretzels, hard, multigrain (1 pretzel stick)",15.2,usda
302034,,"Pretzels, hard, multigrain (1 rod)",38.1,usda
302035,,"Pretzels, hard, multigrain (1 pretzel)",11.4,usda
302036,,"Pretzels, hard, multigrain (1 small single serving bag)",106.7,usda
302037,,"Pretzels, hard, multigrain (1 medium single serving bag)",217.2,usda
302038,,"Pretzels, hard, multigrain (1 large single serving bag)",323.9,usda
302039,,"Pretzels, hard, multigrain (1 100 calorie package)",95.3,usda
302040,,"Pretzels, hard, multigrain (1 cup)",152.4,usda
302042,,"Pretzels, hard, plain, gluten free (1 pretzel stick)",3.9,usda
302043,,"Pretzels, hard, plain, gluten free (1 pretzel)",5.1,usda
302044,,"Pretzels, hard, plain, gluten free (1 small single serving bag)",108.9,usda
302045,,"Pretzels, hard, plain, gluten free (1 medium single serving bag)",221.7,usda
302046,,"Pretzels, hard, plain, gluten free (1 large single serving bag)",330.7,usda
302047,,"Pretzels, hard, plain, gluten free (1 100 calorie package)",97.3,usda
302048,,"Pretzels, hard, plain, gluten free (1 cup)",155.6,usda
302058,,"Pretzel chips, hard, plain (1 pretzel chip/crisp/thin)",10.1,usda
302059,,"Pretzel chips, hard, plain (1 small single serving bag)",105.0,usda
302060,,"Pretzel chips, hard, plain (1 medium single serving bag)",213.8,usda
302061,,"Pretzel chips, hard, plain (1 large single serving bag)",318.8,usda
302062,,"Pretzel chips, hard, plain (1 100 calorie package)",93.8,usda
302063,,"Pretzel chips, hard, plain (1 cup)",150.0,usda
302072,,"Pretzel chips, hard, gluten free (1 pretzel chip/crisp/thin)",10.3,usda
302073,,"Pretzel chips, hard, gluten free (1 small single serving bag)",106.4,usda
302074,,"Pretzel chips, hard, gluten free (1 medium single serving bag)",216.6,usda
302075,,"Pretzel chips, hard, gluten free (1 large single serving bag)",323.0,usda
302076,,"Pretzel chips, hard, gluten free (1 100 calorie package)",95.0,usda
302077,,"Pretzel chips, hard, gluten free (1 cup)",152.0,usda
302079,,"Pretzels, hard, coated (1 miniature/bite size)",18.7,usda
302088,,"Pretzels, hard, coated (1 100 calorie package)",116.8,usda
302089,,"Pretzels, hard, coated (1 cup)",401.6,usda
302080,,"Pretzels, hard, coated (1-3 ring thin pretzel)",32.7,usda
302081,,"Pretzels, hard, coated (1-3 ring thick pretzel)",144.8,usda
302082,,"Pretzels, hard, coated (1 pretzel stick)",9.3,usda
302083,,"Pretzels, hard, coated (1 rod)",112.1,usda
302084,,"Pretzels, hard, coated (1 pretzel)",18.7,usda
302085,,"Pretzels, hard, coated (1 small single serving bag)",130.8,usda
302086,,"Pretzels, hard, coated (1 medium single serving bag)",266.2,usda
302087,,"Pretzels, hard, coated (1 large single serving bag)",397.0,usda
302091,,"Pretzels, hard, chocolate coated (1 miniature/bite size)",18.7,usda
302100,,"Pretzels, hard, chocolate coated (1 100 calorie package)",116.8,usda
302101,,"Pretzels, hard, chocolate coated (1 cup)",401.6,usda
302092,,"Pretzels, hard, chocolate coated (1-3 ring thin pretzel)",32.7,usda
302093,,"Pretzels, hard, chocolate coated (1-3 ring thick pretzel)",144.8,usda
302094,,"Pretzels, hard, chocolate coated (1 pretzel stick)",9.3,usda
302095,,"Pretzels, hard, chocolate coated (1 rod)",112.1,usda
302096,,"Pretzels, hard, chocolate coated (1 pretzel)",18.7,usda
302097,,"Pretzels, hard, chocolate coated (1 small single serving bag)",130.8,usda
302098,,"Pretzels, hard, chocolate coated (1 medium single serving bag)",266.2,usda
302099,,"Pretzels, hard, chocolate coated (1 large single serving bag)",397.0,usda
302103,,"Pretzels, hard, white chocolate coated (1 miniature/bite size)",17.8,usda
302112,,"Pretzels, hard, white chocolate coated (1 100 calorie package)",111.3,usda
302113,,"Pretzels, hard, white chocolate coated (1 cup)",382.7,usda
302104,,"Pretzels, hard, white chocolate coated (1-3 ring thin pretzel)",31.2,usda
302105,,"Pretzels, hard, white chocolate coated (1-3 ring thick pretzel)",138.0,usda
302106,,"Pretzels, hard, white chocolate coated (1 pretzel stick)",8.9,usda
302107,,"Pretzels, hard, white chocolate coated (1 rod)",106.8,usda
302108,,"Pretzels, hard, white chocolate coated (1 pretzel)",17.8,usda
302109,,"Pretzels, hard, white chocolate coated (1 small single serving bag)",124.6,usda
302110,,"Pretzels, hard, white chocolate coated (1 medium single serving bag)",253.7,usda
302111,,"Pretzels, hard, white chocolate coated (1 large single serving bag)",378.3,usda
302115,,"Pretzels, hard, yogurt coated (1 miniature/bite size)",17.5,usda
302124,,"Pretzels, hard, yogurt coated (1 100 calorie package)",109.5,usda
302125,,"Pretzels, hard, yogurt coated (1 cup)",376.7,usda
302116,,"Pretzels, hard, yogurt coated (1-3 ring thin pretzel)",30.7,usda
302117,,"Pretzels, hard, yogurt coated (1-3 ring thick pretzel)",135.8,usda
302118,,"Pretzels, hard, yogurt coated (1 pretzel stick)",8.8,usda
302119,,"Pretzels, hard, yogurt coated (1 rod)",105.1,usda
302120,,"Pretzels, hard, yogurt coated (1 pretzel)",17.5,usda
302121,,"Pretzels, hard, yogurt coated (1 small single serving bag)",122.6,usda
302122,,"Pretzels, hard, yogurt coated (1 medium single serving bag)",249.7,usda
302123,,"Pretzels, hard, yogurt coated (1 large single serving bag)",372.3,usda
302127,,"Pretzels, hard, coated, gluten free (1 miniature/bite size)",18.0,usda
302135,,"Pretzels, hard, coated, gluten free (1 large single serving bag)",383.4,usda
302136,,"Pretzels, hard, coated, gluten free (1 100 calorie package)",112.8,usda
302137,,"Pretzels, hard, coated, gluten free (1 cup)",387.9,usda
302128,,"Pretzels, hard, coated, gluten free (1-3 ring thin pretzel)",31.6,usda
302129,,"Pretzels, hard, coated, gluten free (1-3 ring thick pretzel)",139.8,usda
302130,,"Pretzels, hard, coated, gluten free (1 pretzel stick)",9.0,usda
302131,,"Pretzels, hard, coated, gluten free (1 rod)",108.2,usda
302132,,"Pretzels, hard, coated, gluten free (1 pretzel)",18.0,usda
302133,,"Pretzels, hard, coated, gluten free (1 small single serving bag)",126.3,usda
302134,,"Pretzels, hard, coated, gluten free (1 medium single serving bag)",257.1,usda
302139,,"Pretzels, hard, filled (1 miniature/bite size)",13.9,usda
302140,,"Pretzels, hard, filled (1 pretzel)",13.9,usda
302141,,"Pretzels, hard, filled (1 small single serving bag)",129.6,usda
302142,,"Pretzels, hard, filled (1 medium single serving bag)",263.9,usda
302143,,"Pretzels, hard, filled (1 large single serving bag)",393.6,usda
302144,,"Pretzels, hard, filled (1 100 calorie package)",115.8,usda
302145,,"Pretzels, hard, filled (1 cup)",444.5,usda
302147,,"Pretzels, hard, cheese filled (1 miniature/bite size)",13.9,usda
302148,,"Pretzels, hard, cheese filled (1 pretzel)",13.9,usda
302149,,"Pretzels, hard, cheese filled (1 small single serving bag)",129.6,usda
302150,,"Pretzels, hard, cheese filled (1 medium single serving bag)",263.9,usda
302151,,"Pretzels, hard, cheese filled (1 large single serving bag)",393.6,usda
302152,,"Pretzels, hard, cheese filled (1 100 calorie package)",115.8,usda
302153,,"Pretzels, hard, cheese filled (1 cup)",444.5,usda
302155,,"Pretzels, hard, peanut butter filled (1 miniature/bite size)",13.6,usda
302156,,"Pretzels, hard, peanut butter filled (1 pretzel)",13.6,usda
302157,,"Pretzels, hard, peanut butter filled (1 small single serving bag)",127.1,usda
302158,,"Pretzels, hard, peanut butter filled (1 medium single serving bag)",258.8,usda
302159,,"Pretzels, hard, peanut butter filled (1 large single serving bag)",385.9,usda
302160,,"Pretzels, hard, peanut butter filled (1 100 calorie package)",113.5,usda
302161,,"Pretzels, hard, peanut butter filled (1 cup)",435.8,usda
302163,,"Pretzels, soft (1 bite size/nugget)",48.3,usda
302164,,"Pretzels, soft (1 small)",213.9,usda
302165,,"Pretzels, soft (1 medium/regular)",414.0,usda
302166,,"Pretzels, soft (1 large)",493.4,usda
302167,,"Pretzels, soft (1 pretzel)",414.0,usda
302168,,"Pretzels, soft (1 pretzel stick)",72.5,usda
302169,,"Pretzels, soft (1 cup, nuggets)",507.2,usda
302171,,"Pretzels, soft, ready-to-eat (1 bite size/nugget)",48.3,usda
302172,,"Pretzels, soft, ready-to-eat (1 small)",213.9,usda
302173,,"Pretzels, soft, ready-to-eat (1 medium/regular)",414.0,usda
302174,,"Pretzels, soft, ready-to-eat (1 large)",493.4,usda
302175,,"Pretzels, soft, ready-to-eat (1 pretzel)",414.0,usda
302176,,"Pretzels, soft, ready-to-eat (1 pretzel stick)",72.5,usda
302177,,"Pretzels, soft, ready-to-eat (1 cup, nuggets)",507.2,usda
302179,,"Pretzels, soft, ready-to-eat, salted, buttered (1 bite size/nugget)",48.3,usda
302180,,"Pretzels, soft, ready-to-eat, salted, buttered (1 small)",213.9,usda
302181,,"Pretzels, soft, ready-to-eat, salted, buttered (1 medium/regular)",414.0,usda
302182,,"Pretzels, soft, ready-to-eat, salted, buttered (1 large)",493.4,usda
302183,,"Pretzels, soft, ready-to-eat, salted, buttered (1 pretzel)",414.0,usda
302184,,"Pretzels, soft, ready-to-eat, salted, buttered (1 pretzel stick)",72.5,usda
302185,,"Pretzels, soft, ready-to-eat, salted, buttered (1 cup, nuggets)",507.2,usda
302187,,"Pretzels, soft, ready-to-eat, unsalted, buttered (1 bite size/nugget)",49.0,usda
302188,,"Pretzels, soft, ready-to-eat, unsalted, buttered (1 small)",217.0,usda
302189,,"Pretzels, soft, ready-to-eat, unsalted, buttered (1 medium/regular)",420.0,usda
302190,,"Pretzels, soft, ready-to-eat, unsalted, buttered (1 large)",500.5,usda
302191,,"Pretzels, soft, ready-to-eat, unsalted, buttered (1 pretzel)",420.0,usda
302192,,"Pretzels, soft, ready-to-eat, unsalted, buttered (1 pretzel stick)",73.5,usda
302193,,"Pretzels, soft, ready-to-eat, unsalted, buttered (1 cup, nuggets)",514.5,usda
302195,,"Pretzels, soft, ready-to-eat, salted, no butter (1 bite size/nugget)",47.6,usda
302196,,"Pretzels, soft, ready-to-eat, salted, no butter (1 small)",210.8,usda
302197,,"Pretzels, soft, ready-to-eat, salted, no butter (1 medium/regular)",408.0,usda
302198,,"Pretzels, soft, ready-to-eat, salted, no butter (1 large)",486.2,usda
302199,,"Pretzels, soft, ready-to-eat, salted, no butter (1 pretzel)",408.0,usda
302200,,"Pretzels, soft, ready-to-eat, salted, no butter (1 pretzel stick)",71.4,usda
302201,,"Pretzels, soft, ready-to-eat, salted, no butter (1 cup, nuggets)",499.8,usda
302203,,"Pretzels, soft, ready-to-eat, unsalted, no butter (1 bite size/nugget)",48.3,usda
302204,,"Pretzels, soft, ready-to-eat, unsalted, no butter (1 small)",213.9,usda
302205,,"Pretzels, soft, ready-to-eat, unsalted, no butter (1 medium/regular)",414.0,usda
302206,,"Pretzels, soft, ready-to-eat, unsalted, no butter (1 large)",493.4,usda
302207,,"Pretzels, soft, ready-to-eat, unsalted, no butter (1 pretzel)",414.0,usda
302208,,"Pretzels, soft, ready-to-eat, unsalted, no butter (1 pretzel stick)",72.5,usda
302209,,"Pretzels, soft, ready-to-eat, unsalted, no butter (1 cup, nuggets)",507.2,usda
302211,,"Pretzels, soft, ready-to-eat, cinnamon sugar coated (1 bite size/nugget)",52.4,usda
302212,,"Pretzels, soft, ready-to-eat, cinnamon sugar coated (1 small)",276.8,usda
302213,,"Pretzels, soft, ready-to-eat, cinnamon sugar coated (1 medium/regular)",549.8,usda
302214,,"Pretzels, soft, ready-to-eat, cinnamon sugar coated (1 large)",654.5,usda
302215,,"Pretzels, soft, ready-to-eat, cinnamon sugar coated (1 pretzel)",549.8,usda
302216,,"Pretzels, soft, ready-to-eat, cinnamon sugar coated (1 pretzel stick)",93.5,usda
302217,,"Pretzels, soft, ready-to-eat, cinnamon sugar coated (1 cup, nuggets)",628.3,usda
302243,,"Pretzels, soft, from frozen (1 medium/regular)",245.0,usda
302244,,"Pretzels, soft, from frozen (1 pretzel)",245.0,usda
302245,,"Pretzels, soft, from frozen (1 bite size/nugget)",48.3,usda
302246,,"Pretzels, soft, from frozen (1 pretzel stick)",72.5,usda
302247,,"Pretzels, soft, from frozen (1 cup, nuggets)",507.2,usda
302249,,"Pretzels, soft, from frozen, salted (1 medium/regular)",241.4,usda
302250,,"Pretzels, soft, from frozen, salted (1 pretzel)",241.4,usda
302251,,"Pretzels, soft, from frozen, salted (1 bite size/nugget)",47.6,usda
302252,,"Pretzels, soft, from frozen, salted (1 pretzel stick)",71.4,usda
302253,,"Pretzels, soft, from frozen, salted (1 cup, nuggets)",499.8,usda
302255,,"Pretzels, soft, from frozen, unsalted (1 medium/regular)",245.0,usda
302256,,"Pretzels, soft, from frozen, unsalted (1 pretzel)",245.0,usda
302257,,"Pretzels, soft, from frozen, unsalted (1 bite size/nugget)",48.3,usda
302258,,"Pretzels, soft, from frozen, unsalted (1 pretzel stick)",72.5,usda
302259,,"Pretzels, soft, from frozen, unsalted (1 cup, nuggets)",507.2,usda
302261,,"Pretzels, soft, from frozen, cinnamon sugar coated (1 medium/regular)",265.5,usda
302262,,"Pretzels, soft, from frozen, cinnamon sugar coated (1 pretzel)",265.5,usda
302263,,"Pretzels, soft, from frozen, cinnamon sugar coated (1 bite size/nugget)",52.4,usda
302264,,"Pretzels, soft, from frozen, cinnamon sugar coated (1 pretzel stick)",93.5,usda
302265,,"Pretzels, soft, from frozen, cinnamon sugar coated (1 cup, nuggets)",549.8,usda
302291,,"Pretzels, soft, from school lunch (1 medium/regular)",240.7,usda
302292,,"Pretzels, soft, from school lunch (1 pretzel)",240.7,usda
302293,,"Pretzels, soft, from school lunch (1 bite size/nugget)",47.5,usda
302294,,"Pretzels, soft, from school lunch (1 pretzel stick)",71.2,usda
302295,,"Pretzels, soft, from school lunch (1 cup, nuggets)",498.3,usda
302297,,"Pretzels, soft, multigrain (1 small)",208.9,usda
302298,,"Pretzels, soft, multigrain (1 medium/regular)",404.4,usda
302299,,"Pretzels, soft, multigrain (1 large)",481.9,usda
302300,,"Pretzels, soft, multigrain (1 bite size/nugget)",47.2,usda
302301,,"Pretzels, soft, multigrain (1 pretzel stick)",70.8,usda
302302,,"Pretzels, soft, multigrain (1 pretzel)",404.4,usda
302303,,"Pretzels, soft, multigrain (1 cup, nuggets)",495.4,usda
302305,,"Pretzels, soft, gluten free (1 medium/regular)",282.2,usda
302306,,"Pretzels, soft, gluten free (1 pretzel)",282.2,usda
302307,,"Pretzels, soft, gluten free (1 bite size/nugget)",41.6,usda
302308,,"Pretzels, soft, gluten free (1 pretzel stick)",62.4,usda
302309,,"Pretzels, soft, gluten free (1 cup, nuggets)",436.6,usda
302311,,"Pretzels, soft, gluten free, cinnamon sugar coated (1 medium/regular)",322.1,usda
302312,,"Pretzels, soft, gluten free, cinnamon sugar coated (1 pretzel)",322.1,usda
302313,,"Pretzels, soft, gluten free, cinnamon sugar coated (1 bite size/nugget)",47.5,usda
302314,,"Pretzels, soft, gluten free, cinnamon sugar coated (1 pretzel stick)",71.2,usda
302315,,"Pretzels, soft, gluten free, cinnamon sugar coated (1 cup, nuggets)",498.3,usda
302323,,Multigrain chips (Sun Chips) (1 chip),9.8,usda
302324,,Multigrain chips (Sun Chips) (1 small single serving bag),137.5,usda
302325,,Multigrain chips (Sun Chips) (1 medium single serving bag),279.9,usda
302326,,Multigrain chips (Sun Chips) (1 large single serving bag),417.4,usda
302327,,Multigrain chips (Sun Chips) (1 100 calorie package),98.2,usda
302328,,Multigrain chips (Sun Chips) (1 cup),147.3,usda
302330,,"Snack mix, plain (Chex Mix) (1 cup)",250.2,usda
302331,,"Snack mix, plain (Chex Mix) (1 small single serving bag)",116.8,usda
302332,,"Snack mix, plain (Chex Mix) (1 medium single serving bag)",237.7,usda
302333,,"Snack mix, plain (Chex Mix) (1 large single serving bag)",354.5,usda
302334,,"Snack mix, plain (Chex Mix) (1 100 calorie package)",83.4,usda
302336,,Bagel chips (1 bagel chip),22.6,usda
302337,,Bagel chips (1 miniature/bite size),9.0,usda
302338,,Bagel chips (1 small or medium single serving bag),203.0,usda
302339,,Bagel chips (1 large single serving bag),383.4,usda
302340,,"Bagel chips (1 cup, pieces)",270.6,usda
302342,,Cracker chips (1 cracker chip),14.7,usda
302343,,Cracker chips (1 cup),147.3,usda
302345,,Pancakes (1 miniature/bite size pancake),28.2,usda
302346,,Pancakes (1 silver dollar pancake),56.4,usda
302347,,Pancakes (1 small pancake),56.4,usda
302348,,Pancakes (1 medium pancake),141.0,usda
302349,,Pancakes (1 large pancake),253.8,usda
302350,,Pancakes (1 extra large pancake),423.0,usda
302351,,Pancakes (1 surface inch),5.4,usda
302353,,"Pancakes, plain, frozen (1 miniature/bite size pancake)",23.3,usda
302354,,"Pancakes, plain, frozen (1 pancake)",93.2,usda
302355,,"Pancakes, plain, frozen (1 pouch)",186.4,usda
302357,,"Pancakes, fruit, frozen (1 miniature/bite size pancake)",22.4,usda
302358,,"Pancakes, fruit, frozen (1 pancake)",89.6,usda
302359,,"Pancakes, fruit, frozen (1 pouch)",179.2,usda
302361,,"Pancakes, chocolate, frozen (1 miniature/bite size pancake)",24.8,usda
302362,,"Pancakes, chocolate, frozen (1 frozen pancake)",99.2,usda
302363,,"Pancakes, chocolate, frozen (1 pouch)",198.4,usda
302365,,"Pancakes, whole grain, frozen (1 miniature/bite size pancake)",23.2,usda
302366,,"Pancakes, whole grain, frozen (1 pancake)",92.8,usda
302367,,"Pancakes, whole grain, frozen (1 pouch)",185.6,usda
302401,,"Pancakes, school (1 miniature/bite size pancake)",23.1,usda
302402,,"Pancakes, school (1 pancake, any size)",92.4,usda
302403,,"Pancakes, school (1 surface inch)",4.4,usda
302405,,"Pancakes, plain (1 miniature/bite size pancake)",28.2,usda
302406,,"Pancakes, plain (1 silver dollar pancake)",56.4,usda
302407,,"Pancakes, plain (1 small pancake)",56.4,usda
302408,,"Pancakes, plain (1 medium pancake)",141.0,usda
302409,,"Pancakes, plain (1 large pancake)",253.8,usda
302410,,"Pancakes, plain (1 extra large pancake)",423.0,usda
302411,,"Pancakes, plain (1 surface inch)",5.4,usda
302413,,"Pancakes, plain, reduced fat (1 miniature/bite size pancake)",26.4,usda
302414,,"Pancakes, plain, reduced fat (1 silver dollar pancake)",52.8,usda
302415,,"Pancakes, plain, reduced fat (1 small pancake)",52.8,usda
302416,,"Pancakes, plain, reduced fat (1 medium pancake)",132.0,usda
302417,,"Pancakes, plain, reduced fat (1 large pancake)",237.6,usda
302418,,"Pancakes, plain, reduced fat (1 extra large pancake)",396.0,usda
302419,,"Pancakes, plain, reduced fat (1 surface inch)",5.0,usda
302421,,"Pancakes, fruit (1 miniature/bite size pancake)",23.2,usda
302422,,"Pancakes, fruit (1 silver dollar pancake)",46.4,usda
302423,,"Pancakes, fruit (1 small pancake)",46.4,usda
302424,,"Pancakes, fruit (1 medium pancake)",116.0,usda
302425,,"Pancakes, fruit (1 large pancake)",208.8,usda
302426,,"Pancakes, fruit (1 extra large pancake)",348.0,usda
302427,,"Pancakes, fruit (1 surface inch)",4.4,usda
302429,,"Pancakes, pumpkin (1 miniature/bite size pancake)",24.1,usda
302430,,"Pancakes, pumpkin (1 silver dollar pancake)",48.2,usda
302431,,"Pancakes, pumpkin (1 small pancake)",48.2,usda
302432,,"Pancakes, pumpkin (1 medium pancake)",120.5,usda
302433,,"Pancakes, pumpkin (1 large pancake)",216.9,usda
302434,,"Pancakes, pumpkin (1 extra large pancake)",361.5,usda
302435,,"Pancakes, pumpkin (1 surface inch)",4.6,usda
302437,,"Pancakes, chocolate (1 miniature/bite size pancake)",34.1,usda
302438,,"Pancakes, chocolate (1 silver dollar pancake)",68.2,usda
302439,,"Pancakes, chocolate (1 small pancake)",68.2,usda
302440,,"Pancakes, chocolate (1 medium pancake)",170.5,usda
302441,,"Pancakes, chocolate (1 large pancake)",306.9,usda
302442,,"Pancakes, chocolate (1 extra large pancake)",511.5,usda
302443,,"Pancakes, chocolate (1 surface inch)",6.5,usda
302445,,"Pancakes, whole grain (1 miniature/bite size pancake)",27.3,usda
302446,,"Pancakes, whole grain (1 silver dollar pancake)",54.6,usda
302447,,"Pancakes, whole grain (1 small pancake)",54.6,usda
302448,,"Pancakes, whole grain (1 medium pancake)",136.5,usda
302449,,"Pancakes, whole grain (1 large pancake)",245.7,usda
302450,,"Pancakes, whole grain (1 extra large pancake)",409.5,usda
302451,,"Pancakes, whole grain (1 surface inch)",5.2,usda
302453,,"Pancakes, whole grain, reduced fat (1 miniature/bite size pancake)",25.6,usda
302454,,"Pancakes, whole grain, reduced fat (1 silver dollar pancake)",51.2,usda
302455,,"Pancakes, whole grain, reduced fat (1 small pancake)",51.2,usda
302456,,"Pancakes, whole grain, reduced fat (1 medium pancake)",128.0,usda
302457,,"Pancakes, whole grain, reduced fat (1 large pancake)",230.4,usda
302458,,"Pancakes, whole grain, reduced fat (1 extra large pancake)",384.0,usda
302459,,"Pancakes, whole grain, reduced fat (1 surface inch)",4.9,usda
302461,,"Pancakes, gluten free (1 miniature/bite size pancake)",21.5,usda
302462,,"Pancakes, gluten free (1 silver dollar pancake)",43.0,usda
302463,,"Pancakes, gluten free (1 small pancake)",43.0,usda
302464,,"Pancakes, gluten free (1 medium pancake)",107.5,usda
302465,,"Pancakes, gluten free (1 large pancake)",193.5,usda
302466,,"Pancakes, gluten free (1 extra large pancake)",322.5,usda
302467,,"Pancakes, gluten free (1 surface inch)",4.1,usda
302469,,Waffle (1 miniature/bite size waffle),30.9,usda
302470,,Waffle (1 small waffle),123.6,usda
302471,,Waffle (1 medium waffle),231.8,usda
302472,,Waffle (1 large waffle),386.3,usda
302473,,Waffle (1 thick / Belgian waffle),417.2,usda
302474,,Waffle (1 surface inch),7.7,usda
302475,,"Waffle (1 surface inch, Belgian waffle)",11.4,usda
302477,,"Waffle, plain, frozen (1 miniature/bite size waffle)",30.9,usda
302478,,"Waffle, plain, frozen (1 waffle)",123.6,usda
302479,,"Waffle, plain, frozen (1 thick / Belgian waffle)",170.0,usda
302480,,"Waffle, plain, frozen (1 pouch)",200.9,usda
302481,,"Waffle, plain, frozen (1 stick)",108.2,usda
302483,,"Waffle, plain, reduced fat (1 miniature/bite size waffle)",29.2,usda
302484,,"Waffle, plain, reduced fat (1 waffle)",116.8,usda
302485,,"Waffle, plain, reduced fat (1 thick / Belgian waffle)",160.6,usda
302486,,"Waffle, plain, reduced fat (1 pouch)",189.8,usda
302487,,"Waffle, plain, reduced fat (1 stick)",102.2,usda
302489,,"Waffle, fruit, frozen (1 miniature/bite size waffle)",29.6,usda
302490,,"Waffle, fruit, frozen (1 waffle)",118.4,usda
302491,,"Waffle, fruit, frozen (1 thick / Belgian waffle)",162.8,usda
302492,,"Waffle, fruit, frozen (1 pouch)",192.4,usda
302493,,"Waffle, fruit, frozen (1 stick)",103.6,usda
302495,,"Waffle, chocolate, frozen (1 miniature/bite size waffle)",32.0,usda
302496,,"Waffle, chocolate, frozen (1 waffle)",128.0,usda
302497,,"Waffle, chocolate, frozen (1 thick / Belgian waffle)",176.0,usda
302498,,"Waffle, chocolate, frozen (1 pouch)",208.0,usda
302499,,"Waffle, chocolate, frozen (1 stick)",112.0,usda
302501,,"Waffle, whole grain, frozen (1 miniature/bite size waffle)",28.9,usda
302502,,"Waffle, whole grain, frozen (1 waffle)",115.6,usda
302503,,"Waffle, whole grain, frozen (1 thick / Belgian waffle)",159.0,usda
302504,,"Waffle, whole grain, frozen (1 pouch)",187.9,usda
302505,,"Waffle, whole grain, frozen (1 stick)",101.2,usda
302507,,"Waffle, whole grain, reduced fat (1 miniature/bite size waffle)",25.7,usda
302508,,"Waffle, whole grain, reduced fat (1 waffle)",102.8,usda
302509,,"Waffle, whole grain, reduced fat (1 thick / Belgian waffle)",141.4,usda
302510,,"Waffle, whole grain, reduced fat (1 pouch)",167.1,usda
302511,,"Waffle, whole grain, reduced fat (1 stick)",90.0,usda
302513,,"Waffle, whole grain, fruit, frozen (1 miniature/bite size waffle)",27.8,usda
302514,,"Waffle, whole grain, fruit, frozen (1 waffle)",111.2,usda
302515,,"Waffle, whole grain, fruit, frozen (1 thick / Belgian waffle)",152.9,usda
302516,,"Waffle, whole grain, fruit, frozen (1 pouch)",180.7,usda
302517,,"Waffle, whole grain, fruit, frozen (1 stick)",97.3,usda
302551,,"Waffle, school (1 waffle, any size)",102.8,usda
302552,,"Waffle, school (1 surface inch)",6.4,usda
302553,,"Waffle, school (1 surface inch, Belgian waffle)",9.5,usda
302555,,"Waffle, plain (1 miniature/bite size waffle)",37.3,usda
302556,,"Waffle, plain (1 small waffle)",149.2,usda
302557,,"Waffle, plain (1 medium waffle)",279.8,usda
302558,,"Waffle, plain (1 large waffle)",466.3,usda
302559,,"Waffle, plain (1 thick / Belgian waffle)",503.6,usda
302560,,"Waffle, plain (1 surface inch)",9.3,usda
302561,,"Waffle, plain (1 surface inch, Belgian waffle)",13.8,usda
302563,,"Waffle, fruit (1 miniature/bite size waffle)",30.7,usda
302564,,"Waffle, fruit (1 small waffle)",122.8,usda
302565,,"Waffle, fruit (1 medium waffle)",230.3,usda
302566,,"Waffle, fruit (1 large waffle)",383.8,usda
302567,,"Waffle, fruit (1 thick / Belgian waffle)",414.5,usda
302568,,"Waffle, fruit (1 surface inch)",7.7,usda
302569,,"Waffle, fruit (1 surface inch, Belgian waffle)",11.4,usda
302571,,"Waffle, chocolate (1 miniature/bite size waffle)",43.7,usda
302572,,"Waffle, chocolate (1 small waffle)",174.8,usda
302573,,"Waffle, chocolate (1 medium waffle)",327.8,usda
302574,,"Waffle, chocolate (1 large waffle)",546.3,usda
302575,,"Waffle, chocolate (1 thick / Belgian waffle)",590.0,usda
302576,,"Waffle, chocolate (1 surface inch)",10.9,usda
302577,,"Waffle, chocolate (1 surface inch, Belgian waffle)",16.2,usda
302579,,"Waffle, cinnamon (1 miniature/bite size waffle)",37.3,usda
302580,,"Waffle, cinnamon (1 small waffle)",149.2,usda
302581,,"Waffle, cinnamon (1 medium waffle)",279.8,usda
302582,,"Waffle, cinnamon (1 large waffle)",466.3,usda
302583,,"Waffle, cinnamon (1 thick / Belgian waffle)",503.6,usda
302584,,"Waffle, cinnamon (1 surface inch)",9.3,usda
302585,,"Waffle, cinnamon (1 surface inch, Belgian waffle)",13.8,usda
302587,,"Waffle, whole grain (1 miniature/bite size waffle)",36.4,usda
302588,,"Waffle, whole grain (1 small waffle)",145.6,usda
302589,,"Waffle, whole grain (1 medium waffle)",273.0,usda
302590,,"Waffle, whole grain (1 large waffle)",455.0,usda
302591,,"Waffle, whole grain (1 thick / Belgian waffle)",491.4,usda
302592,,"Waffle, whole grain (1 surface inch)",9.1,usda
302593,,"Waffle, whole grain (1 surface inch, Belgian waffle)",13.5,usda
302595,,"Waffle, gluten free (1 miniature/bite size waffle)",26.3,usda
302596,,"Waffle, gluten free (1 small waffle)",105.2,usda
302597,,"Waffle, gluten free (1 medium waffle)",197.3,usda
302598,,"Waffle, gluten free (1 large waffle)",328.8,usda
302599,,"Waffle, gluten free (1 thick / Belgian waffle)",355.1,usda
302600,,"Waffle, gluten free (1 surface inch)",6.6,usda
302601,,"Waffle, gluten free (1 surface inch, Belgian waffle)",9.7,usda
302603,,"French toast (1 slice, any size)",177.5,usda
302605,,"French toast, frozen (1 bite size)",18.3,usda
302606,,"French toast, frozen (1 slice)",109.8,usda
302610,,"French toast, school (1 bite size)",16.2,usda
302611,,"French toast, school (1 slice, any size)",97.2,usda
302613,,"French toast, plain (1 slice, any size)",177.5,usda
302615,,"French toast, whole grain (1 slice, any size)",176.2,usda
302617,,"French toast, gluten free (1 slice, any size)",171.6,usda
302619,,French toast sticks (1 stick),125.1,usda
302624,,"French toast sticks, school (1 stick)",40.5,usda
302626,,"Crepe (1 crepe, any size)",179.2,usda
302627,,Crepe (1 surface inch),3.6,usda
302629,,"Crepe, plain (1 crepe, any size)",145.6,usda
302630,,"Crepe, plain (1 surface inch)",2.9,usda
302632,,Chinese pancake (1 pancake),58.0,usda
302634,,"Dumpling, no meat (1 item, any size)",31.3,usda
302635,,"Dumpling, no meat (1 cup)",93.8,usda
302639,,Idli (1 item),48.6,usda
302640,,Idli (1 surface inch),12.5,usda
302642,,"Dosa, plain (1 small)",73.5,usda
302643,,"Dosa, plain (1 medium)",168.0,usda
302644,,"Dosa, plain (1 large)",325.5,usda
302645,,"Dosa, plain (1 surface inch)",2.1,usda
302654,,"Pasta, vegetable, cooked (1 cup, cooked)",179.2,usda
302655,,"Pasta, vegetable, cooked (1 oz, dry, yields)",102.4,usda
302657,,"Noodles, cooked (1 cup, cooked)",219.2,usda
302658,,"Noodles, cooked (1 oz, dry, yields)",102.8,usda
302660,,"Noodles, whole grain, cooked (1 cup, cooked)",236.8,usda
302661,,"Noodles, whole grain, cooked (1 oz, dry, yields)",111.0,usda
302663,,"Noodles, chow mein (1 cup)",291.8,usda
302665,,"Long rice noodles, made from mung beans, cooked (1 cup, cooked)",159.6,usda
302667,,"Rice noodles, cooked (1 cup, cooked)",187.3,usda
302668,,"Rice noodles, cooked (1 oz, dry, yields)",107.0,usda
302670,,"Pasta, cooked (1 cup, cooked)",219.8,usda
302671,,"Pasta, cooked (1 oz, dry, yields)",125.6,usda
302673,,"Pasta, whole grain, cooked (1 cup, cooked)",207.2,usda
302674,,"Pasta, whole grain, cooked (1 oz, dry, yields)",118.4,usda
302676,,"Pasta, gluten free (1 cup, cooked)",250.6,usda
302677,,"Pasta, gluten free (1 oz, dry, yields)",143.2,usda
302679,,"Cereal, cooked (1 cup, cooked)",153.6,usda
302681,,"Barley (1 cup, cooked)",236.3,usda
302682,,"Barley (1 cup, dry, yields)",1028.6,usda
302683,,"Barley (1 oz, dry, yields)",152.9,usda
302685,,"Buckwheat groats (1 cup, cooked)",200.6,usda
302686,,"Buckwheat groats (1 oz, dry, yields)",100.3,usda
302687,,"Buckwheat groats (1 cup, dry, yields)",590.0,usda
302689,,"Grits (1 cup, cooked)",170.4,usda
302690,,"Grits (1 cup, dry, yields)",685.2,usda
302691,,"Grits (1 oz, dry, yields)",131.4,usda
302729,,"Cornmeal mush (1 cup, cooked)",170.4,usda
302730,,"Cornmeal mush (1 cup, dry, yields)",678.1,usda
302731,,Cornmeal mush (1 strip or slice),35.5,usda
302732,,"Cornmeal mush (1 oz, dry, yields)",134.9,usda
302734,,"Cornmeal mush, no added fat (1 cup, cooked)",139.2,usda
302735,,"Cornmeal mush, no added fat (1 cup, dry, yields)",553.9,usda
302736,,"Cornmeal mush, no added fat (1 strip or slice)",29.0,usda
302737,,"Cornmeal mush, no added fat (1 oz, dry, yields)",110.2,usda
302739,,"Cornmeal mush, fat added (1 cup, cooked)",170.4,usda
302740,,"Cornmeal mush, fat added (1 cup, dry, yields)",678.1,usda
302741,,"Cornmeal mush, fat added (1 strip or slice)",35.5,usda
302742,,"Cornmeal mush, fat added (1 oz, dry, yields)",134.9,usda
302744,,"Masa harina, cooked (1 cup, cooked)",232.8,usda
302746,,"Millet (1 cup, cooked)",200.6,usda
302747,,"Millet (1 cup, dry, yields)",896.8,usda
302748,,"Millet (1 oz, dry, yields)",129.8,usda
302756,,"Oatmeal (1 cup, cooked)",182.4,usda
302757,,"Oatmeal (1 cup, dry, yields)",368.6,usda
302758,,"Oatmeal (1 oz, dry, yields)",129.2,usda
302864,,"Oatmeal, reduced sugar (1 cup, cooked)",204.0,usda
302865,,"Oatmeal, reduced sugar (1 cup, dry, yields)",412.3,usda
302866,,"Oatmeal, reduced sugar (1 oz, dry, yields)",144.5,usda
302867,,"Oatmeal, reduced sugar (1 packet, dry, yields)",144.5,usda
302869,,"Oatmeal, multigrain (1 cup, cooked)",134.4,usda
302870,,"Oatmeal, multigrain (1 cup, dry, yields)",271.6,usda
302871,,"Oatmeal, multigrain (1 oz, dry, yields)",95.2,usda
302872,,"Oatmeal, multigrain (1 packet, dry, yields)",95.2,usda
302874,,"Quinoa (1 cup, cooked)",248.2,usda
302876,,"Quinoa, no added fat (1 cup, cooked)",204.0,usda
302878,,"Quinoa, fat added (1 cup, cooked)",248.2,usda
302880,,"Rice, cooked (1 cup, cooked)",203.8,usda
302882,,"Rice, white, cooked (1 cup, cooked)",210.3,usda
302890,,"Rice, white, cooked, fat added (1 cup, cooked)",241.2,usda
302892,,"Rice, white, cooked, no added fat (1 cup, cooked)",203.8,usda
302894,,"Rice, brown, cooked (1 cup, cooked)",241.1,usda
302902,,"Rice, brown, cooked, fat added (1 cup, cooked)",270.5,usda
302904,,"Rice, brown, cooked, no added fat (1 cup, cooked)",239.9,usda
302906,,"Cream of rice (1 cup, cooked)",165.6,usda
302907,,"Cream of rice (1 cup, dry, yields)",562.4,usda
302908,,"Cream of rice (1 oz, dry, yields)",107.0,usda
302914,,Congee (1 cup),99.5,usda
302916,,"Yellow rice, cooked (1 cup, cooked)",139.0,usda
302918,,"Yellow rice, cooked, no added fat (1 cup, cooked)",139.0,usda
302920,,"Yellow rice, cooked, fat added (1 cup, cooked)",167.9,usda
302922,,"Rice, white, cooked, glutinous (1 cup, cooked)",167.0,usda
302924,,"Rice, wild, 100%, cooked (1 cup, cooked)",200.1,usda
302926,,"Rice, wild, 100%, cooked, no added fat (1 cup, cooked)",164.0,usda
302928,,"Rice, wild, 100%, cooked, fat added (1 cup, cooked)",200.1,usda
302946,,"Cream of wheat (1 cup, cooked)",156.0,usda
302947,,"Cream of wheat (1 cup, dry, yields)",627.3,usda
302948,,"Cream of wheat (1 oz, dry, yields)",133.3,usda
302966,,"Bulgur, no added fat (1 cup, cooked)",116.2,usda
302967,,"Bulgur, no added fat (1 cup, dry, yields)",572.7,usda
302968,,"Bulgur, no added fat (1 oz, dry, yields)",95.5,usda
302970,,"Bulgur, fat added (1 cup, cooked)",169.4,usda
302971,,"Bulgur, fat added (1 cup, dry, yields)",834.9,usda
302972,,"Bulgur, fat added (1 oz, dry, yields)",139.2,usda
302974,,"Bulgur (1 cup, cooked)",116.2,usda
302975,,"Bulgur (1 cup, dry, yields)",572.7,usda
302976,,"Bulgur (1 oz, dry, yields)",95.5,usda
302978,,"Couscous, plain, cooked (1 cup, cooked)",177.6,usda
302979,,"Couscous, plain, cooked (1 oz, dry, yields)",99.9,usda
302981,,"Whole wheat cereal, cooked (1 cup, cooked)",112.8,usda
302982,,"Whole wheat cereal, cooked (1 cup, dry, yields)",331.4,usda
302983,,"Whole wheat cereal, cooked (1 oz, dry, yields)",98.7,usda
302989,,"Oat bran cereal, cooked (1 cup, cooked)",110.4,usda
302990,,"Oat bran cereal, cooked (1 cup, dry, yields)",230.0,usda
302991,,"Oat bran cereal, cooked (1 oz, dry, yields)",69.0,usda
302993,,"Cereal, ready-to-eat (1 cup)",132.7,usda
302994,,"Cereal, ready-to-eat (1 prepackaged single serving)",113.7,usda
302999,,"Cereal, crunch (1 cup)",139.3,usda
303000,,"Cereal, crunch (1 prepackaged single serving)",119.4,usda
303002,,"Cereal, O's, plain (1 cup)",112.2,usda
303003,,"Cereal, O's, plain (1 prepackaged single serving)",112.2,usda
303004,,"Cereal, O's, plain (1 piece)",0.4,usda
303006,,"Cereal, chocolate puffs (1 cup)",135.8,usda
303007,,"Cereal, chocolate puffs (1 prepackaged single serving)",116.4,usda
303009,,"Cereal, cinnamon toast (1 cup)",165.6,usda
303010,,"Cereal, cinnamon toast (1 prepackaged single serving)",124.2,usda
303012,,"Cereal, chocolate crispy (1 cup)",152.0,usda
303013,,"Cereal, chocolate crispy (1 prepackaged single serving)",114.0,usda
303015,,"Cereal, corn squares (1 cup)",110.7,usda
303016,,"Cereal, corn squares (1 prepackaged single serving)",110.7,usda
303018,,"Cereal, corn flakes, plain (1 cup)",109.5,usda
303019,,"Cereal, corn flakes, plain (1 prepackaged single serving)",109.5,usda
303021,,"Cereal, corn puffs (1 cup)",92.8,usda
303022,,"Cereal, corn puffs (1 prepackaged single serving)",111.3,usda
303024,,"Cereal, rice crispy, plain (1 cup)",89.5,usda
303025,,"Cereal, rice crispy, plain (1 prepackaged single serving)",107.4,usda
303027,,"Cereal, bran flakes, plain (1 cup)",180.5,usda
303028,,"Cereal, bran flakes, plain (1 prepackaged single serving)",108.3,usda
303037,,"Cereal, fruit rings (1 cup)",114.9,usda
303038,,"Cereal, fruit rings (1 prepackaged single serving)",114.9,usda
303040,,"Cereal, fruit crispy (1 cup)",134.4,usda
303041,,"Cereal, fruit crispy (1 prepackaged single serving)",115.2,usda
303043,,"Cereal, granola (1 cup)",462.0,usda
303044,,"Cereal, granola (1 prepackaged single serving)",126.0,usda
303046,,"Cereal, oat bunches (1 cup)",176.4,usda
303047,,"Cereal, oat bunches (1 prepackaged single serving)",117.6,usda
303052,,"Cereal, O's, honey nut (1 cup)",154.0,usda
303053,,"Cereal, O's, honey nut (1 prepackaged single serving)",115.5,usda
303055,,"Cereal, multigrain (1 cup)",186.5,usda
303056,,"Cereal, multigrain (1 prepackaged single serving)",111.9,usda
303058,,"Cereal, oat squares (1 cup)",170.6,usda
303059,,"Cereal, oat squares (1 prepackaged single serving)",113.7,usda
303064,,"Cereal, O's, multigrain (1 cup)",111.9,usda
303065,,"Cereal, O's, multigrain (1 prepackaged single serving)",111.9,usda
303070,,"Cereal, rice squares (1 cup)",107.1,usda
303071,,"Cereal, rice squares (1 prepackaged single serving)",107.1,usda
303073,,"Cereal, K's, plain (1 cup)",124.6,usda
303074,,"Cereal, K's, plain (1 prepackaged single serving)",106.8,usda
303085,,"Cereal, O's (1 cup)",132.7,usda
303086,,"Cereal, O's (1 prepackaged single serving)",113.7,usda
303088,,"Cereal, wheat squares (1 cup)",213.6,usda
303089,,"Cereal, wheat squares (1 prepackaged single serving)",106.8,usda
303091,,Wheat germ (1 cup),458.4,usda
303093,,"Cereal, plain puffs (1 cup)",53.6,usda
303094,,"Cereal, plain puffs (1 prepackaged single serving)",107.1,usda
303096,,"Cereal, shredded wheat, plain (1 cup)",161.1,usda
303097,,"Cereal, shredded wheat, plain (1 prepackaged single serving)",107.4,usda
303098,,"Cereal, shredded wheat, plain (1 spoon size biscuit)",10.7,usda
303099,,"Cereal, shredded wheat, plain (1 rectangular biscuit)",89.5,usda
303101,,"Cereal, wheat flakes (1 cup)",143.6,usda
303102,,"Cereal, wheat flakes (1 prepackaged single serving)",107.7,usda
303104,,"Cereal, other (1 cup)",133.4,usda
303105,,"Cereal, other (1 prepackaged single serving)",114.3,usda
303107,,"Cereal, other, plain (1 cup)",111.0,usda
303108,,"Cereal, other, plain (1 prepackaged single serving)",111.0,usda
303113,,"Cereal, other, chocolate (1 cup)",153.6,usda
303114,,"Cereal, other, chocolate (1 prepackaged single serving)",115.2,usda
303116,,"Cereal, other, peanut butter (1 cup)",168.8,usda
303117,,"Cereal, other, peanut butter (1 prepackaged single serving)",126.6,usda
303119,,"Cereal, other, honey (1 cup)",155.2,usda
303120,,"Cereal, other, honey (1 prepackaged single serving)",116.4,usda
303122,,"Cereal, reduced sugar (1 cup)",131.6,usda
303123,,"Cereal, reduced sugar (1 prepackaged single serving)",112.8,usda
303125,,Wheat bran (1 cup),129.6,usda
303127,,"Oats, raw (1 cup)",303.2,usda
303129,,"Cereal, oat bran, ready-to-eat (1 cup)",322.4,usda
303130,,"Cereal, oat bran, ready-to-eat (1 prepackaged single serving)",120.9,usda
303174,,Chilaquiles (1 cup),331.5,usda
303176,,Frito pie (1 cup),492.0,usda
303468,,"Tamale (1 item, any size)",243.6,usda
303469,,Tamale (1 cup),295.8,usda
303471,,"Tamale, beef (1 item, any size)",243.6,usda
303472,,"Tamale, beef (1 cup)",295.8,usda
303474,,"Tamale, pork (1 item, any size)",243.6,usda
303475,,"Tamale, pork (1 cup)",295.8,usda
303477,,"Tamale, chicken (1 item, any size)",243.6,usda
303478,,"Tamale, chicken (1 cup)",295.8,usda
303480,,"Tamale, no meat (1 item, any size)",260.4,usda
303481,,"Tamale, no meat (1 cup)",316.2,usda
303520,,"Gordita, cheese only (1 item, any size)",405.0,usda
303521,,"Gordita, cheese only (1 cup)",388.8,usda
303526,,"Gordita, meat (1 item, any size)",518.0,usda
303527,,"Gordita, meat (1 cup)",355.2,usda
303532,,"Chimichanga, meat (1 item, any size)",615.6,usda
303533,,"Chimichanga, meat (1 cup)",388.8,usda
303538,,"Chimichanga, chicken (1 item, any size)",577.6,usda
303539,,"Chimichanga, chicken (1 cup)",364.8,usda
303586,,"Taquito, cheese only (1 miniature taquito)",108.2,usda
303587,,"Taquito, cheese only (1 small/regular taquito)",216.3,usda
303588,,"Taquito, cheese only (1 large taquito)",324.5,usda
303589,,"Taquito, cheese only (1 flauta, any size)",324.5,usda
303590,,"Taquito, cheese only (1 cup)",370.8,usda
303592,,"Taquito, beef or pork (1 miniature taquito)",100.5,usda
303593,,"Taquito, beef or pork (1 small/regular taquito)",200.9,usda
303594,,"Taquito, beef or pork (1 large taquito)",301.4,usda
303595,,"Taquito, beef or pork (1 flauta, any size)",301.4,usda
303596,,"Taquito, beef or pork (1 cup)",344.4,usda
303598,,"Taquito, chicken (1 miniature taquito)",94.2,usda
303599,,"Taquito, chicken (1 small/regular taquito)",188.3,usda
303600,,"Taquito, chicken (1 large taquito)",282.5,usda
303601,,"Taquito, chicken (1 flauta, any size)",282.5,usda
303602,,"Taquito, chicken (1 cup)",322.8,usda
303604,,"Taquito, egg (1 miniature taquito)",98.4,usda
303605,,"Taquito, egg (1 small/regular taquito)",196.7,usda
303606,,"Taquito, egg (1 large taquito)",295.1,usda
303607,,"Taquito, egg (1 flauta, any size)",295.1,usda
303608,,"Taquito, egg (1 cup)",337.2,usda
303625,,"Pupusa, cheese only (1 item, any size)",256.0,usda
303626,,"Pupusa, cheese only (1 cup)",435.2,usda
303631,,"Pupusa, meat (1 item, any size)",301.6,usda
303632,,"Pupusa, meat (1 cup)",394.4,usda
304611,,"Egg roll, meatless (1 miniature egg roll)",35.1,usda
304612,,"Egg roll, meatless (1 egg roll)",172.8,usda
304639,,"Wonton, dumpling or pot sticker, steamed (1 item, any size)",28.3,usda
304640,,"Wonton, dumpling or pot sticker, steamed (1 cup)",84.8,usda
304642,,Empanada (1 small/individual),101.9,usda
304643,,Empanada (1 regular/large),378.3,usda
304645,,"Empanada, no meat (1 small/individual)",92.8,usda
304646,,"Empanada, no meat (1 regular/large)",344.5,usda
304648,,"Empanada, beef (1 small/individual)",116.6,usda
304649,,"Empanada, beef (1 regular/large)",432.9,usda
304654,,"Empanada, chicken (1 small/individual)",108.2,usda
304655,,"Empanada, chicken (1 regular/large)",401.7,usda
304660,,"Cornmeal stick, Puerto Rican style (1 stick (3"" x 3/4""))",83.0,usda
304662,,"Kibby, Puerto Rican style (1 fritter (3"" x 3"" x 1/2""))",92.4,usda
304664,,Bacalaitos fritos (1 fritter),72.8,usda
304664,,Bacalaitos fritos (1 fritter),72.8,usda
304666,,"Hayacas, Puerto Rican style (1 hallaca (5-3/4"" x 2-1/2"" x 1/2""))",149.2,usda
304671,,"Pierogi (1 item, any size)",78.0,usda
304672,,Pierogi (1 cup),156.0,usda
304674,,"Gnocchi, cheese (1 cup)",124.6,usda
304676,,"Gnocchi, potato (1 cup)",253.8,usda
304678,,"Gnocchi, potato (1 piece)",35.1,usda
304679,,"Knish (1 item, any size)",207.0,usda
304681,,"Bao bun (1 item, any size)",273.0,usda
304683,,"Bao bun, no meat (1 item, any size)",268.0,usda
304685,,"Pastry, cheese-filled (1 pastry)",76.7,usda
304689,,"Pastry, meat / poultry-filled (1 kolache)",289.9,usda
304691,,Spanakopita (1 small/individual),63.6,usda
304692,,Spanakopita (1 regular/large),254.4,usda
304693,,Spanakopita (1 cup),254.4,usda
304694,,Spanakopita (1 cubic inch),25.4,usda
304696,,Samosa (1 small/individual),77.5,usda
304697,,Samosa (1 regular/large),310.0,usda
304707,,"Spinach quiche, meatless (1 piece (1/8 of 9"" dia))",427.6,usda
304708,,"Spinach quiche, meatless (1 individual quiche)",337.9,usda
304709,,"Spinach quiche, meatless (1 quiche (8"" dia))",2694.0,usda
304710,,"Spinach quiche, meatless (1 quiche (9"" dia))",3414.6,usda
304711,,"Spinach quiche, meatless (1 quiche (10"" dia))",4215.9,usda
304712,,"Spinach quiche, meatless (1 cup)",478.4,usda
304713,,"Spinach quiche, meatless (1 cubic inch)",32.9,usda
304715,,"Cheese quiche, meatless (1 piece (1/8 of 9"" dia))",700.8,usda
304716,,"Cheese quiche, meatless (1 individual quiche)",412.5,usda
304717,,"Cheese quiche, meatless (1 quiche (8"" dia))",4423.8,usda
304718,,"Cheese quiche, meatless (1 quiche (9"" dia))",5606.4,usda
304719,,"Cheese quiche, meatless (1 quiche (10"" dia))",6920.4,usda
304720,,"Cheese quiche, meatless (1 cup)",584.0,usda
304721,,"Cheese quiche, meatless (1 cubic inch)",40.2,usda
304723,,Turnover or hot pocket (1 small/individual),91.0,usda
304724,,Turnover or hot pocket (1 regular/large),338.0,usda
304726,,"Turnover or hot pocket, meatless (1 small/individual)",69.3,usda
304727,,"Turnover or hot pocket, meatless (1 regular/large)",257.4,usda
304729,,"Turnover or hot pocket, beef (1 small/individual)",81.6,usda
304730,,"Turnover or hot pocket, beef (1 regular/large)",302.9,usda
304732,,"Turnover or hot pocket, ham (1 small/individual)",89.6,usda
304733,,"Turnover or hot pocket, ham (1 regular/large)",332.8,usda
304741,,"Turnover or hot pocket, chicken (1 small/individual)",75.3,usda
304742,,"Turnover or hot pocket, chicken (1 regular/large)",279.5,usda
304744,,"Turnover, seafood (1 small/individual)",72.5,usda
304745,,"Turnover, seafood (1 regular/large)",269.1,usda
304747,,Turnover or lean pocket (1 small/individual),72.8,usda
304748,,Turnover or lean pocket (1 regular/large),270.4,usda
304750,,"Turnover or breakfast pocket, egg (1 small/individual)",92.8,usda
304751,,"Turnover or breakfast pocket, egg (1 regular/large)",344.5,usda
304755,,"Chicken cornbread (1 piece (2-1/2"" x 2-1/2"" x 1-1/2""))",111.9,usda
304756,,Chicken cornbread (1 cup),153.6,usda
304757,,Chicken cornbread (1 cubic inch),12.7,usda
304923,,Lo mein (1 cup),242.0,usda
304925,,"Lo mein, meatless (1 cup)",242.0,usda
304935,,Pad Thai (1 cup),308.0,usda
304937,,"Pad Thai, meatless (1 cup)",330.0,usda
305363,,"Bibimbap, Korean (1 cup)",123.1,usda
305377,,"Dukboki or Tteokbokki, Korean (1 cup)",327.5,usda
305381,,Sushi (1 piece),28.2,usda
305382,,Sushi (1 cup),141.0,usda
305384,,"Sushi roll, avocado (1 piece)",27.9,usda
305385,,"Sushi roll, avocado (1 cup)",139.5,usda
305387,,"Sushi roll, California (1 piece)",28.2,usda
305388,,"Sushi roll, California (1 cup)",141.0,usda
305390,,"Sushi roll, eel (1 piece)",34.8,usda
305391,,"Sushi roll, eel (1 cup)",174.0,usda
305393,,"Sushi roll, salmon (1 piece)",30.9,usda
305394,,"Sushi roll, salmon (1 cup)",154.5,usda
305396,,"Sushi roll, shrimp (1 piece)",30.0,usda
305397,,"Sushi roll, shrimp (1 cup)",150.0,usda
305399,,Sushi roll tuna (1 piece),29.1,usda
305400,,Sushi roll tuna (1 cup),145.5,usda
305402,,"Sushi roll, vegetable (1 piece)",20.5,usda
305403,,"Sushi roll, vegetable (1 cup)",122.8,usda
305431,,"Stewed rice, Puerto Rican style (1 cup)",380.8,usda
305621,,"Rice croquette (1 croquette (1-1/2"" dia, 2"" high))",95.5,usda
305638,,Rice pilaf (1 cup),282.2,usda
305640,,Dirty rice (1 cup),221.8,usda
305640,,Dirty rice (1 cup),221.8,usda
305658,,"Spanish rice, fat added (1 cup)",279.5,usda
305660,,"Spanish rice, no added fat (1 cup)",245.4,usda
305662,,Spanish rice (1 cup),279.5,usda
305744,,"Upma (1 cup, cooked)",147.9,usda
305751,,"Vada (1 item, any size)",79.8,usda
305753,,Tabbouleh (1 cup),203.2,usda
305821,,Ramen bowl (1 cup),311.2,usda
305829,,"Ramen bowl, vegetarian (1 cup)",264.6,usda
305846,,"Clementine, raw (1 fruit)",45.1,usda
305847,,"Clementine, raw (1 section/slice)",4.2,usda
305848,,"Clementine, raw (1 cup)",106.0,usda
305850,,"Grapefruit, raw (1 fruit)",129.4,usda
305851,,"Grapefruit, raw (1 half)",64.7,usda
305852,,"Grapefruit, raw (1 section/slice)",10.5,usda
305853,,"Grapefruit, raw (1 cup)",75.6,usda
305855,,"Grapefruit, canned (1 section/slice)",9.0,usda
305856,,"Grapefruit, canned (1 snack size container)",40.7,usda
305857,,"Grapefruit, canned (1 cup)",90.0,usda
305859,,"Kumquat, raw (1 fruit)",13.5,usda
305860,,"Kumquat, raw (1 cup)",131.4,usda
305862,,"Lemon, raw (1 fruit)",18.9,usda
305863,,"Lemon, raw (1 slice or wedge)",2.3,usda
305864,,"Lemon, raw (1 cup)",58.0,usda
305868,,"Lime, raw (1 fruit)",19.5,usda
305869,,"Lime, raw (1 slice or wedge)",2.4,usda
305870,,"Lime, raw (1 cup)",60.0,usda
305872,,"Orange, raw (1 fruit)",77.0,usda
305873,,"Orange, raw (1 section/slice)",7.5,usda
305874,,"Orange, raw (1 cup)",90.0,usda
305876,,"Orange, canned (1 section/slice)",3.7,usda
305877,,"Orange, canned (1 snack size container)",52.0,usda
305878,,"Orange, canned (1 cup)",115.0,usda
305880,,"Orange, canned, juice pack (1 section/slice)",3.0,usda
305881,,"Orange, canned, juice pack (1 snack size container)",41.8,usda
305882,,"Orange, canned, juice pack (1 cup)",90.7,usda
305888,,"Tangerine, raw (1 fruit)",57.8,usda
305889,,"Tangerine, raw (1 section/slice)",5.8,usda
305890,,"Tangerine, raw (1 cup)",103.4,usda
305892,,"Grapefruit juice, 100%, freshly squeezed (1 fl oz (no ice))",12.1,usda
305893,,"Grapefruit juice, 100%, freshly squeezed (1 fl oz (with ice))",9.0,usda
305894,,"Grapefruit juice, 100%, freshly squeezed (1 fl oz (NFS))",12.1,usda
305895,,"Grapefruit juice, 100%, freshly squeezed (Juice of 1 grapefruit)",76.4,usda
305898,,"Grapefruit juice, 100% (1 fl oz (no ice))",12.4,usda
305899,,"Grapefruit juice, 100% (1 fl oz (with ice))",9.2,usda
305900,,"Grapefruit juice, 100% (1 fl oz (NFS))",12.4,usda
305902,,"Grapefruit juice, 100%, canned, bottled or in a carton (1 fl oz (no ice))",12.4,usda
305903,,"Grapefruit juice, 100%, canned, bottled or in a carton (1 fl oz (with ice))",9.2,usda
305904,,"Grapefruit juice, 100%, canned, bottled or in a carton (1 fl oz (NFS))",12.4,usda
305909,,"Lemon juice, 100% (1 fl oz (no ice))",6.8,usda
305910,,"Lemon juice, 100% (1 fl oz (with ice))",5.1,usda
305911,,"Lemon juice, 100% (1 fl oz (NFS))",6.8,usda
305912,,"Lemon juice, 100% (1 drop)",0.0,usda
305915,,"Lemon juice, 100%, freshly squeezed (1 fl oz (no ice))",6.8,usda
305916,,"Lemon juice, 100%, freshly squeezed (1 fl oz (with ice))",5.1,usda
305917,,"Lemon juice, 100%, freshly squeezed (1 fl oz (NFS))",6.8,usda
305918,,"Lemon juice, 100%, freshly squeezed (1 drop)",0.0,usda
305919,,"Lemon juice, 100%, freshly squeezed (Juice of 1 wedge or slice)",1.3,usda
305920,,"Lemon juice, 100%, freshly squeezed (Juice of 1 lemon (2-1/8"" dia))",10.3,usda
305923,,"Lemon juice, 100%, canned or bottled (1 fl oz (no ice))",5.3,usda
305924,,"Lemon juice, 100%, canned or bottled (1 fl oz (with ice))",3.9,usda
305925,,"Lemon juice, 100%, canned or bottled (1 fl oz (NFS))",5.3,usda
305926,,"Lemon juice, 100%, canned or bottled (1 drop)",0.0,usda
305927,,"Lemon juice, 100%, canned or bottled (1 individual packet)",0.9,usda
305930,,"Lime juice, 100% (1 fl oz (no ice))",7.8,usda
305931,,"Lime juice, 100% (1 fl oz (with ice))",5.8,usda
305932,,"Lime juice, 100% (1 fl oz (NFS))",7.8,usda
305933,,"Lime juice, 100% (1 drop)",0.0,usda
305936,,"Lime juice, 100%, freshly squeezed (1 fl oz (no ice))",7.8,usda
305937,,"Lime juice, 100%, freshly squeezed (1 fl oz (with ice))",5.8,usda
305938,,"Lime juice, 100%, freshly squeezed (1 fl oz (NFS))",7.8,usda
305939,,"Lime juice, 100%, freshly squeezed (1 drop)",0.0,usda
305940,,"Lime juice, 100%, freshly squeezed (Juice of 1 wedge or slice)",1.3,usda
305941,,"Lime juice, 100%, freshly squeezed (Juice of 1 lime (2"" dia))",11.0,usda
305944,,"Lime juice, 100%, canned or bottled (1 fl oz (no ice))",6.5,usda
305945,,"Lime juice, 100%, canned or bottled (1 fl oz (with ice))",4.8,usda
305946,,"Lime juice, 100%, canned or bottled (1 fl oz (NFS))",6.5,usda
305947,,"Lime juice, 100%, canned or bottled (1 drop)",0.0,usda
305950,,"Orange juice, 100% (1 fl oz (no ice))",14.6,usda
305951,,"Orange juice, 100% (1 fl oz (with ice))",10.8,usda
305952,,"Orange juice, 100% (1 fl oz (NFS))",14.6,usda
305953,,"Orange juice, 100% (1 fun size box (4.23 fl oz))",61.6,usda
305954,,"Orange juice, 100% (1 juice box/pouch (6.75 fl oz))",98.2,usda
305955,,"Orange juice, 100% (1 individual school container)",58.3,usda
305957,,"Orange juice, 100%, freshly squeezed (1 fl oz (no ice))",14.6,usda
305958,,"Orange juice, 100%, freshly squeezed (1 fl oz (with ice))",10.8,usda
305959,,"Orange juice, 100%, freshly squeezed (1 fl oz (NFS))",14.6,usda
305960,,"Orange juice, 100%, freshly squeezed (Juice of 1 orange (2-5/8"" dia))",40.4,usda
305962,,"Orange juice, 100%, canned, bottled or in a carton (1 fl oz (no ice))",14.6,usda
305963,,"Orange juice, 100%, canned, bottled or in a carton (1 fl oz (with ice))",10.8,usda
305964,,"Orange juice, 100%, canned, bottled or in a carton (1 fl oz (NFS))",14.6,usda
305965,,"Orange juice, 100%, canned, bottled or in a carton (1 fun size box (4.23 fl oz))",61.6,usda
305966,,"Orange juice, 100%, canned, bottled or in a carton (1 juice box/pouch (6.75 fl oz))",98.2,usda
305967,,"Orange juice, 100%, canned, bottled or in a carton (1 individual school carton)",58.3,usda
305968,,"Orange juice, 100%, canned, bottled or in a carton (1 bottle (10 fl oz))",145.7,usda
305969,,"Orange juice, 100%, canned, bottled or in a carton (1 bottle (12 fl oz))",174.8,usda
305970,,"Orange juice, 100%, canned, bottled or in a carton (1 bottle (16 fl oz))",233.1,usda
305981,,"Orange juice, 100%, frozen, reconstituted (1 fl oz (no ice))",13.0,usda
305982,,"Orange juice, 100%, frozen, reconstituted (1 fl oz (with ice))",9.7,usda
305983,,"Orange juice, 100%, frozen, reconstituted (1 fl oz (NFS))",13.0,usda
305984,,"Orange juice, 100%, frozen, not reconstituted (1 cup)",420.3,usda
305985,,"Orange juice, 100%, frozen, not reconstituted (1 fl oz)",53.3,usda
305992,,"Tangerine juice, 100% (1 fl oz (no ice))",13.3,usda
305993,,"Tangerine juice, 100% (1 fl oz (with ice))",9.9,usda
305994,,"Tangerine juice, 100% (1 fl oz (NFS))",13.3,usda
305995,,"Fruit juice blend, citrus, 100% juice (1 fl oz (no ice))",14.6,usda
305996,,"Fruit juice blend, citrus, 100% juice (1 fl oz (with ice))",10.8,usda
305997,,"Fruit juice blend, citrus, 100% juice (1 fl oz (NFS))",14.6,usda
305998,,"Fruit juice blend, citrus, 100% juice (1 fun size box (4.23 fl oz))",61.6,usda
305999,,"Fruit juice blend, citrus, 100% juice (1 juice box/pouch (6.75 fl oz))",98.2,usda
306000,,"Fruit juice blend, citrus, 100% juice (1 Capri Sun pouch)",87.4,usda
306001,,"Fruit juice blend, citrus, 100% juice (1 can (12 fl oz))",174.8,usda
306003,,"Dried, fruit (1 cup)",476.8,usda
306005,,"Apple, dried (1 slice/chunk)",19.4,usda
306006,,"Apple, dried (1 cup)",218.7,usda
306008,,"Apricot, dried (1 slice/chunk)",19.3,usda
306009,,"Apricot, dried (1 cup)",385.6,usda
306011,,"Blueberries, dried (1 berry)",1.0,usda
306012,,"Blueberries, dried (1 cup)",332.8,usda
306011,,"Blueberries, dried (1 berry)",1.0,usda
306012,,"Blueberries, dried (1 cup)",332.8,usda
306014,,"Cherries, dried (1 cherry)",3.3,usda
306015,,"Cherries, dried (1 cup)",532.8,usda
306017,,Banana chips (1 slice),10.4,usda
306018,,Banana chips (1 cup),373.7,usda
306020,,"Currants, dried (1 slice/chunk)",1.5,usda
306021,,"Currants, dried (1 cup)",464.0,usda
306023,,"Cranberries, dried (1 berry)",1.5,usda
306024,,"Cranberries, dried (1 cup)",492.8,usda
306026,,Date (1 date),22.6,usda
306027,,Date (1 cup),451.2,usda
306029,,"Fig, dried (1 fig)",22.2,usda
306030,,"Fig, dried (1 cup)",443.2,usda
306032,,"Mango, dried (1 slice/chunk)",25.5,usda
306033,,"Mango, dried (1 cup)",510.4,usda
306035,,"Papaya, dried (1 slice/chunk)",24.2,usda
306036,,"Papaya, dried (1 cup)",483.2,usda
306038,,"Peach, dried (1 half)",35.9,usda
306039,,"Peach, dried (1 cup)",382.4,usda
306041,,"Pear, dried (1 half)",39.3,usda
306042,,"Pear, dried (1 cup)",419.2,usda
306044,,"Persimmon, dried (1 slice/chunk)",29.9,usda
306045,,"Persimmon, dried (1 cup)",598.4,usda
306047,,"Pineapple, dried (1 slice/chunk)",27.8,usda
306048,,"Pineapple, dried (1 cup)",555.2,usda
306050,,"Prune, dried (1 prune)",19.2,usda
306051,,"Prune, dried (1 cup)",384.0,usda
306053,,Raisins (1 raisin),1.5,usda
306054,,Raisins (1 miniature box (.5 oz)),41.9,usda
306055,,Raisins (1 small box (1.5 oz)),128.6,usda
306056,,Raisins (1 cup),478.4,usda
306058,,Fruit (1 fruit),125.8,usda
306059,,Fruit (1 cup),102.0,usda
306061,,"Fruit, pickled (1 slice/chunk)",18.9,usda
306062,,"Fruit, pickled (1 cup)",151.2,usda
306063,,"Apple, raw (1 small)",100.7,usda
306064,,"Apple, raw (1 medium)",122.0,usda
306065,,"Apple, raw (1 large)",147.6,usda
306066,,"Apple, raw (1 extra large)",180.0,usda
306067,,"Apple, raw (1 slice)",15.3,usda
306068,,"Apple, raw (1 cup)",76.3,usda
306069,,"Apple, raw (1 single serving package)",20.7,usda
306071,,"Applesauce, regular (1 snack size container)",84.8,usda
306072,,"Applesauce, regular (1 pouch)",67.5,usda
306073,,"Applesauce, regular (1 cup)",187.5,usda
306075,,"Applesauce, unsweetened (1 snack size container)",58.8,usda
306076,,"Applesauce, unsweetened (1 pouch)",46.8,usda
306077,,"Applesauce, unsweetened (1 cup)",127.4,usda
306085,,"Apple, baked (1 apple, any size)",237.3,usda
306086,,"Apple, baked (1 cup)",214.7,usda
306088,,"Apricot, raw (1 apricot)",16.8,usda
306089,,"Apricot, raw (1 slice/chunk)",4.8,usda
306090,,"Apricot, raw (1 cup)",74.4,usda
306092,,"Apricot, canned (1 half)",10.3,usda
306093,,"Apricot, canned (1 cup)",142.5,usda
306095,,"Avocado, raw (1 slice)",24.0,usda
306096,,"Avocado, raw (1 fruit)",240.0,usda
306097,,"Avocado, raw (1 cup)",240.0,usda
306098,,"Avocado, raw (1 cup, mashed or pureed)",368.0,usda
306100,,"Banana, raw (1 banana)",122.2,usda
306101,,"Banana, raw (1 slice)",5.8,usda
306102,,"Banana, raw (1 cup)",145.5,usda
306103,,"Banana, raw (1 cup, mashed)",218.3,usda
306104,,"Banana, raw (1 linear inch)",14.6,usda
306106,,"Banana, baked (1 banana)",225.4,usda
306107,,"Banana, baked (1 cup)",225.4,usda
306109,,"Cantaloupe, raw (1 cube)",5.7,usda
306110,,"Cantaloupe, raw (1 ball)",5.7,usda
306111,,"Cantaloupe, raw (1 cup)",58.9,usda
306112,,"Cantaloupe, raw (1 small wedge/slice)",13.3,usda
306113,,"Cantaloupe, raw (1 medium wedge/slice)",26.6,usda
306114,,"Cantaloupe, raw (1 large wedge/slice)",39.9,usda
306115,,"Cantaloupe, raw (1 small melon)",167.2,usda
306116,,"Cantaloupe, raw (1 medium melon)",209.0,usda
306117,,"Cantaloupe, raw (1 large melon)",309.7,usda
306119,,"Melon, frozen (1 cup)",52.5,usda
306121,,"Starfruit, raw (1 fruit)",27.9,usda
306122,,"Starfruit, raw (1 slice)",2.5,usda
306123,,"Starfruit, raw (1 cup)",31.0,usda
306125,,"Cherries, maraschino (1 cherry)",8.3,usda
306126,,"Cherries, maraschino (1 cup)",264.0,usda
306130,,"Cherries, raw (1 cherry)",5.0,usda
306131,,"Cherries, raw (1 cup)",106.5,usda
306133,,"Cherries, canned (1 cherry)",5.2,usda
306134,,"Cherries, canned (1 cup)",185.0,usda
306136,,"Cherries, frozen (1 cherry)",5.0,usda
306137,,"Cherries, frozen (1 cup)",106.5,usda
306139,,Dragon fruit (1 fruit),51.0,usda
306140,,Dragon fruit (1 slice),4.8,usda
306141,,Dragon fruit (1 cup),122.4,usda
306143,,"Fig, raw (1 fig)",37.0,usda
306145,,"Fig, canned (1 fig)",21.3,usda
306146,,"Fig, canned (1 cup)",190.0,usda
306148,,"Grapes, raw (1 grape)",5.8,usda
306149,,"Grapes, raw (1 cup)",124.5,usda
306151,,"Guava, raw (1 fruit)",37.4,usda
306152,,"Guava, raw (1 slice)",10.2,usda
306153,,"Guava, raw (1 cup)",112.2,usda
306155,,"Kiwi fruit, raw (1 fruit)",48.0,usda
306156,,"Kiwi fruit, raw (1 slice)",4.5,usda
306157,,"Kiwi fruit, raw (1 cup)",115.2,usda
306159,,Lychee (1 lychee),6.6,usda
306160,,Lychee (1 cup),125.4,usda
306162,,"Honeydew melon, raw (1 cube)",5.4,usda
306163,,"Honeydew melon, raw (1 ball)",5.4,usda
306164,,"Honeydew melon, raw (1 cup)",55.8,usda
306165,,"Honeydew melon, raw (1 small wedge/slice)",23.4,usda
306166,,"Honeydew melon, raw (1 medium wedge/slice)",45.0,usda
306167,,"Honeydew melon, raw (1 large wedge/slice)",68.4,usda
306168,,"Honeydew melon, raw (1 small melon)",288.0,usda
306169,,"Honeydew melon, raw (1 medium melon)",360.0,usda
306170,,"Honeydew melon, raw (1 large melon)",475.2,usda
306172,,"Mango, raw (1 slice/chunk)",15.0,usda
306173,,"Mango, raw (1 mango)",126.0,usda
306174,,"Mango, raw (1 cup)",99.0,usda
306176,,"Mango, canned (1 slice/chunk)",16.3,usda
306177,,"Mango, canned (1 snack size container)",73.5,usda
306178,,"Mango, canned (1 cup)",162.5,usda
306180,,"Mango, frozen (1 slice/chunk)",15.0,usda
306181,,"Mango, frozen (1 cup)",90.0,usda
306183,,"Nectarine, raw (1 fruit)",60.2,usda
306184,,"Nectarine, raw (1 slice/chunk)",8.6,usda
306185,,"Nectarine, raw (1 cup)",66.7,usda
306187,,"Papaya, raw (1 slice/chunk)",17.2,usda
306188,,"Papaya, raw (1 fruit)",141.9,usda
306189,,"Papaya, raw (1 cup)",71.0,usda
306190,,"Papaya, raw (1 cup, mashed)",98.9,usda
306192,,"Papaya, canned (1 slice/chunk)",20.8,usda
306193,,"Papaya, canned (1 cup)",130.0,usda
306195,,"Passion fruit, raw (1 fruit)",17.5,usda
306196,,"Passion fruit, raw (1 cup)",228.9,usda
306198,,"Peach, raw (1 fruit)",69.0,usda
306199,,"Peach, raw (1 slice/chunk)",9.2,usda
306200,,"Peach, raw (1 cup)",71.3,usda
306202,,"Peach, canned (1 slice/chunk)",9.6,usda
306203,,"Peach, canned (1 half)",36.0,usda
306204,,"Peach, canned (1 snack size container)",54.2,usda
306205,,"Peach, canned (1 cup)",120.0,usda
306212,,"Peach, canned, juice pack (1 slice/chunk)",8.2,usda
306213,,"Peach, canned, juice pack (1 half)",30.8,usda
306214,,"Peach, canned, juice pack (1 snack size container)",46.3,usda
306215,,"Peach, canned, juice pack (1 cup)",100.5,usda
306217,,"Peach, frozen (1 slice/chunk)",9.2,usda
306218,,"Peach, frozen (1 half)",34.5,usda
306219,,"Peach, frozen (1 cup)",69.0,usda
306221,,"Pear, raw (1 fruit)",106.2,usda
306222,,"Pear, raw (1 slice/chunk)",14.8,usda
306223,,"Pear, raw (1 cup)",73.8,usda
306225,,"Pear, Asian, raw (1 fruit)",115.5,usda
306226,,"Pear, Asian, raw (1 cup)",52.5,usda
306228,,"Pear, canned (1 slice/chunk)",13.0,usda
306229,,"Pear, canned (1 half)",46.8,usda
306230,,"Pear, canned (1 snack size container)",58.8,usda
306231,,"Pear, canned (1 cup)",130.0,usda
306238,,"Pear, canned, juice pack (1 slice/chunk)",11.3,usda
306239,,"Pear, canned, juice pack (1 half)",40.5,usda
306240,,"Pear, canned, juice pack (1 snack size container)",50.9,usda
306241,,"Pear, canned, juice pack (1 cup)",110.3,usda
306243,,"Persimmon, raw (1 fruit)",119.0,usda
306244,,"Persimmon, raw (1 slice)",14.0,usda
306246,,"Pineapple, raw (1 slice)",33.6,usda
306247,,"Pineapple, raw (1 chunk)",9.0,usda
306248,,"Pineapple, raw (1 fruit)",543.0,usda
306249,,"Pineapple, raw (1 cup)",99.0,usda
306251,,"Pineapple, canned (1 chunk)",8.3,usda
306252,,"Pineapple, canned (1 slice/ring)",30.8,usda
306253,,"Pineapple, canned (1 snack size container)",62.2,usda
306254,,"Pineapple, canned (1 cup)",137.5,usda
306261,,"Pineapple, canned, juice pack (1 chunk)",7.2,usda
306262,,"Pineapple, canned, juice pack (1 slice/ring)",26.9,usda
306263,,"Pineapple, canned, juice pack (1 snack size container)",54.2,usda
306264,,"Pineapple, canned, juice pack (1 cup)",117.6,usda
306266,,"Pineapple, frozen (1 chunk)",9.0,usda
306267,,"Pineapple, frozen (1 cup)",90.0,usda
306269,,"Plum, raw (1 fruit)",34.5,usda
306270,,"Plum, raw (1 cup)",71.3,usda
306272,,"Plum, canned (1 fruit)",41.3,usda
306273,,"Plum, canned (1 cup)",137.5,usda
306275,,"Pomegranate, raw (1 fruit)",207.5,usda
306276,,"Pomegranate, raw (1 cup)",145.3,usda
306278,,Rhubarb (1 cup),175.2,usda
306280,,Tamarind (1 tamarind),4.8,usda
306282,,"Watermelon, raw (1 cube)",4.5,usda
306291,,"Watermelon, raw (1 large melon)",1800.0,usda
306283,,"Watermelon, raw (1 ball)",4.5,usda
306284,,"Watermelon, raw (1 cup)",46.5,usda
306285,,"Watermelon, raw (1 small wedge/slice)",65.4,usda
306286,,"Watermelon, raw (1 medium wedge/slice)",97.5,usda
306287,,"Watermelon, raw (1 large wedge/slice)",129.6,usda
306288,,"Watermelon, raw (1 miniature melon)",390.0,usda
306289,,"Watermelon, raw (1 small melon)",960.0,usda
306290,,"Watermelon, raw (1 medium melon)",1560.0,usda
306293,,Berries (1 cup),66.0,usda
306295,,"Berries, frozen (1 cup)",78.0,usda
306297,,"Blackberries, raw (1 blackberry)",2.2,usda
306298,,"Blackberries, raw (1 cup)",64.5,usda
306300,,"Blackberries, frozen (1 berry)",3.2,usda
306301,,"Blackberries, frozen (1 cup)",96.0,usda
306303,,"Blueberries, raw (1 berry)",1.3,usda
306304,,"Blueberries, raw (1 cup)",96.0,usda
306306,,"Bluberries, canned (1 cup)",220.0,usda
306308,,"Blueberries, frozen (1 berry)",1.0,usda
306309,,"Blueberries, frozen (1 cup)",76.5,usda
306313,,"Cranberries, raw (1 berry)",0.9,usda
306314,,"Cranberries, raw (1 cup)",46.0,usda
306319,,"Raspberries, raw (1 berry)",1.1,usda
306320,,"Raspberries, raw (1 cup)",85.5,usda
306322,,"Raspberries, frozen (1 berry)",1.1,usda
306323,,"Raspberries, frozen (1 cup)",85.5,usda
306325,,"Strawberries, raw (1 fruit)",6.5,usda
306326,,"Strawberries, raw (1 cup)",54.0,usda
306328,,"Strawberries, canned (1 cup)",230.0,usda
306330,,"Strawberries, frozen (1 berry)",6.3,usda
306331,,"Strawberries, frozen (1 cup)",52.5,usda
306333,,Ambrosia (1 cup),144.8,usda
306351,,"Fruit mixture, frozen (1 cup)",72.0,usda
306355,,"Apple, candied (1 apple, any size)",428.8,usda
306357,,"Fruit, chocolate covered (1 fruit)",53.2,usda
306379,,Lime souffle (1 cup),393.6,usda
306381,,Guacamole (1 tablespoon),23.3,usda
306382,,Guacamole (1 individual container),108.5,usda
306393,,Frozen fruit juice bar (1 bar),84.8,usda
306394,,Frozen fruit juice bar (1 fl oz),31.8,usda
306396,,"Frozen fruit juice bar, no sugar added (1 bar)",24.0,usda
306397,,"Frozen fruit juice bar, no sugar added (1 fl oz)",9.0,usda
306399,,Sorbet (1 cup),220.0,usda
306400,,Sorbet (1 bar),88.0,usda
306402,,Fruit juice (1 fl oz (no ice)),15.8,usda
306403,,Fruit juice (1 fl oz (with ice)),11.7,usda
306404,,Fruit juice (1 fl oz (NFS)),15.8,usda
306405,,Fruit juice (1 fun size box (4.23 fl oz)),66.8,usda
306406,,Fruit juice (1 juice box/pouch (6.75 fl oz)),106.6,usda
306407,,Fruit juice (1 individual school container),63.2,usda
306409,,"Fruit juice blend, 100% juice (1 fl oz (no ice))",15.5,usda
306410,,"Fruit juice blend, 100% juice (1 fl oz (with ice))",11.5,usda
306411,,"Fruit juice blend, 100% juice (1 fl oz (NFS))",15.5,usda
306412,,"Fruit juice blend, 100% juice (1 fun size box (4.23 fl oz))",65.5,usda
306413,,"Fruit juice blend, 100% juice (1 juice box/pouch (6.75 fl oz))",104.5,usda
306414,,"Fruit juice blend, 100% juice (1 individual school container)",62.0,usda
306416,,"Cranberry juice blend, 100% juice (1 fl oz (no ice))",14.3,usda
306417,,"Cranberry juice blend, 100% juice (1 fl oz (with ice))",10.6,usda
306418,,"Cranberry juice blend, 100% juice (1 fl oz (NFS))",14.3,usda
306419,,"Cranberry juice blend, 100% juice (1 fun size box (4.23 fl oz))",60.3,usda
306420,,"Cranberry juice blend, 100% juice (1 juice box/pouch (6.75 fl oz))",96.1,usda
306427,,Apple cider (1 fl oz (no ice)),14.3,usda
306428,,Apple cider (1 fl oz (with ice)),10.6,usda
306429,,Apple cider (1 fl oz (NFS)),14.3,usda
306430,,"Apple juice, 100% (1 fl oz (no ice))",14.9,usda
306431,,"Apple juice, 100% (1 fl oz (with ice))",11.0,usda
306432,,"Apple juice, 100% (1 fl oz (NFS))",14.9,usda
306433,,"Apple juice, 100% (1 fun size box (4.23 fl oz))",62.9,usda
306434,,"Apple juice, 100% (1 juice box/pouch (6.75 fl oz))",100.3,usda
306435,,"Apple juice, 100% (1 individual school container)",59.5,usda
306436,,"Apple juice, 100% (1 bottle (10 fl oz))",148.8,usda
306443,,"Blackberry juice, 100% (1 fl oz (no ice))",11.8,usda
306444,,"Blackberry juice, 100% (1 fl oz (with ice))",8.7,usda
306445,,"Blackberry juice, 100% (1 fl oz (NFS))",11.8,usda
306446,,Blueberry juice (1 fl oz (no ice)),13.0,usda
306447,,Blueberry juice (1 fl oz (with ice)),9.7,usda
306448,,Blueberry juice (1 fl oz (NFS)),13.0,usda
306451,,"Cranberry juice, 100%, not a blend (1 fl oz (no ice))",9.9,usda
306452,,"Cranberry juice, 100%, not a blend (1 fl oz (with ice))",7.4,usda
306453,,"Cranberry juice, 100%, not a blend (1 fl oz (NFS))",9.9,usda
306454,,"Grape juice, 100% (1 fl oz (no ice))",20.5,usda
306455,,"Grape juice, 100% (1 fl oz (with ice))",15.2,usda
306456,,"Grape juice, 100% (1 fl oz (NFS))",20.5,usda
306457,,"Grape juice, 100% (1 fun size box (4.23 fl oz))",86.5,usda
306458,,"Grape juice, 100% (1 juice box/pouch (6.75 fl oz))",137.9,usda
306459,,"Grape juice, 100% (1 individual school container)",81.8,usda
306466,,"Papaya juice, 100% (1 fl oz (no ice))",17.7,usda
306467,,"Papaya juice, 100% (1 fl oz (with ice))",13.1,usda
306468,,"Papaya juice, 100% (1 fl oz (NFS))",17.7,usda
306470,,"Passion fruit juice, 100% (1 fl oz (no ice))",15.8,usda
306471,,"Passion fruit juice, 100% (1 fl oz (with ice))",11.7,usda
306472,,"Passion fruit juice, 100% (1 fl oz (NFS))",15.8,usda
306473,,"Pineapple juice, 100% (1 fl oz (no ice))",16.4,usda
306474,,"Pineapple juice, 100% (1 fl oz (with ice))",12.2,usda
306475,,"Pineapple juice, 100% (1 fl oz (NFS))",16.4,usda
306476,,"Pineapple juice, 100% (1 individual school container)",65.7,usda
306479,,"Pomegranate juice, 100% (1 fl oz (no ice))",16.7,usda
306480,,"Pomegranate juice, 100% (1 fl oz (with ice))",12.4,usda
306481,,"Pomegranate juice, 100% (1 fl oz (NFS))",16.7,usda
306483,,"Prune juice, 100% (1 fl oz (no ice))",22.0,usda
306484,,"Prune juice, 100% (1 fl oz (with ice))",16.3,usda
306485,,"Prune juice, 100% (1 fl oz (NFS))",22.0,usda
306487,,"Strawberry juice, 100% (1 fl oz (no ice))",6.9,usda
306488,,"Strawberry juice, 100% (1 fl oz (with ice))",5.3,usda
306489,,"Strawberry juice, 100% (1 fl oz (NFS))",6.9,usda
306491,,"Watermelon juice, 100% (1 fl oz (no ice))",9.0,usda
306492,,"Watermelon juice, 100% (1 fl oz (with ice))",6.9,usda
306493,,"Watermelon juice, 100% (1 fl oz (NFS))",9.0,usda
306528,,Fruit nectar (1 fl oz (no ice)),15.8,usda
306529,,Fruit nectar (1 fl oz (with ice)),11.7,usda
306530,,Fruit nectar (1 fl oz (NFS)),15.8,usda
306532,,Apricot nectar (1 fl oz (no ice)),17.4,usda
306533,,Apricot nectar (1 fl oz (with ice)),12.9,usda
306534,,Apricot nectar (1 fl oz (NFS)),17.4,usda
306536,,Banana nectar (1 fl oz (no ice)),22.9,usda
306537,,Banana nectar (1 fl oz (with ice)),17.0,usda
306538,,Banana nectar (1 fl oz (NFS)),22.9,usda
306540,,Cantaloupe nectar (1 fl oz (no ice)),20.2,usda
306541,,Cantaloupe nectar (1 fl oz (with ice)),15.0,usda
306542,,Cantaloupe nectar (1 fl oz (NFS)),20.2,usda
306544,,Guava nectar (1 fl oz (no ice)),14.9,usda
306545,,Guava nectar (1 fl oz (with ice)),11.0,usda
306546,,Guava nectar (1 fl oz (NFS)),14.9,usda
306548,,Mango nectar (1 fl oz (no ice)),15.8,usda
306549,,Mango nectar (1 fl oz (with ice)),11.7,usda
306550,,Mango nectar (1 fl oz (NFS)),15.8,usda
306552,,Peach nectar (1 fl oz (no ice)),15.2,usda
306553,,Peach nectar (1 fl oz (with ice)),11.3,usda
306554,,Peach nectar (1 fl oz (NFS)),15.2,usda
306556,,Papaya nectar (1 fl oz (no ice)),17.7,usda
306557,,Papaya nectar (1 fl oz (with ice)),13.1,usda
306558,,Papaya nectar (1 fl oz (NFS)),17.7,usda
306560,,Passion fruit nectar (1 fl oz (no ice)),21.4,usda
306561,,Passion fruit nectar (1 fl oz (with ice)),15.9,usda
306562,,Passion fruit nectar (1 fl oz (NFS)),21.4,usda
306564,,Pear nectar (1 fl oz (no ice)),18.6,usda
306565,,Pear nectar (1 fl oz (with ice)),13.8,usda
306566,,Pear nectar (1 fl oz (NFS)),18.6,usda
306568,,"Soursop, nectar (1 fl oz (no ice))",18.3,usda
306569,,"Soursop, nectar (1 fl oz (with ice))",13.6,usda
306570,,"Soursop, nectar (1 fl oz (NFS))",18.3,usda
306571,,Vinegar (1 tablespoon),3.2,usda
306572,,Vinegar (1 packet),1.9,usda
306708,,Potato (1 baby potato),75.6,usda
306709,,Potato (1 new potato),75.6,usda
306710,,"Potato (1 potato, any size)",214.2,usda
306711,,Potato (1 cup),201.6,usda
306713,,"Potato, baked (1 small)",213.9,usda
306714,,"Potato, baked (1 medium)",265.1,usda
306715,,"Potato, baked (1 large)",372.0,usda
306716,,"Potato, baked (1 cup)",120.9,usda
306718,,"Potato, baked, peel not eaten (1 small)",213.9,usda
306719,,"Potato, baked, peel not eaten (1 medium)",265.1,usda
306720,,"Potato, baked, peel not eaten (1 large)",372.0,usda
306721,,"Potato, baked, peel not eaten (1 cup)",120.9,usda
306723,,"Potato, boiled (1 baby potato)",75.6,usda
306724,,"Potato, boiled (1 new potato)",75.6,usda
306725,,"Potato, boiled (1 small)",163.8,usda
306726,,"Potato, boiled (1 medium)",214.2,usda
306727,,"Potato, boiled (1 large)",378.0,usda
306728,,"Potato, boiled (1 cup)",201.6,usda
306730,,"Potato, boiled, ready-to-heat (1 baby potato)",75.6,usda
306731,,"Potato, boiled, ready-to-heat (1 new potato)",75.6,usda
306732,,"Potato, boiled, ready-to-heat (1 small)",163.8,usda
306733,,"Potato, boiled, ready-to-heat (1 medium)",214.2,usda
306734,,"Potato, boiled, ready-to-heat (1 large)",378.0,usda
306735,,"Potato, boiled, ready-to-heat (1 cup)",201.6,usda
306737,,"Potato, boiled, from fresh, peel not eaten (1 baby potato)",75.6,usda
306738,,"Potato, boiled, from fresh, peel not eaten (1 new potato)",75.6,usda
306739,,"Potato, boiled, from fresh, peel not eaten (1 small)",163.8,usda
306740,,"Potato, boiled, from fresh, peel not eaten (1 medium)",214.2,usda
306741,,"Potato, boiled, from fresh, peel not eaten (1 large)",378.0,usda
306742,,"Potato, boiled, from fresh, peel not eaten (1 cup)",201.6,usda
306744,,"Potato, boiled, from fresh, peel not eaten, no added fat (1 baby potato)",55.8,usda
306745,,"Potato, boiled, from fresh, peel not eaten, no added fat (1 new potato)",55.8,usda
306746,,"Potato, boiled, from fresh, peel not eaten, no added fat (1 small)",120.9,usda
306747,,"Potato, boiled, from fresh, peel not eaten, no added fat (1 medium)",158.1,usda
306748,,"Potato, boiled, from fresh, peel not eaten, no added fat (1 large)",279.0,usda
306749,,"Potato, boiled, from fresh, peel not eaten, no added fat (1 cup)",148.8,usda
306751,,"Potato, boiled, from fresh, peel not eaten, fat added (1 baby potato)",75.6,usda
306752,,"Potato, boiled, from fresh, peel not eaten, fat added (1 new potato)",75.6,usda
306753,,"Potato, boiled, from fresh, peel not eaten, fat added (1 small)",163.8,usda
306754,,"Potato, boiled, from fresh, peel not eaten, fat added (1 medium)",214.2,usda
306755,,"Potato, boiled, from fresh, peel not eaten, fat added (1 large)",378.0,usda
306756,,"Potato, boiled, from fresh, peel not eaten, fat added (1 cup)",201.6,usda
306779,,"Potato, boiled, from fresh, peel eaten (1 baby potato)",75.6,usda
306780,,"Potato, boiled, from fresh, peel eaten (1 new potato)",75.6,usda
306781,,"Potato, boiled, from fresh, peel eaten (1 small)",163.8,usda
306782,,"Potato, boiled, from fresh, peel eaten (1 medium)",214.2,usda
306783,,"Potato, boiled, from fresh, peel eaten (1 large)",378.0,usda
306784,,"Potato, boiled, from fresh, peel eaten (1 cup)",201.6,usda
306786,,"Potato, boiled, from fresh, peel eaten, fat added (1 baby potato)",75.6,usda
306787,,"Potato, boiled, from fresh, peel eaten, fat added (1 new potato)",75.6,usda
306788,,"Potato, boiled, from fresh, peel eaten, fat added (1 small)",163.8,usda
306789,,"Potato, boiled, from fresh, peel eaten, fat added (1 medium)",214.2,usda
306790,,"Potato, boiled, from fresh, peel eaten, fat added (1 large)",378.0,usda
306791,,"Potato, boiled, from fresh, peel eaten, fat added (1 cup)",201.6,usda
306793,,"Potato, boiled, from fresh, peel eaten, no added fat (1 baby potato)",55.8,usda
306794,,"Potato, boiled, from fresh, peel eaten, no added fat (1 new potato)",55.8,usda
306795,,"Potato, boiled, from fresh, peel eaten, no added fat (1 small)",120.9,usda
306796,,"Potato, boiled, from fresh, peel eaten, no added fat (1 medium)",158.1,usda
306797,,"Potato, boiled, from fresh, peel eaten, no added fat (1 large)",279.0,usda
306798,,"Potato, boiled, from fresh, peel eaten, no added fat (1 cup)",148.8,usda
306821,,"Potato, canned (1 whole, canned)",32.9,usda
306822,,"Potato, canned (1 cup)",173.9,usda
306824,,"Potato, canned, fat added (1 whole, canned)",32.9,usda
306825,,"Potato, canned, fat added (1 cup)",173.9,usda
306827,,"Potato, canned, no added fat (1 whole, canned)",21.0,usda
306828,,"Potato, canned, no added fat (1 cup)",111.0,usda
306830,,"Potato, roasted (1 baby potato)",75.6,usda
306831,,"Potato, roasted (1 new potato)",75.6,usda
306832,,"Potato, roasted (1 small)",163.8,usda
306833,,"Potato, roasted (1 medium)",214.2,usda
306834,,"Potato, roasted (1 large)",378.0,usda
306835,,"Potato, roasted (1 cup)",201.6,usda
306837,,"Potato, roasted, from fresh, peel eaten (1 baby potato)",75.6,usda
306838,,"Potato, roasted, from fresh, peel eaten (1 new potato)",75.6,usda
306839,,"Potato, roasted, from fresh, peel eaten (1 small)",163.8,usda
306840,,"Potato, roasted, from fresh, peel eaten (1 medium)",214.2,usda
306841,,"Potato, roasted, from fresh, peel eaten (1 large)",378.0,usda
306842,,"Potato, roasted, from fresh, peel eaten (1 cup)",201.6,usda
306844,,"Potato, roasted, from fresh, peel eaten, no added fat (1 baby potato)",55.8,usda
306845,,"Potato, roasted, from fresh, peel eaten, no added fat (1 new potato)",55.8,usda
306846,,"Potato, roasted, from fresh, peel eaten, no added fat (1 small)",120.9,usda
306847,,"Potato, roasted, from fresh, peel eaten, no added fat (1 medium)",158.1,usda
306848,,"Potato, roasted, from fresh, peel eaten, no added fat (1 large)",279.0,usda
306849,,"Potato, roasted, from fresh, peel eaten, no added fat (1 cup)",148.8,usda
306851,,"Potato, roasted, from fresh, peel eaten, fat added (1 baby potato)",75.6,usda
306852,,"Potato, roasted, from fresh, peel eaten, fat added (1 new potato)",75.6,usda
306853,,"Potato, roasted, from fresh, peel eaten, fat added (1 small)",163.8,usda
306854,,"Potato, roasted, from fresh, peel eaten, fat added (1 medium)",214.2,usda
306855,,"Potato, roasted, from fresh, peel eaten, fat added (1 large)",378.0,usda
306856,,"Potato, roasted, from fresh, peel eaten, fat added (1 cup)",201.6,usda
306879,,"Potato, roasted, from fresh, peel not eaten (1 baby potato)",75.6,usda
306880,,"Potato, roasted, from fresh, peel not eaten (1 new potato)",75.6,usda
306881,,"Potato, roasted, from fresh, peel not eaten (1 small)",163.8,usda
306882,,"Potato, roasted, from fresh, peel not eaten (1 medium)",214.2,usda
306883,,"Potato, roasted, from fresh, peel not eaten (1 large)",378.0,usda
306884,,"Potato, roasted, from fresh, peel not eaten (1 cup)",201.6,usda
306886,,"Potato, roasted, from fresh, peel not eaten, fat added (1 baby potato)",75.6,usda
306887,,"Potato, roasted, from fresh, peel not eaten, fat added (1 new potato)",75.6,usda
306888,,"Potato, roasted, from fresh, peel not eaten, fat added (1 small)",163.8,usda
306889,,"Potato, roasted, from fresh, peel not eaten, fat added (1 medium)",214.2,usda
306890,,"Potato, roasted, from fresh, peel not eaten, fat added (1 large)",378.0,usda
306891,,"Potato, roasted, from fresh, peel not eaten, fat added (1 cup)",201.6,usda
306893,,"Potato, roasted, from fresh, peel not eaten, no added fat (1 baby potato)",55.8,usda
306894,,"Potato, roasted, from fresh, peel not eaten, no added fat (1 new potato)",55.8,usda
306895,,"Potato, roasted, from fresh, peel not eaten, no added fat (1 small)",120.9,usda
306896,,"Potato, roasted, from fresh, peel not eaten, no added fat (1 medium)",158.1,usda
306897,,"Potato, roasted, from fresh, peel not eaten, no added fat (1 large)",279.0,usda
306898,,"Potato, roasted, from fresh, peel not eaten, no added fat (1 cup)",148.8,usda
306921,,"Potato, roasted, ready-to-heat (1 baby potato)",75.6,usda
306922,,"Potato, roasted, ready-to-heat (1 new potato)",75.6,usda
306923,,"Potato, roasted, ready-to-heat (1 small)",163.8,usda
306924,,"Potato, roasted, ready-to-heat (1 medium)",214.2,usda
306925,,"Potato, roasted, ready-to-heat (1 large)",378.0,usda
306926,,"Potato, roasted, ready-to-heat (1 cup)",201.6,usda
306928,,"Stewed potatoes, Puerto Rican style (1 small)",141.5,usda
306929,,"Stewed potatoes, Puerto Rican style (1 medium)",187.5,usda
306930,,"Stewed potatoes, Puerto Rican style (1 large)",284.1,usda
306931,,"Stewed potatoes, Puerto Rican style (1 cup)",276.0,usda
306953,,Potato chips (1 chip),10.6,usda
306954,,Potato chips (1 small single serving bag),149.0,usda
306955,,Potato chips (1 medium single serving bag),303.2,usda
306956,,Potato chips (1 large single serving bag),452.2,usda
306957,,Potato chips (1 100 calorie package),95.8,usda
306958,,Potato chips (1 cup),133.0,usda
306960,,"Potato chips, plain (1 chip)",10.6,usda
306961,,"Potato chips, plain (1 small single serving bag)",149.0,usda
306962,,"Potato chips, plain (1 medium single serving bag)",303.2,usda
306963,,"Potato chips, plain (1 large single serving bag)",452.2,usda
306964,,"Potato chips, plain (1 100 calorie package)",95.8,usda
306965,,"Potato chips, plain (1 cup)",133.0,usda
306995,,"Potato chips, ruffled, plain (1 chip)",13.3,usda
306996,,"Potato chips, ruffled, plain (1 small single serving bag)",149.0,usda
306997,,"Potato chips, ruffled, plain (1 medium single serving bag)",303.2,usda
306998,,"Potato chips, ruffled, plain (1 large single serving bag)",452.2,usda
306999,,"Potato chips, ruffled, plain (1 100 calorie package)",95.8,usda
307000,,"Potato chips, ruffled, plain (1 cup)",170.2,usda
307030,,"Potato chips, restructured, plain (1 chip)",10.9,usda
307031,,"Potato chips, restructured, plain (1 1-inch stack)",152.0,usda
307032,,"Potato chips, restructured, plain (1 snack size tub/can)",108.6,usda
307033,,"Potato chips, restructured, plain (1 small can)",325.8,usda
307034,,"Potato chips, restructured, plain (1 regular can)",1004.6,usda
307035,,"Potato chips, restructured, plain (1 100 calorie package)",97.7,usda
307036,,"Potato chips, restructured, plain (1 cup)",135.8,usda
307046,,"Potato chips, baked, plain (1 chip)",9.4,usda
307047,,"Potato chips, baked, plain (1 small single serving bag)",131.3,usda
307048,,"Potato chips, baked, plain (1 medium single serving bag)",267.3,usda
307049,,"Potato chips, baked, plain (1 large single serving bag)",398.7,usda
307050,,"Potato chips, baked, plain (1 100 calorie package)",84.4,usda
307051,,"Potato chips, baked, plain (1 cup)",117.3,usda
307060,,"Potato chips, reduced fat (1 chip)",9.6,usda
307061,,"Potato chips, reduced fat (1 small single serving bag)",135.0,usda
307062,,"Potato chips, reduced fat (1 medium single serving bag)",274.7,usda
307063,,"Potato chips, reduced fat (1 large single serving bag)",409.7,usda
307064,,"Potato chips, reduced fat (1 100 calorie package)",86.8,usda
307065,,"Potato chips, reduced fat (1 cup)",120.5,usda
307067,,"Potato chips, restructured, reduced fat, lightly salted (1 chip)",10.0,usda
307068,,"Potato chips, restructured, reduced fat, lightly salted (1 1-inch stack)",140.6,usda
307069,,"Potato chips, restructured, reduced fat, lightly salted (1 snack size tub/can)",100.4,usda
307070,,"Potato chips, restructured, reduced fat, lightly salted (1 small can)",301.2,usda
307071,,"Potato chips, restructured, reduced fat, lightly salted (1 regular can)",928.7,usda
307072,,"Potato chips, restructured, reduced fat, lightly salted (1 100 calorie package)",90.4,usda
307073,,"Potato chips, restructured, reduced fat, lightly salted (1 cup)",125.5,usda
307075,,"Potato chips, unsalted (1 chip)",10.7,usda
307076,,"Potato chips, unsalted (1 small single serving bag)",150.4,usda
307077,,"Potato chips, unsalted (1 medium single serving bag)",306.1,usda
307078,,"Potato chips, unsalted (1 large single serving bag)",456.5,usda
307079,,"Potato chips, unsalted (1 100 calorie package)",96.7,usda
307080,,"Potato chips, unsalted (1 cup)",134.3,usda
307082,,"Potato chips, lightly salted (1 chip)",11.2,usda
307083,,"Potato chips, lightly salted (1 small single serving bag)",156.5,usda
307084,,"Potato chips, lightly salted (1 medium single serving bag)",318.6,usda
307085,,"Potato chips, lightly salted (1 large single serving bag)",475.2,usda
307086,,"Potato chips, lightly salted (1 100 calorie package)",100.6,usda
307087,,"Potato chips, lightly salted (1 cup)",139.8,usda
307089,,"Potato chips, restructured, lightly salted (1 chip)",11.2,usda
307090,,"Potato chips, restructured, lightly salted (1 1-inch stack)",156.5,usda
307091,,"Potato chips, restructured, lightly salted (1 snack size tub/can)",111.8,usda
307092,,"Potato chips, restructured, lightly salted (1 small can)",335.4,usda
307093,,"Potato chips, restructured, lightly salted (1 regular can)",1034.2,usda
307094,,"Potato chips, restructured, lightly salted (1 100 calorie package)",100.6,usda
307095,,"Potato chips, restructured, lightly salted (1 cup)",139.8,usda
307097,,"Potato chips, popped, plain (1 chip)",4.7,usda
307098,,"Potato chips, popped, plain (1 small single serving bag)",131.3,usda
307099,,"Potato chips, popped, plain (1 medium single serving bag)",267.3,usda
307100,,"Potato chips, popped, plain (1 large single serving bag)",398.7,usda
307101,,"Potato chips, popped, plain (1 100 calorie package)",84.4,usda
307102,,"Potato chips, popped, plain (1 cup)",93.8,usda
307111,,"Potato chips, popped (1 chip)",4.7,usda
307112,,"Potato chips, popped (1 small single serving bag)",131.3,usda
307113,,"Potato chips, popped (1 medium single serving bag)",267.3,usda
307114,,"Potato chips, popped (1 large single serving bag)",398.7,usda
307115,,"Potato chips, popped (1 100 calorie package)",84.4,usda
307116,,"Potato chips, popped (1 cup)",93.8,usda
307118,,"Potato sticks, plain (10 sticks)",15.7,usda
307119,,"Potato sticks, plain (1 small single serving bag)",146.2,usda
307120,,"Potato sticks, plain (1 medium single serving bag)",297.5,usda
307121,,"Potato sticks, plain (1 large single serving bag)",443.7,usda
307122,,"Potato sticks, plain (1 100 calorie package)",94.0,usda
307123,,"Potato sticks, plain (1 cup)",198.4,usda
307132,,"Potato sticks, fry shaped (10 sticks)",15.5,usda
307133,,"Potato sticks, fry shaped (1 small single serving bag)",144.8,usda
307134,,"Potato sticks, fry shaped (1 medium single serving bag)",294.7,usda
307135,,"Potato sticks, fry shaped (1 large single serving bag)",439.5,usda
307136,,"Potato sticks, fry shaped (1 100 calorie package)",93.1,usda
307137,,"Potato sticks, fry shaped (1 cup)",196.5,usda
307139,,Vegetable chips (1 chip),9.9,usda
307140,,Vegetable chips (1 small single serving bag),138.6,usda
307141,,Vegetable chips (1 medium single serving bag),282.2,usda
307142,,Vegetable chips (1 large single serving bag),420.8,usda
307143,,Vegetable chips (1 100 calorie package),99.0,usda
307144,,Vegetable chips (1 cup),148.5,usda
307146,,"Potato, scalloped (1 cup)",420.0,usda
307150,,"Potato, scalloped, from fresh (1 cup)",420.0,usda
307154,,"Potato, scalloped, from dry mix (1 cup)",422.5,usda
307158,,"Potato, scalloped, ready-to-heat (1 cup)",445.0,usda
307305,,"Potato, hash brown (1 patty)",119.4,usda
307306,,"Potato, hash brown (1 cup)",347.2,usda
307320,,"Potato, hash brown, from school lunch (1 patty)",119.9,usda
307321,,"Potato, hash brown, from school lunch (1 cup)",348.8,usda
307323,,"Potato, hash brown, from fresh (1 cup)",304.0,usda
307327,,"Potato, hash brown, from dry mix (1 cup)",347.2,usda
307329,,"Potato, hash brown, ready-to-heat (1 patty)",119.4,usda
307330,,"Potato, hash brown, ready-to-heat (1 cup)",347.2,usda
307335,,Potato skins without topping (Skin from 1 small),37.8,usda
307336,,Potato skins without topping (Skin from 1 medium),52.9,usda
307337,,Potato skins without topping (Skin from 1 large),75.5,usda
307347,,Potato skins (Skin from 1 small),49.8,usda
307348,,Potato skins (Skin from 1 medium),69.7,usda
307349,,Potato skins (Skin from 1 large),99.5,usda
307351,,"Potato, mashed (1 cup)",285.0,usda
307352,,"Potato, mashed (1 potato, any size)",167.6,usda
307358,,"Potato, mashed, ready-to-heat (1 cup)",265.0,usda
307368,,"Potato, mashed, from fresh (1 cup)",285.0,usda
307369,,"Potato, mashed, from fresh (1 potato, any size)",167.6,usda
307375,,"Potato, mashed, from school lunch (1 cup)",192.5,usda
307377,,"Potato, mashed, from dry mix (1 cup)",292.5,usda
307385,,"Potato, mashed, ready-to-heat (1 cup)",265.0,usda
307391,,Potato patty (1 patty),94.1,usda
307392,,Potato patty (1 cup),273.6,usda
307446,,"Potato, baked, peel eaten (1 small)",213.9,usda
307447,,"Potato, baked, peel eaten (1 medium)",265.1,usda
307448,,"Potato, baked, peel eaten (1 large)",372.0,usda
307449,,"Potato, baked, peel eaten (1 cup)",120.9,usda
307523,,Potato pancake (1 miniature/bite size pancake),19.6,usda
307524,,Potato pancake (1 small pancake),49.0,usda
307525,,Potato pancake (1 medium pancake),137.2,usda
307526,,Potato pancake (1 large pancake),254.8,usda
307527,,Potato pancake (1 extra large pancake),421.4,usda
307528,,Potato pancake (1 pancake (frozen)),88.2,usda
307529,,Potato pancake (1 surface inch),6.7,usda
307531,,Lefse (1 item),174.4,usda
307532,,Lefse (1 surface inch),2.6,usda
307534,,Stewed potatoes (1 cup),257.5,usda
307546,,"Plantain, cooked, no added fat (1 slice)",30.5,usda
307547,,"Plantain, cooked, no added fat (1 whole)",286.7,usda
307548,,"Plantain, cooked, no added fat (1 cup)",244.0,usda
307549,,"Plantain, cooked, no added fat (1 cup, mashed)",244.0,usda
307555,,"Plantain, raw (1 whole)",219.6,usda
307557,,"Plantain, cooked, fat added (1 slice)",35.3,usda
307558,,"Plantain, cooked, fat added (1 whole)",317.3,usda
307559,,"Plantain, cooked, fat added (1 cup)",239.7,usda
307565,,Plantain chips (1 oz),150.5385,usda
307567,,Plantain chips (1 cup),201.8,usda
307568,,Plantain chips (10 chips),44.6,usda
307569,,"Cassava, cooked (1 cup)",305.6,usda
307573,,"Casabe, cassava bread (1 piece (6"" dia))",299.0,usda
307575,,"Taro, cooked (1 cup)",225.6,usda
307577,,"Fufu (1 cup, cooked)",398.4,usda
307579,,Taro chips (10 chips),114.5,usda
307581,,"Beet greens, raw (1 cup)",8.4,usda
307582,,"Beet greens, raw (1 leaf)",7.0,usda
307584,,"Beet greens, cooked (1 cup)",72.0,usda
307586,,"Broccoli raab, raw (1 cup)",8.8,usda
307588,,"Broccoli raab, cooked (1 cup)",78.2,usda
307590,,"Chard, raw (1 cup)",6.8,usda
307591,,"Chard, raw (1 leaf)",9.1,usda
307593,,"Chard, cooked (1 cup)",66.0,usda
307595,,"Collards, raw (1 cup)",11.5,usda
307597,,"Collards, fresh, cooked, no added fat (1 cup)",44.2,usda
307599,,"Collards, frozen, cooked, no added fat (1 cup)",61.2,usda
307601,,"Collards, cooked (1 cup)",78.3,usda
307603,,"Collards, fresh, cooked, fat added (1 cup)",78.3,usda
307605,,"Collards, frozen, cooked, fat added (1 cup)",101.5,usda
307615,,"Cress, raw (1 cup)",16.0,usda
307616,,"Cress, raw (1 sprig)",0.3,usda
307618,,"Cress, cooked (1 cup)",81.2,usda
307620,,"Dandelion greens, raw (1 cup)",24.8,usda
307622,,"Dandelion greens, cooked (1 cup)",78.1,usda
307624,,"Romaine lettuce, raw (1 leaf)",2.7,usda
307625,,"Romaine lettuce, raw (1 head)",79.0,usda
307626,,"Romaine lettuce, raw (1 cup)",7.4,usda
307632,,"Escarole, cooked (1 cup)",50.0,usda
307633,,"Escarole, cooked (1 head)",118.8,usda
307635,,"Greens, fresh, cooked, no added fat (1 cup)",48.1,usda
307637,,"Greens, frozen, cooked, no added fat (1 cup)",62.9,usda
307639,,"Greens, cooked (1 cup)",78.3,usda
307641,,"Greens, fresh, cooked, fat added (1 cup)",78.3,usda
307643,,"Greens, frozen, cooked, fat added (1 cup)",103.3,usda
307645,,"Greens, canned, cooked (1 cup)",71.8,usda
307647,,"Kale, raw (1 leaf)",4.3,usda
307648,,"Kale, raw (1 baby leaf)",0.4,usda
307649,,"Kale, raw (1 cup)",10.8,usda
307652,,"Kale, fresh, cooked, no added fat (1 cup)",59.8,usda
307654,,"Kale, frozen, cooked, no added fat (1 cup)",74.8,usda
307656,,"Kale, cooked (1 cup)",93.2,usda
307658,,"Kale, fresh, cooked, fat added (1 cup)",93.2,usda
307660,,"Kale, frozen, cooked, fat added (1 cup)",115.5,usda
307662,,"Lambsquarter, cooked (1 cup)",99.9,usda
307664,,"Mustard greens, raw (1 cup)",15.1,usda
307666,,"Mustard greens, fresh, cooked, no added fat (1 cup)",40.6,usda
307668,,"Mustard greens, frozen, cooked, no added fat (1 cup)",31.4,usda
307670,,"Mustard greens, cooked (1 cup)",79.5,usda
307672,,"Mustard greens, fresh, cooked, fat added (1 cup)",79.5,usda
307674,,"Mustard greens, frozen, cooked, fat added (1 cup)",69.7,usda
307676,,"Poke greens, cooked (1 cup)",63.0,usda
307678,,"Radicchio, raw (1 cup)",9.2,usda
307679,,"Radicchio, raw (1 leaf)",1.8,usda
307681,,"Spinach, raw (1 cup)",6.8,usda
307682,,"Spinach, raw (1 leaf)",2.7,usda
307683,,"Spinach, raw (1 baby leaf)",0.2,usda
307686,,"Spinach, fresh, cooked, no added fat (1 cup)",59.4,usda
307688,,"Spinach, frozen, cooked, no added fat (1 cup)",73.1,usda
307690,,"Spinach, canned, cooked, no added fat (1 cup)",49.5,usda
307696,,"Spinach, cooked (1 cup)",109.2,usda
307698,,"Spinach, fresh, cooked, fat added (1 cup)",109.2,usda
307700,,"Spinach, frozen, cooked, fat added (1 cup)",123.2,usda
307702,,"Spinach, canned, cooked, fat added (1 cup)",99.0,usda
307712,,"Spinach, creamed (1 cup)",180.0,usda
307714,,Spinach souffle (1 cup),128.0,usda
307718,,Palak Paneer (1 cup),202.0,usda
307720,,Channa Saag (1 cup),218.1,usda
307722,,"Taro leaves, cooked (1 cup)",102.0,usda
307724,,"Turnip greens, fresh, cooked, no added fat (1 cup)",29.0,usda
307726,,"Turnip greens, frozen, cooked, no added fat (1 cup)",47.9,usda
307728,,"Turrnip greens, cooked (1 cup)",63.0,usda
307730,,"Turnip greens, fresh, cooked, fat added (1 cup)",63.0,usda
307732,,"Turnip greens, frozen, cooked, fat added (1 cup)",86.7,usda
307734,,"Watercress, raw (1 cup)",3.7,usda
307735,,"Watercress, raw (1 sprig)",0.3,usda
307737,,"Watercress, cooked (1 cup)",51.1,usda
307739,,"Bitter melon, horseradish, jute, or radish leaves, cooked (1 cup)",71.7,usda
307741,,"Sweet potato, squash, pumpkin, chrysanthemum, or bean leaves, cooked (1 cup)",39.3,usda
307743,,"Broccoli, raw (1 cup)",35.1,usda
307744,,"Broccoli, raw (1 piece)",3.9,usda
307745,,"Broccoli, raw (1 floweret)",3.9,usda
307752,,"Broccoli, fresh, cooked, no added fat (1 cup)",63.6,usda
307753,,"Broccoli, fresh, cooked, no added fat (1 piece)",4.1,usda
307754,,"Broccoli, fresh, cooked, no added fat (1 floweret)",4.1,usda
307755,,"Broccoli, fresh, cooked, no added fat (1 spear)",16.4,usda
307757,,"Broccoli, frozen, cooked, no added fat (1 cup)",51.8,usda
307758,,"Broccoli, frozen, cooked, no added fat (1 piece)",2.8,usda
307759,,"Broccoli, frozen, cooked, no added fat (1 floweret)",2.8,usda
307760,,"Broccoli, frozen, cooked, no added fat (1 spear)",11.2,usda
307762,,"Broccoli, cooked (1 cup)",100.8,usda
307763,,"Broccoli, cooked (1 piece)",6.3,usda
307764,,"Broccoli, cooked (1 floweret)",6.3,usda
307765,,"Broccoli, cooked (1 spear)",25.2,usda
307767,,"Broccoli, fresh, cooked, fat added (1 cup)",100.8,usda
307768,,"Broccoli, fresh, cooked, fat added (1 piece)",6.3,usda
307769,,"Broccoli, fresh, cooked, fat added (1 floweret)",6.3,usda
307770,,"Broccoli, fresh, cooked, fat added (1 spear)",25.2,usda
307772,,"Broccoli, frozen, cooked, fat added (1 cup)",95.0,usda
307773,,"Broccoli, frozen, cooked, fat added (1 piece)",5.0,usda
307774,,"Broccoli, frozen, cooked, fat added (1 floweret)",5.0,usda
307775,,"Broccoli, frozen, cooked, fat added (1 spear)",20.0,usda
307804,,"Broccoli, chinese, raw (1 cup)",9.4,usda
307806,,"Broccoli, Chinese, cooked (1 cup)",44.0,usda
307812,,"Carrots, raw (1 cup)",52.8,usda
307813,,"Carrots, raw (1 baby carrot)",4.4,usda
307814,,"Carrots, raw (1 regular carrot)",26.4,usda
307815,,"Carrots, raw (1 strip/stick)",4.4,usda
307816,,"Carrots, raw (1 piece/slice)",2.2,usda
307817,,"Carrots, raw (1 single serving bag)",35.2,usda
307828,,"Carrots, fresh, cooked, no added fat (1 cup)",77.5,usda
307829,,"Carrots, fresh, cooked, no added fat (1 baby carrot)",5.0,usda
307830,,"Carrots, fresh, cooked, no added fat (1 regular carrot)",30.0,usda
307831,,"Carrots, fresh, cooked, no added fat (1 piece/slice)",2.5,usda
307832,,"Carrots, fresh, cooked, no added fat (1 cup, mashed)",115.0,usda
307834,,"Carrots, frozen, cooked, no added fat (1 cup)",60.5,usda
307835,,"Carrots, frozen, cooked, no added fat (1 piece/slice)",2.0,usda
307836,,"Carrots, frozen, cooked, no added fat (1 cup, mashed)",89.7,usda
307838,,"Carrots, canned, cooked, no added fat (1 cup)",38.8,usda
307839,,"Carrots, canned, cooked, no added fat (1 piece/slice)",1.3,usda
307840,,"Carrots, canned, cooked, no added fat (1 cup, mashed)",57.5,usda
307854,,"Carrots, cooked (1 cup)",115.2,usda
307855,,"Carrots, cooked (1 baby carrot)",7.2,usda
307856,,"Carrots, cooked (1 regular carrot)",44.6,usda
307857,,"Carrots, cooked (1 piece/slice)",3.6,usda
307858,,"Carrots, cooked (1 cup, mashed)",169.2,usda
307860,,"Carrots, fresh, cooked, fat added (1 cup)",115.2,usda
307861,,"Carrots, fresh, cooked, fat added (1 baby carrot)",7.2,usda
307862,,"Carrots, fresh, cooked, fat added (1 regular carrot)",44.6,usda
307863,,"Carrots, fresh, cooked, fat added (1 piece/slice)",3.6,usda
307864,,"Carrots, fresh, cooked, fat added (1 cup, mashed)",169.2,usda
307866,,"Carrots, frozen, cooked, fat added (1 cup)",97.6,usda
307867,,"Carrots, frozen, cooked, fat added (1 piece/slice)",3.1,usda
307868,,"Carrots, frozen, cooked, fat added (1 cup, mashed)",143.4,usda
307870,,"Carrots, canned, cooked, fat added (1 cup)",75.2,usda
307871,,"Carrots, canned, cooked, fat added (1 piece/slice)",2.4,usda
307872,,"Carrots, canned, cooked, fat added (1 cup, mashed)",110.5,usda
307890,,"Carrots, glazed, cooked (1 piece/slice)",4.9,usda
307891,,"Carrots, glazed, cooked (1 baby carrot)",9.7,usda
307892,,"Carrots, glazed, cooked (1 cup)",155.2,usda
307894,,"Carrots, canned, reduced sodium, cooked, no added fat (1 cup)",35.7,usda
307895,,"Carrots, canned, reduced sodium, cooked, no added fat (1 piece/slice)",1.2,usda
307896,,"Carrots, canned, reduced sodium, cooked, no added fat (1 cup, mashed)",52.9,usda
307898,,"Carrots, canned, reduced sodium, cooked, fat added (1 cup)",72.0,usda
307899,,"Carrots, canned, reduced sodium, cooked, fat added (1 piece/slice)",2.3,usda
307900,,"Carrots, canned, reduced sodium, cooked, fat added (1 cup, mashed)",105.8,usda
307910,,Beet juice (1 fl oz (no ice)),7.8,usda
307911,,Beet juice (1 fl oz (with ice)),5.8,usda
307912,,Beet juice (1 fl oz (NFS)),7.8,usda
307915,,"Carrot juice, 100% (1 fl oz (no ice))",12.0,usda
307916,,"Carrot juice, 100% (1 fl oz (with ice))",9.2,usda
307917,,"Carrot juice, 100% (1 fl oz (NFS))",12.0,usda
307932,,"Pumpkin, canned, cooked (1 cup)",137.2,usda
307934,,"Pumpkin, cooked (1 cup)",119.6,usda
307935,,"Pumpkin, cooked (1 cup, mashed)",130.0,usda
307937,,"Winter squash, raw (1 cup)",36.4,usda
307939,,"Winter squash, cooked, no added fat (1 cup)",83.3,usda
307941,,"Winter squash, cooked, fat added (1 cup)",135.7,usda
307943,,"Squash, winter, souffle (1 cup)",122.5,usda
307945,,Sweet potato (1 small),92.0,usda
307946,,Sweet potato (1 medium),172.5,usda
307947,,Sweet potato (1 large),270.3,usda
307948,,"Sweet potato (1 cup, mashed)",287.5,usda
307949,,"Sweet potato (1 oz, raw, yields)",28.8,usda
307951,,"Sweet potato, baked (1 small)",92.0,usda
307952,,"Sweet potato, baked (1 medium)",172.5,usda
307953,,"Sweet potato, baked (1 large)",270.3,usda
307954,,"Sweet potato, baked (1 cup, mashed)",287.5,usda
307955,,"Sweet potato, baked (1 oz, raw, yields)",28.8,usda
307957,,"Sweet potato, baked, no added fat (1 small)",65.6,usda
307958,,"Sweet potato, baked, no added fat (1 medium)",123.0,usda
307959,,"Sweet potato, baked, no added fat (1 large)",192.7,usda
307960,,"Sweet potato, baked, no added fat (1 cup, mashed)",205.0,usda
307961,,"Sweet potato, baked, no added fat (1 oz, raw, yields)",20.5,usda
307963,,"Sweet potato, baked, fat added (1 small)",92.0,usda
307964,,"Sweet potato, baked, fat added (1 medium)",172.5,usda
307965,,"Sweet potato, baked, fat added (1 large)",270.3,usda
307966,,"Sweet potato, baked, fat added (1 cup, mashed)",287.5,usda
307967,,"Sweet potato, baked, fat added (1 oz, raw, yields)",28.8,usda
307969,,"Sweet potato, boiled (1 small)",92.0,usda
307970,,"Sweet potato, boiled (1 medium)",172.5,usda
307971,,"Sweet potato, boiled (1 large)",270.3,usda
307972,,"Sweet potato, boiled (1 cup, mashed)",287.5,usda
307973,,"Sweet potato, boiled (1 oz, raw, yields)",28.8,usda
307975,,"Sweet potato, boiled, no added fat (1 small)",65.6,usda
307976,,"Sweet potato, boiled, no added fat (1 medium)",123.0,usda
307977,,"Sweet potato, boiled, no added fat (1 large)",192.7,usda
307978,,"Sweet potato, boiled, no added fat (1 cup, mashed)",205.0,usda
307979,,"Sweet potato, boiled, no added fat (1 oz, raw, yields)",20.5,usda
307981,,"Sweet potato, boiled, fat added (1 small)",92.0,usda
307982,,"Sweet potato, boiled, fat added (1 medium)",172.5,usda
307983,,"Sweet potato, boiled, fat added (1 large)",270.3,usda
307984,,"Sweet potato, boiled, fat added (1 cup, mashed)",287.5,usda
307985,,"Sweet potato, boiled, fat added (1 oz, raw, yields)",28.8,usda
307987,,"Sweet potato, candied (1 piece)",84.2,usda
307988,,"Sweet potato, candied (1 cup)",467.5,usda
307990,,"Sweet potato, canned (1 cup, pieces)",310.0,usda
307991,,"Sweet potato, canned (1 cup, mashed)",310.0,usda
307992,,"Sweet potato, canned (1 cup)",310.0,usda
307994,,"Sweet potato, canned, no added fat (1 cup, pieces)",227.5,usda
307995,,"Sweet potato, canned, no added fat (1 cup, mashed)",227.5,usda
307996,,"Sweet potato, canned, no added fat (1 cup)",227.5,usda
307998,,"Sweet potato, canned, fat added (1 cup, pieces)",310.0,usda
307999,,"Sweet potato, canned, fat added (1 cup, mashed)",310.0,usda
308000,,"Sweet potato, canned, fat added (1 cup)",310.0,usda
308007,,Sweet potato chips (1 chip),10.6,usda
308008,,Sweet potato chips (1 small single serving bag),148.1,usda
308009,,Sweet potato chips (1 medium single serving bag),301.5,usda
308010,,Sweet potato chips (1 large single serving bag),449.7,usda
308011,,Sweet potato chips (1 100 calorie package),95.2,usda
308012,,Sweet potato chips (1 cup),132.3,usda
308039,,"Tomatoes, raw (1 slice)",4.0,usda
308040,,"Tomatoes, raw (1 grape tomato)",1.6,usda
308041,,"Tomatoes, raw (1 cherry)",3.4,usda
308042,,"Tomatoes, raw (1 Italian tomato)",12.0,usda
308043,,"Tomatoes, raw (1 plum tomato)",12.0,usda
308044,,"Tomatoes, raw (1 whole)",25.0,usda
308045,,"Tomatoes, raw (1 cup)",36.0,usda
308047,,"Tomatoes, cooked (1 whole)",55.0,usda
308048,,"Tomatoes, cooked (1 cup)",120.0,usda
308050,,"Tomatoes, fresh, cooked (1 whole)",55.0,usda
308051,,"Tomatoes, fresh, cooked (1 cup)",120.0,usda
308053,,"Tomatoes, canned, cooked (1 whole)",47.3,usda
308054,,"Tomatoes, canned, cooked (1 cup)",103.2,usda
308056,,"Tomatoes, scalloped (1 cup)",264.0,usda
308058,,"Tomatoes, canned, reduced sodium, cooked (1 whole)",42.9,usda
308059,,"Tomatoes, canned, reduced sodium, cooked (1 cup)",93.6,usda
308064,,"Tomato, green, pickled (1 whole)",29.6,usda
308065,,"Tomato, green, pickled (1 cup)",56.8,usda
308067,,Sun-dried tomatoes (1 cup),141.9,usda
308068,,Sun-dried tomatoes (1 piece),12.9,usda
308071,,"Tomato juice, 100% (1 fl oz (no ice))",7.1,usda
308072,,"Tomato juice, 100% (1 fl oz (with ice))",5.3,usda
308073,,"Tomato juice, 100% (1 fl oz (NFS))",7.1,usda
308075,,"Tomato juice, 100%, low sodium (1 fl oz (no ice))",7.1,usda
308076,,"Tomato juice, 100%, low sodium (1 fl oz (with ice))",5.3,usda
308077,,"Tomato juice, 100%, low sodium (1 fl oz (NFS))",7.1,usda
308090,,Ketchup (1 tablespoon),18.5,usda
308091,,Ketchup (1 cup),296.5,usda
308092,,Ketchup (1 packet),10.9,usda
308093,,Ketchup (1 dipping-size container),30.5,usda
308097,,"Ketchup, reduced sodium (1 tablespoon)",17.2,usda
308098,,"Ketchup, reduced sodium (1 cup)",274.7,usda
308099,,"Ketchup, reduced sodium (1 packet)",10.1,usda
308100,,"Ketchup, reduced sodium (1 dipping-size container)",28.3,usda
308184,,Raw vegetable (1 cup),36.0,usda
308186,,Sprouts (1 cup),16.8,usda
308188,,"Alfalfa sprouts, raw (1 cup)",7.6,usda
308190,,Artichoke (1 cup),79.5,usda
308191,,Artichoke (1 heart),15.9,usda
308192,,Artichoke (1 whole),66.3,usda
308194,,"Asparagus, raw (1 piece)",0.8,usda
308195,,"Asparagus, raw (1 spear)",3.2,usda
308196,,"Asparagus, raw (1 cup)",27.0,usda
308198,,"Bean sprouts, raw (1 cup)",27.0,usda
308200,,"Green beans, raw (1 cup)",40.0,usda
308201,,"Green beans, raw (1 bean)",2.4,usda
308203,,"Beets, raw (1 cup)",58.1,usda
308204,,"Beets, raw (1 whole)",34.4,usda
308206,,"Broccoflower, raw (1 cup)",19.8,usda
308207,,"Broccoflower, raw (1 floweret)",7.8,usda
308209,,"Brussels sprouts, raw (1 cup)",38.7,usda
308210,,"Brussels sprouts, raw (1 sprout)",8.6,usda
308212,,"Cabbage, green, raw (1 cup)",27.9,usda
308213,,"Cabbage, green, raw (1 leaf)",7.8,usda
308214,,"Cabbage, green, raw (1 head)",279.0,usda
308216,,"Cabbage, Chinese, raw (1 cup)",11.7,usda
308217,,"Cabbage, Chinese, raw (1 leaf)",2.0,usda
308218,,"Cabbage, Chinese, raw (1 head)",109.2,usda
308220,,"Cabbage, red, raw (1 cup)",30.6,usda
308221,,"Cabbage, red, raw (1 leaf)",8.5,usda
308222,,"Cabbage, red, raw (1 head)",285.6,usda
308224,,"Cactus, raw (1 cup)",24.0,usda
308225,,"Cactus, raw (1 pad)",4.8,usda
308227,,"Cauliflower, raw (1 piece)",3.3,usda
308228,,"Cauliflower, raw (1 floweret)",3.3,usda
308229,,"Cauliflower, raw (1 cup)",27.5,usda
308231,,"Celery, raw (1 piece)",0.7,usda
308232,,"Celery, raw (1 stick)",0.7,usda
308233,,"Celery, raw (1 stalk)",6.8,usda
308234,,"Celery, raw (1 cup)",20.4,usda
308236,,"Fennel bulb, raw (1 fennel bulb)",72.9,usda
308238,,"Basil, raw (1 leaf)",0.1,usda
308239,,"Basil, raw (1 tablespoon)",0.7,usda
308240,,"Basil, raw (1 cup)",5.5,usda
308242,,"Chives, raw (1 tablespoon)",0.9,usda
308244,,"Cilantro, raw (1 cup)",3.7,usda
308245,,"Cilantro, raw (1 sprig)",0.2,usda
308246,,"Cilantro, raw (1 guideline amount per item)",0.1,usda
308248,,"Corn, raw (1 cup)",129.0,usda
308249,,"Corn, raw (1 regular ear)",90.3,usda
308251,,"Cucumber, raw (1 piece/slice)",1.6,usda
308252,,"Cucumber, raw (1 stick)",1.6,usda
308253,,"Cucumber, raw (1 regular)",32.0,usda
308254,,"Cucumber, raw (1 miniature)",10.4,usda
308255,,"Cucumber, raw (1 cup)",19.2,usda
308257,,"Eggplant, raw (1 whole)",125.0,usda
308258,,"Eggplant, raw (1 cup)",20.0,usda
308260,,"Garlic, raw (1 clove)",4.3,usda
308261,,"Garlic, raw (1 teaspoon)",7.2,usda
308262,,"Garlic, raw (1 cup)",193.1,usda
308264,,"Jicama, raw (1 slice)",2.3,usda
308265,,"Jicama, raw (1 cup)",49.4,usda
308266,,"Jicama, raw (1 whole)",250.8,usda
308268,,"Kohlrabi, raw (1 cup)",36.5,usda
308269,,"Kohlrabi, raw (1 slice)",4.1,usda
308271,,"Lettuce, raw (1 leaf)",1.6,usda
308272,,"Lettuce, raw (1 head)",107.8,usda
308273,,"Lettuce, raw (1 cup)",7.0,usda
308276,,"Lettuce, Boston, raw (1 leaf)",1.4,usda
308277,,"Lettuce, Boston, raw (1 head)",29.3,usda
308278,,"Lettuce, Boston, raw (1 cup)",4.5,usda
308281,,"Lettuce, arugula, raw (1 leaf)",0.5,usda
308282,,"Lettuce, arugula, raw (1 cup)",5.0,usda
308288,,"Mushrooms, raw (1 piece/slice)",1.9,usda
308289,,"Mushrooms, raw (1 whole)",5.6,usda
308290,,"Mushrooms, raw (1 cup)",21.7,usda
308292,,"Onions, green, raw (1 whole)",4.8,usda
308293,,"Onions, green, raw (1 cup)",32.0,usda
308295,,"Onions, raw (1 slice)",5.7,usda
308296,,"Onions, raw (1 ring)",1.9,usda
308297,,"Onions, raw (1 cup)",60.8,usda
308298,,"Onions, raw (1 whole)",56.2,usda
308300,,"Parsley, raw (1 cup)",21.6,usda
308301,,"Parsley, raw (1 sprig)",0.4,usda
308303,,"Green peas, raw (1 cup)",117.5,usda
308305,,"Peppers, hot, raw (1 piece)",1.7,usda
308306,,"Peppers, hot, raw (1 slice)",1.7,usda
308307,,"Peppers, hot, raw (1 whole)",5.1,usda
308308,,"Peppers, hot, raw (1 cup)",51.0,usda
308310,,"Peppers, raw (1 piece)",2.7,usda
308311,,"Peppers, raw (1 ring)",2.7,usda
308312,,"Peppers, raw (1 miniature)",8.1,usda
308313,,"Peppers, raw (1 regular)",32.4,usda
308314,,"Peppers, raw (1 cup)",40.5,usda
308316,,"Peppers, sweet, green, raw (1 piece)",2.3,usda
308317,,"Peppers, sweet, green, raw (1 ring)",2.3,usda
308318,,"Peppers, sweet, green, raw (1 miniature)",6.9,usda
308319,,"Peppers, sweet, green, raw (1 regular)",27.6,usda
308320,,"Peppers, sweet, green, raw (1 cup)",34.5,usda
308316,,"Peppers, sweet, green, raw (1 piece)",2.3,usda
308317,,"Peppers, sweet, green, raw (1 ring)",2.3,usda
308318,,"Peppers, sweet, green, raw (1 miniature)",6.9,usda
308319,,"Peppers, sweet, green, raw (1 regular)",27.6,usda
308320,,"Peppers, sweet, green, raw (1 cup)",34.5,usda
308322,,"Peppers, sweet, red, raw (1 piece)",3.1,usda
308323,,"Peppers, sweet, red, raw (1 ring)",3.1,usda
308324,,"Peppers, sweet, red, raw (1 miniature)",9.3,usda
308325,,"Peppers, sweet, red, raw (1 regular)",37.2,usda
308326,,"Peppers, sweet, red, raw (1 cup)",46.5,usda
308328,,"Peppers, banana, raw (1 whole)",12.2,usda
308329,,"Peppers, banana, raw (1 cup)",40.5,usda
308331,,Radish (1 slice),0.2,usda
308332,,Radish (1 whole),0.8,usda
308333,,Radish (1 cup),18.4,usda
308335,,"Rutabaga, raw (1 whole)",142.5,usda
308336,,"Rutabaga, raw (1 cup)",51.8,usda
308338,,"Seaweed, raw (1 cup)",32.8,usda
308340,,"Snowpeas, raw (1 cup)",27.3,usda
308341,,"Snowpeas, raw (1 snow pea)",1.3,usda
308343,,"Summer squash, yellow, raw (1 slice)",1.9,usda
308344,,"Summer squash, yellow, raw (1 whole)",38.0,usda
308345,,"Summer squash, yellow, raw (1 cup)",21.9,usda
308347,,"Summer squash, green, raw (1 slice)",1.7,usda
308348,,"Summer squash, green, raw (1 whole)",34.0,usda
308349,,"Summer squash, green, raw (1 cup)",19.6,usda
308351,,"Turnip, raw (1 slice)",4.2,usda
308352,,"Turnip, raw (1 whole)",33.6,usda
308353,,"Turnip, raw (1 cup)",36.4,usda
308355,,Mixed vegetable juice (1 cup),68.9,usda
308357,,Mixed vegetable juice (1 fl oz),8.6,usda
308358,,Celery juice (1 cup),40.1,usda
308360,,Celery juice (1 fl oz),5.0,usda
308369,,Coleslaw (1 cup),257.4,usda
308370,,Coleslaw (1 single serving container),175.5,usda
308414,,Aloe vera juice drink (1 fl oz (no ice)),4.7,usda
308415,,Aloe vera juice drink (1 fl oz (with ice)),3.5,usda
308416,,Aloe vera juice drink (1 fl oz (NFS)),4.7,usda
308417,,"Asparagus, fresh, cooked, no added fat (1 piece)",0.8,usda
308418,,"Asparagus, fresh, cooked, no added fat (1 spear)",3.4,usda
308419,,"Asparagus, fresh, cooked, no added fat (1 cup)",37.8,usda
308421,,"Asparagus, frozen, cooked, no added fat (1 piece)",0.7,usda
308422,,"Asparagus, frozen, cooked, no added fat (1 spear)",2.9,usda
308423,,"Asparagus, frozen, cooked, no added fat (1 cup)",32.4,usda
308425,,"Asparagus, canned, cooked, no added fat (1 spear)",3.0,usda
308426,,"Asparagus, canned, cooked, no added fat (1 cup)",45.6,usda
308428,,"Asparagus, cooked (1 piece)",1.8,usda
308429,,"Asparagus, cooked (1 spear)",7.2,usda
308430,,"Asparagus, cooked (1 cup)",83.3,usda
308432,,"Asparagus, fresh, cooked, fat added (1 piece)",1.8,usda
308433,,"Asparagus, fresh, cooked, fat added (1 spear)",7.2,usda
308434,,"Asparagus, fresh, cooked, fat added (1 cup)",83.3,usda
308436,,"Asparagus, frozen, cooked, fat added (1 piece)",1.6,usda
308437,,"Asparagus, frozen, cooked, fat added (1 spear)",6.4,usda
308438,,"Asparagus, frozen, cooked, fat added (1 cup)",74.0,usda
308440,,"Asparagus, canned, cooked, fat added (1 spear)",6.6,usda
308441,,"Asparagus, canned, cooked, fat added (1 cup)",100.5,usda
308465,,"Bamboo shoots, cooked (1 cup)",63.6,usda
308467,,"Lima beans, from frozen, no added fat (1 cup)",185.4,usda
308468,,"Lima beans, from frozen, no added fat (1 bean)",2.1,usda
308470,,"Lima beans, from frozen, fat added (1 cup)",227.6,usda
308471,,"Lima beans, from frozen, fat added (1 bean)",2.5,usda
308473,,"Lima beans, from canned (1 cup)",225.7,usda
308474,,"Lima beans, from canned (1 bean)",2.4,usda
308480,,"Green beans, fresh, cooked, no added fat (1 cup)",58.8,usda
308481,,"Green beans, fresh, cooked, no added fat (1 cut piece)",0.8,usda
308482,,"Green beans, fresh, cooked, no added fat (1 bean)",2.5,usda
308484,,"Green beans, frozen, cooked, no added fat (1 cup)",39.2,usda
308485,,"Green beans, frozen, cooked, no added fat (1 cut piece)",0.6,usda
308486,,"Green beans, frozen, cooked, no added fat (1 bean)",1.7,usda
308488,,"Green beans, canned, cooked, no added fat (1 cup)",33.6,usda
308489,,"Green beans, canned, cooked, no added fat (1 cut piece)",0.5,usda
308490,,"Green beans, canned, cooked, no added fat (1 bean)",1.4,usda
308492,,"Green beans, cooked (1 cup)",79.8,usda
308493,,"Green beans, cooked (1 cut piece)",1.1,usda
308494,,"Green beans, cooked (1 bean)",3.3,usda
308496,,"Green beans, fresh, cooked, fat added (1 cup)",92.8,usda
308497,,"Green beans, fresh, cooked, fat added (1 cut piece)",1.3,usda
308498,,"Green beans, fresh, cooked, fat added (1 bean)",3.8,usda
308500,,"Green beans, frozen, cooked, fat added (1 cup)",72.5,usda
308501,,"Green beans, frozen, cooked, fat added (1 cut piece)",1.0,usda
308502,,"Green beans, frozen, cooked, fat added (1 bean)",3.0,usda
308504,,"Green beans, canned, cooked, fat added (1 cup)",66.7,usda
308505,,"Green beans, canned, cooked, fat added (1 cut piece)",0.9,usda
308506,,"Green beans, canned, cooked, fat added (1 bean)",2.8,usda
308532,,"Green beans, canned, reduced sodium, cooked, no added fat (1 cup)",30.8,usda
308533,,"Green beans, canned, reduced sodium, cooked, no added fat (1 cut piece)",0.4,usda
308534,,"Green beans, canned, reduced sodium, cooked, no added fat (1 bean)",1.3,usda
308536,,"Green beans, canned, reduced sodium, cooked, fat added (1 cup)",63.8,usda
308537,,"Green beans, canned, reduced sodium, cooked, fat added (1 cut piece)",0.9,usda
308538,,"Green beans, canned, reduced sodium, cooked, fat added (1 bean)",2.6,usda
308551,,"Yellow string beans, cooked (1 cup)",72.5,usda
308552,,"Yellow string beans, cooked (1 cut piece)",1.0,usda
308553,,"Yellow string beans, cooked (1 bean)",3.0,usda
308555,,"Bean sprouts, cooked (1 cup)",133.4,usda
308557,,"Beets, fresh, cooked, no added fat (1 slice)",4.5,usda
308558,,"Beets, fresh, cooked, no added fat (1 whole)",22.5,usda
308559,,"Beets, fresh, cooked, no added fat (1 cup)",76.5,usda
308561,,"Beets, canned, cooked, no added fat (1 slice)",3.1,usda
308562,,"Beets, canned, cooked, no added fat (1 whole)",7.8,usda
308563,,"Beets, canned, cooked, no added fat (1 cup)",52.7,usda
308565,,"Beets, cooked (1 slice)",5.3,usda
308566,,"Beets, cooked (1 whole)",27.6,usda
308567,,"Beets, cooked (1 cup)",92.8,usda
308569,,"Beets, fresh, cooked, fat added (1 slice)",6.7,usda
308570,,"Beets, fresh, cooked, fat added (1 whole)",34.8,usda
308571,,"Beets, fresh, cooked, fat added (1 cup)",117.3,usda
308573,,"Beets, canned, cooked, fat added (1 slice)",5.3,usda
308574,,"Beets, canned, cooked, fat added (1 whole)",14.3,usda
308575,,"Beets, canned, cooked, fat added (1 cup)",92.8,usda
308577,,"Beets, canned, reduced sodium, cooked (1 slice)",5.3,usda
308578,,"Beets, canned, reduced sodium, cooked (1 whole)",13.3,usda
308579,,"Beets, canned, reduced sodium, cooked (1 cup)",90.1,usda
308581,,"Bitter melon, cooked (1 cup)",53.3,usda
308582,,"Bitter melon, cooked (1 whole)",49.2,usda
308584,,"Breadfruit, cooked (1 piece)",43.1,usda
308585,,"Breadfruit, cooked (1 cup)",209.1,usda
308587,,"Broccoflower, cooked (1 cup)",49.5,usda
308588,,"Broccoflower, cooked (1 floweret)",13.8,usda
308590,,"Brussels sprouts, fresh, cooked, no added fat (1 cup)",69.8,usda
308591,,"Brussels sprouts, fresh, cooked, no added fat (1 sprout)",9.0,usda
308593,,"Brussels sprouts, frozen, cooked, no added fat (1 cup)",65.1,usda
308594,,"Brussels sprouts, frozen, cooked, no added fat (1 sprout)",8.4,usda
308596,,"Brussels sprouts, cooked (1 cup)",107.2,usda
308597,,"Brussels sprouts, cooked (1 sprout)",13.4,usda
308599,,"Brussels sprouts, fresh, cooked, fat added (1 cup)",107.2,usda
308600,,"Brussels sprouts, fresh, cooked, fat added (1 sprout)",13.4,usda
308602,,"Brussels sprouts, frozen, cooked, fat added (1 cup)",102.4,usda
308603,,"Brussels sprouts, frozen, cooked, fat added (1 sprout)",12.8,usda
308605,,"Burdock, cooked (1 cup)",130.0,usda
308607,,"Cabbage, Chinese, cooked, no added fat (1 cup)",23.8,usda
308609,,"Cabbage, Chinese, cooked, fat added (1 cup)",64.8,usda
308611,,"Cabbage, green, cooked, no added fat (1 cup)",48.0,usda
308613,,"Cabbage, green, cooked, fat added (1 cup)",85.3,usda
308620,,"Cabbage, red, cooked (1 cup)",89.9,usda
308622,,"Cabbage, savoy, cooked (1 cup)",79.1,usda
308624,,"Cactus, cooked, no added fat (1 cup)",24.0,usda
308625,,"Cactus, cooked, no added fat (1 pad)",4.8,usda
308627,,"Cactus, cooked, fat added (1 cup)",58.9,usda
308628,,"Cactus, cooked, fat added (1 pad)",11.4,usda
308630,,"Cauliflower, fresh, cooked, no added fat (1 piece)",3.4,usda
308631,,"Cauliflower, fresh, cooked, no added fat (1 floweret)",3.4,usda
308632,,"Cauliflower, fresh, cooked, no added fat (1 cup)",40.3,usda
308634,,"Cauliflower, frozen, cooked, no added fat (1 cup)",35.2,usda
308636,,"Cauliflower, cooked (1 piece)",6.4,usda
308637,,"Cauliflower, cooked (1 floweret)",6.4,usda
308638,,"Cauliflower, cooked (1 cup)",78.4,usda
308640,,"Cauliflower, fresh, cooked, fat added (1 piece)",6.4,usda
308641,,"Cauliflower, fresh, cooked, fat added (1 floweret)",6.4,usda
308642,,"Cauliflower, fresh, cooked, fat added (1 cup)",78.4,usda
308644,,"Cauliflower, frozen, cooked, fat added (1 cup)",77.9,usda
308658,,"Celery, cooked (1 stalk)",17.6,usda
308659,,"Celery, cooked (1 cup)",65.1,usda
308661,,"Fennel bulb, cooked (1 fennel bulb)",135.2,usda
308663,,"Christophine, cooked (1 cup)",72.6,usda
308664,,"Christophine, cooked (1 whole)",101.2,usda
308671,,"Corn, fresh, cooked, no added fat (1 cup)",141.9,usda
308672,,"Corn, fresh, cooked, no added fat (1 baby corn)",6.9,usda
308673,,"Corn, fresh, cooked, no added fat (1 mini ear)",47.3,usda
308674,,"Corn, fresh, cooked, no added fat (1 regular ear)",90.3,usda
308676,,"Corn, frozen, cooked, no added fat (1 cup)",133.7,usda
308677,,"Corn, frozen, cooked, no added fat (1 baby corn)",6.5,usda
308678,,"Corn, frozen, cooked, no added fat (1 mini ear)",44.6,usda
308679,,"Corn, frozen, cooked, no added fat (1 regular ear)",85.1,usda
308681,,"Corn, canned, cooked, no added fat (1 cup)",110.6,usda
308682,,"Corn, canned, cooked, no added fat (1 baby corn)",5.4,usda
308684,,"Corn, cooked (1 cup)",353.6,usda
308685,,"Corn, cooked (1 baby corn)",16.6,usda
308686,,"Corn, cooked (1 mini ear)",118.6,usda
308687,,"Corn, cooked (1 regular ear)",224.6,usda
308684,,"Corn, cooked (1 cup)",353.6,usda
308685,,"Corn, cooked (1 baby corn)",16.6,usda
308686,,"Corn, cooked (1 mini ear)",118.6,usda
308687,,"Corn, cooked (1 regular ear)",224.6,usda
308689,,"Corn, fresh, cooked, fat added (1 cup)",180.2,usda
308690,,"Corn, fresh, cooked, fat added (1 baby corn)",8.5,usda
308691,,"Corn, fresh, cooked, fat added (1 mini ear)",60.4,usda
308692,,"Corn, fresh, cooked, fat added (1 regular ear)",114.5,usda
308694,,"Corn, frozen, cooked, fat added (1 cup)",171.7,usda
308695,,"Corn, frozen, cooked, fat added (1 baby corn)",8.1,usda
308696,,"Corn, frozen, cooked, fat added (1 mini ear)",57.6,usda
308697,,"Corn, frozen, cooked, fat added (1 regular ear)",109.1,usda
308699,,"Corn, canned, cooked, fat added (1 cup)",353.6,usda
308700,,"Corn, canned, cooked, fat added (1 baby corn)",16.6,usda
308699,,"Corn, canned, cooked, fat added (1 cup)",353.6,usda
308700,,"Corn, canned, cooked, fat added (1 baby corn)",16.6,usda
308728,,"Corn, creamed (1 cup)",180.0,usda
308730,,"Corn, canned, reduced sodium, cooked, no added fat (1 cup)",108.9,usda
308731,,"Corn, canned, reduced sodium, cooked, no added fat (1 baby corn)",5.3,usda
308733,,"Corn, canned, reduced sodium, cooked, fat added (1 cup)",149.6,usda
308734,,"Corn, canned, reduced sodium, cooked, fat added (1 baby corn)",7.0,usda
308742,,"Cucumber, cooked (1 cup)",83.3,usda
308743,,"Cucumber, cooked (1 slice)",4.5,usda
308745,,"Eggplant, cooked, no added fat (1 slice)",14.9,usda
308746,,"Eggplant, cooked, no added fat (1 cup)",25.7,usda
308747,,"Eggplant, cooked, no added fat (1 whole)",145.8,usda
308749,,"Eggplant, cooked, fat added (1 slice)",28.1,usda
308750,,"Eggplant, cooked, fat added (1 cup)",51.0,usda
308751,,"Eggplant, cooked, fat added (1 whole)",288.2,usda
308753,,"Flowers or blossoms of sesbania, squash, or lily, cooked (1 cup)",40.3,usda
308755,,"Garlic, cooked (1 clove)",4.3,usda
308756,,"Garlic, cooked (1 teaspoon)",7.1,usda
308758,,"Hominy, cooked (1 cup)",149.6,usda
308760,,"Kohlrabi, cooked (1 cup)",86.7,usda
308762,,Leeks (1 whole),74.8,usda
308763,,Leeks (1 cup),149.6,usda
308764,,Leeks (1 slice),6.2,usda
308766,,"Lotus root, cooked (1 cup)",108.8,usda
308767,,"Lotus root, cooked (1 slice)",8.7,usda
308769,,"Mushrooms, fresh, cooked, no added fat (1 piece/slice)",2.3,usda
308770,,"Mushrooms, fresh, cooked, no added fat (1 whole)",5.1,usda
308771,,"Mushrooms, fresh, cooked, no added fat (1 cup)",60.5,usda
308773,,"Mushrooms, cooked (1 piece/slice)",4.0,usda
308774,,"Mushrooms, cooked (1 whole)",8.6,usda
308775,,"Mushrooms, cooked (1 cup)",105.6,usda
308777,,"Mushrooms, fresh, cooked, fat added (1 piece/slice)",4.0,usda
308778,,"Mushrooms, fresh, cooked, fat added (1 whole)",8.6,usda
308779,,"Mushrooms, fresh, cooked, fat added (1 cup)",105.6,usda
308781,,"Mushrooms, canned, cooked (1 piece/slice)",2.8,usda
308782,,"Mushrooms, canned, cooked (1 whole)",6.1,usda
308783,,"Mushrooms, canned, cooked (1 cup)",75.2,usda
308793,,"Mushroom, Asian, cooked, from dried (1 cup)",63.8,usda
308795,,"Okra, fresh, cooked, no added fat (1 cup)",56.0,usda
308796,,"Okra, fresh, cooked, no added fat (1 pod)",3.5,usda
308798,,"Okra, frozen, cooked, no added fat (1 piece)",1.5,usda
308799,,"Okra, frozen, cooked, no added fat (1 cup)",53.7,usda
308801,,"Okra, cooked (1 pod)",5.9,usda
308802,,"Okra, cooked (1 cup)",97.4,usda
308804,,"Okra, fresh, cooked, fat added (1 pod)",5.9,usda
308805,,"Okra, fresh, cooked, fat added (1 cup)",97.4,usda
308807,,"Okra, frozen, cooked, fat added (1 piece)",2.6,usda
308808,,"Okra, frozen, cooked, fat added (1 cup)",96.9,usda
308810,,"Lettuce, cooked (1 cup)",42.1,usda
308812,,"Onions, cooked, no added fat (1 cup)",98.7,usda
308813,,"Onions, cooked, no added fat (1 slice)",7.1,usda
308814,,"Onions, cooked, no added fat (1 whole)",69.6,usda
308816,,"Onions, cooked, fat added (1 cup)",157.0,usda
308817,,"Onions, cooked, fat added (1 slice)",11.0,usda
308818,,"Onions, cooked, fat added (1 whole)",110.2,usda
308820,,"Onions, pearl, cooked (1 cup)",92.5,usda
308821,,"Onions, pearl, cooked (1 pearl onion)",2.5,usda
308823,,"Onions, green, cooked (1 cup)",141.8,usda
308824,,"Onions, green, cooked (1 whole)",9.5,usda
308826,,"Palm hearts, cooked (1 cup)",194.3,usda
308827,,"Palm hearts, cooked (1 heart)",53.6,usda
308829,,"Parsnips, cooked (1 cup)",147.2,usda
308830,,"Parsnips, cooked (1 whole)",92.0,usda
308831,,"Parsnips, cooked (1 cup, mashed)",197.8,usda
308833,,"Blackeyed peas, from frozen (1 cup)",279.4,usda
308835,,"Blackeyed peas, from canned (1 cup)",277.5,usda
308839,,"Green peas, fresh, cooked, no added fat (1 cup)",134.4,usda
308841,,"Green peas, frozen, cooked, no added fat (1 cup)",124.8,usda
308843,,"Green peas, canned, cooked, no added fat (1 cup)",108.8,usda
308845,,"Green peas, cooked (1 cup)",161.7,usda
308847,,"Green peas, fresh, cooked, fat added (1 cup)",174.9,usda
308849,,"Green peas, frozen, cooked, fat added (1 cup)",161.7,usda
308851,,"Green peas, canned, cooked, fat added (1 cup)",146.9,usda
308865,,"Green peas, canned, reduced sodium, cooked, no added fat (1 cup)",105.6,usda
308867,,"Green peas, canned, reduced sodium, cooked, fat added (1 cup)",153.5,usda
308873,,"Peppers, green, cooked (1 piece)",4.7,usda
308874,,"Peppers, green, cooked (1 miniature)",14.1,usda
308875,,"Peppers, green, cooked (1 regular)",56.4,usda
308876,,"Peppers, green, cooked (1 cup)",72.9,usda
308878,,"Peppers, red, cooked (1 piece)",5.5,usda
308879,,"Peppers, red, cooked (1 miniature)",16.5,usda
308880,,"Peppers, red, cooked (1 regular)",66.0,usda
308881,,"Peppers, red, cooked (1 cup)",85.3,usda
308883,,"Peppers, hot, cooked (1 pepper)",8.9,usda
308884,,"Peppers, hot, cooked (1 cup)",88.5,usda
308886,,Pimiento (1 cup),53.8,usda
308887,,Pimiento (1 whole pimiento),18.5,usda
308888,,Pimiento (1 strip),0.3,usda
308890,,"Rutabaga, cooked (1 cup)",110.3,usda
308891,,"Rutabaga, cooked (1 whole)",233.1,usda
308892,,"Rutabaga, cooked (1 cup, mashed)",154.4,usda
308894,,"Salsify, cooked (1 cup)",124.6,usda
308896,,Sauerkraut (1 cup),56.0,usda
308898,,"Snowpeas, fresh, cooked, no added fat (1 snow pea)",1.3,usda
308899,,"Snowpeas, fresh, cooked, no added fat (1 cup)",70.4,usda
308898,,"Snowpeas, fresh, cooked, no added fat (1 snow pea)",1.3,usda
308899,,"Snowpeas, fresh, cooked, no added fat (1 cup)",70.4,usda
308901,,"Snowpeas, frozen, cooked, no added fat (1 snow pea)",1.6,usda
308902,,"Snowpeas, frozen, cooked, no added fat (1 cup)",83.2,usda
308904,,"Snowpeas, cooked (1 snow pea)",2.0,usda
308905,,"Snowpeas, cooked (1 cup)",108.9,usda
308907,,"Snowpeas, fresh, cooked, fat added (1 snow pea)",2.0,usda
308908,,"Snowpeas, fresh, cooked, fat added (1 cup)",108.9,usda
308910,,"Snowpeas, frozen, cooked, fat added (1 snow pea)",2.2,usda
308911,,"Snowpeas, frozen, cooked, fat added (1 cup)",120.5,usda
308913,,"Seaweed, dried (1 cup)",44.7,usda
308914,,"Seaweed, dried (1 strip)",1.5,usda
308916,,"Seaweed, cooked, no added fat (1 cup)",41.0,usda
308918,,"Seaweed, cooked, fat added (1 cup)",66.2,usda
308920,,"Summer squash, yellow or green, fresh, cooked, no added fat (1 slice)",2.1,usda
308921,,"Summer squash, yellow or green, fresh, cooked, no added fat (1 whole)",42.0,usda
308922,,"Summer squash, yellow or green, fresh, cooked, no added fat (1 cup)",37.8,usda
308923,,"Summer squash, yellow or green, fresh, cooked, no added fat (1 cup, mashed)",50.4,usda
308925,,"Summer squash, yellow or green, frozen, cooked, no added fat (1 slice)",2.1,usda
308926,,"Summer squash, yellow or green, frozen, cooked, no added fat (1 cup)",37.8,usda
308927,,"Summer squash, yellow or green, frozen, cooked, no added fat (1 cup, mashed)",50.4,usda
308929,,"Summer squash, yellow or green, cooked (1 slice)",4.7,usda
308930,,"Summer squash, yellow or green, cooked (1 whole)",95.4,usda
308931,,"Summer squash, yellow or green, cooked (1 cup)",87.0,usda
308932,,"Summer squash, yellow or green, cooked (1 cup, mashed)",115.2,usda
308934,,"Summer squash, yellow or green, fresh, cooked, fat added (1 slice)",4.7,usda
308935,,"Summer squash, yellow or green, fresh, cooked, fat added (1 whole)",95.4,usda
308936,,"Summer squash, yellow or green, fresh, cooked, fat added (1 cup)",87.0,usda
308937,,"Summer squash, yellow or green, fresh, cooked, fat added (1 cup, mashed)",115.2,usda
308939,,"Summer squash, yellow or green, frozen, cooked, fat added (1 slice)",4.3,usda
308940,,"Summer squash, yellow or green, frozen, cooked, fat added (1 cup)",79.6,usda
308941,,"Summer squash, yellow or green, frozen, cooked, fat added (1 cup, mashed)",105.4,usda
308943,,"Summer squash, yellow or green, canned, cooked, fat added (1 slice)",3.5,usda
308944,,"Summer squash, yellow or green, canned, cooked, fat added (1 cup)",64.8,usda
308945,,"Summer squash, yellow or green, canned, cooked, fat added (1 cup, mashed)",85.8,usda
308965,,"Spaghetti squash, cooked (1 cup)",76.0,usda
308967,,"Turnip, cooked (1 whole)",64.8,usda
308968,,"Turnip, cooked (1 cup)",86.4,usda
308969,,"Turnip, cooked (1 cup, mashed)",126.9,usda
308971,,Water Chesnut (1 cup),123.2,usda
308972,,Water Chesnut (1 whole),7.8,usda
308974,,"Winter melon, cooked (1 cup)",63.0,usda
308976,,Yeast (1 tablespoon),39.0,usda
308992,,"Classic mixed vegetables, frozen, cooked, no added fat (1 cup)",117.0,usda
308994,,"Classic mixed vegetables, canned, cooked, no added fat (1 cup)",82.8,usda
308996,,"Classic mixed vegetables, cooked (1 cup)",159.1,usda
308998,,"Classic mixed vegetables, frozen, cooked, fat added (1 cup)",159.1,usda
309000,,"Classic mixed vegetables, canned, cooked, fat added (1 cup)",125.8,usda
309010,,"Classic mixed vegetables, canned, reduced sodium, cooked, no added fat (1 cup)",79.2,usda
309012,,"Classic mixed vegetables, canned, reduced sodium, cooked, fat added (1 cup)",125.8,usda
309022,,Ratatouille (1 cup),144.1,usda
309036,,"Asian stir fry vegetables, cooked, no added fat (1 cup)",63.5,usda
309038,,"Asian stir fry vegetables, cooked, fat added (1 cup)",93.7,usda
309040,,"Jai, Monk's Food (1 cup)",112.8,usda
309042,,"Vegetable mixture, dried (1 tablespoon)",19.7,usda
309049,,"Green beans, cooked, Szechuan-style (1 cup)",196.1,usda
309050,,"Green beans, cooked, Szechuan-style (1 bean)",6.4,usda
309055,,"Chiles rellenos, cheese-filled (1 chili)",326.0,usda
309056,,"Chiles rellenos, cheese-filled (1 cup)",401.3,usda
309065,,"Fritter, corn (1 fritter)",141.4,usda
309066,,"Fritter, corn (1 cup)",424.2,usda
309107,,"Squash, summer, souffle (1 cup)",170.0,usda
309111,,"Chow mein or chop suey, meatless, no noodles (1 cup)",94.6,usda
309113,,Vegetable tempura (1 cup),150.6,usda
309114,,Vegetable tempura (1 piece),16.7,usda
309115,,Vegetable tempura (1 fritter),71.7,usda
309117,,Pakora (1 pakora),15.0,usda
309119,,Vegetable curry (1 cup),206.4,usda
309125,,"Green beans, pickled (1 cup)",78.3,usda
309127,,"Beets, pickled (1 cup)",110.5,usda
309128,,"Beets, pickled (1 whole)",16.3,usda
309129,,"Beets, pickled (1 slice)",6.5,usda
309131,,"Celery, pickled (1 cup)",52.5,usda
309135,,"Cauliflower, pickled (1 cup)",51.3,usda
309136,,"Cauliflower, pickled (1 floweret)",5.3,usda
309138,,"Cabbage, green, pickled (1 cup)",69.0,usda
309140,,"Cabbage, red, pickled (1 cup)",73.5,usda
309142,,Kimchi (1 cup),22.5,usda
309144,,"Pickles, dill (1 regular)",11.2,usda
309145,,"Pickles, dill (1 miniature)",4.2,usda
309146,,"Pickles, dill (1 half)",5.6,usda
309147,,"Pickles, dill (1 slice)",1.0,usda
309148,,"Pickles, dill (1 spear)",5.6,usda
309149,,"Pickles, dill (1 stacker)",2.9,usda
309150,,"Pickles, dill (1 cup)",21.7,usda
309157,,"Pickles, sweet (1 pickle, any size)",27.3,usda
309158,,"Pickles, sweet (1 slice)",6.4,usda
309159,,"Pickles, sweet (1 spear)",36.4,usda
309160,,"Pickles, sweet (1 stacker)",19.1,usda
309161,,"Pickles, sweet (1 cup)",141.1,usda
309163,,"Eggplant, pickled (1 cup)",39.0,usda
309165,,"Ginger root, pickled (1 cup)",48.0,usda
309167,,Horseradish (1 tablespoon),7.2,usda
309169,,"Mushrooms, pickled (1 cup)",71.3,usda
309170,,"Mushrooms, pickled (1 piece/slice)",2.8,usda
309171,,"Mushrooms, pickled (1 whole)",6.0,usda
309173,,Mustard (1 tablespoon),10.4,usda
309174,,Mustard (1 packet),3.5,usda
309181,,"Okra, pickled (1 pod)",5.3,usda
309183,,Olives (1 olive),5.8,usda
309184,,Olives (1 cup),156.6,usda
309186,,"Olives, green (1 olive)",5.8,usda
309187,,"Olives, green (1 cup)",195.8,usda
309189,,"Olives, black (1 olive)",5.8,usda
309190,,"Olives, black (1 cup)",156.6,usda
309195,,Olive tapenade (1 tablespoon),45.1,usda
309202,,"Peppers, sweet, pickled (1 whole)",12.9,usda
309203,,"Peppers, sweet, pickled (1 cup)",64.5,usda
309205,,"Peppers, hot, pickled (1 slice)",0.4,usda
309206,,"Peppers, hot, pickled (1 whole)",3.3,usda
309207,,"Peppers, hot, pickled (1 cup)",33.0,usda
309209,,"Peppers, jalapenos (1 slice)",0.5,usda
309210,,"Peppers, jalapenos (1 whole)",3.9,usda
309211,,"Peppers, jalapenos (1 cup)",39.0,usda
309214,,Pickles (1 regular),11.2,usda
309215,,Pickles (1 miniature),4.2,usda
309216,,Pickles (1 half),5.6,usda
309217,,Pickles (1 slice),1.0,usda
309218,,Pickles (1 spear),5.6,usda
309219,,Pickles (1 stacker),2.9,usda
309220,,Pickles (1 cup),21.7,usda
309226,,"Radishes, pickled (1 cup)",51.0,usda
309228,,"Seaweed, pickled (1 cup)",54.0,usda
309230,,"Vegetables, pickled (1 cup)",73.6,usda
309232,,"Turnip, pickled (1 cup)",68.2,usda
309233,,"Turnip, pickled (1 slice)",3.1,usda
309235,,Wasabi paste (1 tablespoon),46.7,usda
309238,,"Zucchini, pickled (1 cup)",59.5,usda
309378,,"Ripe plantain meat pie, Puerto Rican style (1 piece (4"" x 2"" x 2""))",598.5,usda
309378,,"Ripe plantain meat pie, Puerto Rican style (1 piece (4"" x 2"" x 2""))",598.5,usda
309380,,"Puerto Rican pasteles (1 pastel (5-1/2"" x 2-1/4"" x 1/4""))",317.4,usda
309438,,Table fat (1 cup),1516.5,usda
309439,,Table fat (1 tablespoon),94.8,usda
309440,,Table fat (1 pat),47.4,usda
309443,,Butter (1 cup),1664.3,usda
309444,,Butter (1 tablespoon),104.0,usda
309445,,Butter (1 pat),52.0,usda
309446,,Butter (1 individual container),37.2,usda
309451,,"Butter, stick (1 cup)",1664.3,usda
309452,,"Butter, stick (1 tablespoon)",104.0,usda
309453,,"Butter, stick (1 stick)",839.6,usda
309454,,"Butter, stick (1 pat)",52.0,usda
309459,,"Butter, tub (1 cup)",1637.4,usda
309460,,"Butter, tub (1 tablespoon)",102.3,usda
309461,,"Butter, tub (1 pat)",51.2,usda
309462,,"Butter, tub (1 individual container)",36.6,usda
309467,,"Butter, light (1 cup)",1117.8,usda
309468,,"Butter, light (1 tablespoon)",69.9,usda
309469,,"Butter, light (1 pat)",34.9,usda
309470,,"Butter, light (1 individual container)",25.0,usda
309475,,Margarine (1 cup),1297.0,usda
309476,,Margarine (1 tablespoon),81.1,usda
309477,,Margarine (1 pat),40.5,usda
309478,,Margarine (1 individual container),29.0,usda
309483,,"Margarine, stick (1 cup)",1606.1,usda
309484,,"Margarine, stick (1 tablespoon)",100.4,usda
309485,,"Margarine, stick (1 pat)",50.2,usda
309490,,"Margarine, tub (1 cup)",1193.9,usda
309491,,"Margarine, tub (1 tablespoon)",74.6,usda
309492,,"Margarine, tub (1 individual container)",26.7,usda
309497,,"Butter replacement, liquid (1 cup)",1193.9,usda
309498,,"Butter replacement, liquid (1 tablespoon)",74.6,usda
309499,,"Butter replacement, liquid (1 spray)",1.3325,usda
309504,,"Margarine, light (1 cup)",775.0,usda
309505,,"Margarine, light (1 tablespoon)",48.4,usda
309506,,"Margarine, light (1 pat)",24.2,usda
309507,,"Margarine, light (1 individual container)",17.3,usda
309512,,"Butter replacement, powder (1 cup)",373.0,usda
309513,,"Butter replacement, powder (1 tablespoon)",18.7,usda
309515,,Oil or table fat (1 cup),1767.4,usda
309516,,Oil or table fat (1 tablespoon),110.5,usda
309518,,Animal fat or drippings (1 cup),1614.7,usda
309519,,Animal fat or drippings (1 tablespoon),100.9,usda
309521,,Lard (1 cup),1731.8,usda
309522,,Lard (1 tablespoon),108.2,usda
309524,,Shortening (1 cup),1697.3,usda
309525,,Shortening (1 tablespoon),106.1,usda
309527,,"Ghee, clarified butter (1 cup)",1962.2,usda
309528,,"Ghee, clarified butter (1 tablespoon)",122.6,usda
309563,,Honey butter (1 cup),1086.4,usda
309564,,Honey butter (1 tablespoon),67.9,usda
309567,,Vegetable oil (1 cup),2016.0,usda
309568,,Vegetable oil (1 tablespoon),126.0,usda
309570,,Almond oil (1 cup),1980.2,usda
309571,,Almond oil (1 tablespoon),123.8,usda
309573,,Coconut oil (1 cup),2004.8,usda
309574,,Coconut oil (1 tablespoon),125.3,usda
309576,,Corn oil (1 cup),2016.0,usda
309577,,Corn oil (1 tablespoon),126.0,usda
309579,,Cottonseed oil (1 cup),1980.2,usda
309580,,Cottonseed oil (1 tablespoon),123.8,usda
309582,,Flaxseed oil (1 cup),1980.2,usda
309583,,Flaxseed oil (1 tablespoon),123.8,usda
309585,,Olive oil (1 cup),2016.0,usda
309586,,Olive oil (1 tablespoon),126.0,usda
309588,,Peanut oil (1 cup),2016.0,usda
309589,,Peanut oil (1 tablespoon),126.0,usda
309591,,Canola oil (1 cup),2016.0,usda
309592,,Canola oil (1 tablespoon),126.0,usda
309594,,Safflower oil (1 cup),2016.0,usda
309595,,Safflower oil (1 tablespoon),126.0,usda
309597,,Sesame oil (1 cup),1980.2,usda
309598,,Sesame oil (1 tablespoon),123.8,usda
309600,,Soybean oil (1 cup),2016.0,usda
309601,,Soybean oil (1 tablespoon),126.0,usda
309603,,Sunflower oil (1 cup),2016.0,usda
309604,,Sunflower oil (1 tablespoon),126.0,usda
309606,,Walnut oil (1 cup),1980.2,usda
309607,,Walnut oil (1 tablespoon),123.8,usda
309609,,Wheat germ oil (1 cup),1980.2,usda
309610,,Wheat germ oil (1 tablespoon),123.8,usda
309655,,"Mayonnaise, regular (1 cup)",1496.0,usda
309656,,"Mayonnaise, regular (1 tablespoon)",93.8,usda
309657,,"Mayonnaise, regular (1 packet)",81.6,usda
309659,,"Mayonnaise, regular (1 dipping-size container)",190.4,usda
309663,,Vegan mayonnaise (1 cup),522.0,usda
309664,,Vegan mayonnaise (1 tablespoon),32.7,usda
309666,,Vegan mayonnaise (1 dipping-size container),65.0,usda
309736,,"Mayonnaise, light (1 cup)",595.0,usda
309737,,"Mayonnaise, light (1 tablespoon)",37.1,usda
309739,,"Mayonnaise, light (1 dipping-size container)",66.6,usda
309811,,"Mayonnaise, fat free (1 cup)",163.8,usda
309812,,"Mayonnaise, fat free (1 tablespoon)",10.2,usda
309875,,Sugar (1 cup),802.0,usda
309876,,Sugar (1 teaspoon),16.8,usda
309877,,Sugar (1 individual packet),14.0,usda
309879,,Sugar (1 cube),9.2,usda
309881,,"Sugar, white, granulated or lump (1 cup)",802.0,usda
309882,,"Sugar, white, granulated or lump (1 teaspoon)",16.8,usda
309883,,"Sugar, white, granulated or lump (1 individual packet)",14.0,usda
309885,,"Sugar, white, granulated or lump (1 cube)",9.2,usda
309887,,"Sugar, white, confectioner's, powdered (1 cup)",466.8,usda
309888,,"Sugar, white, confectioner's, powdered (1 teaspoon)",9.7,usda
309890,,"Sugar, brown (1 cup)",836.0,usda
309891,,"Sugar, brown (1 teaspoon)",17.5,usda
309894,,"Sugar, cinnamon (1 cup)",780.0,usda
309895,,"Sugar, cinnamon (1 teaspoon)",16.4,usda
309901,,"Sugar substitute, sucralose, powder (1 individual packet)",3.4,usda
309902,,"Sugar substitute, sucralose, powder (1 teaspoon)",1.7,usda
309903,,"Sugar substitute, sucralose, powder (1 tablet)",0.3,usda
309906,,"Sugar substitute, stevia, powder (1 individual packet)",0.0,usda
309907,,"Sugar substitute, stevia, powder (1 teaspoon)",0.0,usda
309908,,"Sugar substitute, stevia, powder (1 tablet)",0.0,usda
309911,,"Sugar substitute, stevia, liquid (1 teaspoon)",2.6,usda
309912,,"Sugar substitute, stevia, liquid (1 drop)",0.1,usda
309915,,"Sugar substitute, monk fruit, powder (1 individual packet)",0.0,usda
309916,,"Sugar substitute, monk fruit, powder (1 teaspoon)",0.0,usda
309919,,"Sugar substitute, powder (1 individual packet)",2.8,usda
309920,,"Sugar substitute, powder (1 teaspoon)",14.0,usda
309921,,"Sugar substitute, powder (1 tablet)",0.3,usda
309924,,"Sugar substitute, liquid (1 teaspoon)",2.6,usda
309925,,"Sugar substitute, liquid (1 drop)",0.1,usda
309928,,"Sugar substitute, saccharin, powder (1 individual packet)",3.6,usda
309929,,"Sugar substitute, saccharin, powder (1 teaspoon)",11.9,usda
309930,,"Sugar substitute, saccharin, powder (1 tablet (1/2 grain))",0.072,usda
309933,,"Sugar substitute, saccharin, liquid (1 teaspoon)",0.4,usda
309934,,"Sugar substitute, saccharin, liquid (1 drop)",0.0,usda
309937,,"Sugar substitute, aspartame, powder (1 individual packet)",3.7,usda
309938,,"Sugar substitute, aspartame, powder (1 teaspoon)",12.8,usda
309939,,"Sugar substitute, aspartame, powder (1 tablet)",0.4,usda
309975,,Honey (1 tablespoon),60.8,usda
309976,,Honey (1 single serving container),42.6,usda
309977,,Honey (1 cup),972.8,usda
309981,,Agave liquid sweetener (1 tablespoon),62.0,usda
309984,,Molasses (1 cup),928.0,usda
309985,,Molasses (1 tablespoon),58.0,usda
309987,,"Topping, butterscotch or caramel (1 cup)",691.2,usda
309988,,"Topping, butterscotch or caramel (1 tablespoon)",43.2,usda
309990,,"Topping, chocolate (1 cup)",1120.0,usda
309991,,"Topping, chocolate (1 tablespoon)",70.0,usda
309993,,"Topping, fruit (1 cup)",812.8,usda
309994,,"Topping, fruit (1 tablespoon)",50.8,usda
309996,,"Topping, marshmallow (1 cup)",305.9,usda
309997,,"Topping, marshmallow (1 tablespoon)",19.3,usda
310033,,Jam or jelly (1 tablespoon),52.2,usda
310034,,Jam or jelly (1 individual packet),36.5,usda
310037,,Jelly (1 tablespoon),53.2,usda
310038,,Jelly (1 individual packet),37.2,usda
310041,,Jam (1 tablespoon),55.6,usda
310042,,Jam (1 individual packet),38.9,usda
310045,,Fruit butter (1 tablespoon),34.6,usda
310048,,Marmalade (1 tablespoon),49.2,usda
310049,,Marmalade (1 individual packet),34.4,usda
310052,,"Jam or jelly, sugar free (1 tablespoon)",24.2,usda
310053,,"Jam or jelly, sugar free (1 individual packet)",16.9,usda
310056,,"Jam or jelly, reduced sugar (1 tablespoon)",30.2,usda
310057,,"Jam or jelly, reduced sugar (1 individual packet)",21.1,usda
310064,,Guava paste (1 tablespoon),58.4,usda
310065,,Guava paste (1 cubic inch),61.3,usda
310066,,Guava paste (1 medium piece),93.4,usda
310067,,Guava paste (1 small piece),46.7,usda
310069,,Sweet potato paste (1 tablespoon),61.0,usda
310070,,Sweet potato paste (1 cubic inch),67.1,usda
310095,,Yokan (1 oz),37.7055,usda
310097,,Haupia (1 cup),583.6,usda
310098,,Haupia (1 piece),63.0,usda
310100,,Italian Ice (1 cup),166.4,usda
310101,,Italian Ice (1 individual container),166.4,usda
310103,,"Italian Ice, no sugar added (1 cup)",31.2,usda
310104,,"Italian Ice, no sugar added (1 individual container)",31.2,usda
310106,,Popsicle (1 single stick),39.5,usda
310108,,Popsicle (1 single stick),39.5,usda
310109,,Popsicle (1 double stick),79.0,usda
310110,,Popsicle (1 miniature popsicle),11.9,usda
310111,,Popsicle (1 push up),39.5,usda
310112,,Popsicle (1 fl oz),23.7,usda
310114,,"Popsicle, no sugar added (1 single stick)",12.0,usda
310115,,"Popsicle, no sugar added (1 fl oz)",7.2,usda
310117,,Freezer pop (1 freezer pop),39.5,usda
310118,,Freezer pop (1 fl oz),23.7,usda
310120,,Snow cone (1 cup),166.4,usda
310121,,Snow cone (1 snow cone),256.0,usda
310122,,Snow cone (1 fl oz),38.4,usda
310124,,"Snow cone, no sugar added (1 cup)",31.2,usda
310125,,"Snow cone, no sugar added (1 snow cone)",48.0,usda
310126,,"Snow cone, no sugar added (1 fl oz)",7.2,usda
310189,,Chocolate chips (1 piece),4.8,usda
310190,,Chocolate chips (1 cup),1080.0,usda
310314,,"Ladoo, round ball (1 piece)",246.6,usda
310373,,Cough drops (1 piece),19.7,usda
310426,,Chewing gum (1 piece),18.0,usda
310427,,Chewing gum (1 stick),18.0,usda
310429,,"Chewing gum, sugar free (1 piece)",13.4,usda
310430,,"Chewing gum, sugar free (1 stick)",13.4,usda
310432,,Coffee (1 fl oz),0.3,usda
310433,,Coffee (1 cup (8 fl oz)),2.4,usda
310434,,Coffee (1 small),3.6,usda
310435,,Coffee (1 medium),4.8,usda
310436,,Coffee (1 large),6.0,usda
310437,,"Coffee (1 small pot (20 FO, 4 servings))",6.0,usda
310438,,"Coffee (1 large pot (60 FO, 12 servings))",18.0,usda
310440,,Coffee (1 fl oz),0.3,usda
310441,,Coffee (1 cup (8 fl oz)),2.4,usda
310442,,Coffee (1 small),3.6,usda
310443,,Coffee (1 medium),4.8,usda
310444,,Coffee (1 large),6.0,usda
310445,,"Coffee (1 small pot (20 FO, 4 servings))",6.0,usda
310446,,"Coffee (1 large pot (60 FO, 12 servings))",18.0,usda
310448,,"Coffee, brewed (1 fl oz)",0.3,usda
310449,,"Coffee, brewed (1 cup (8 fl oz))",2.4,usda
310450,,"Coffee, brewed (1 small)",3.6,usda
310451,,"Coffee, brewed (1 medium)",4.8,usda
310452,,"Coffee, brewed (1 large)",6.0,usda
310453,,"Coffee, brewed (1 small pot (20 FO, 4 servings))",6.0,usda
310454,,"Coffee, brewed (1 large pot (60 FO, 12 servings))",18.0,usda
310464,,"Coffee, Turkish (1 fl oz)",8.4,usda
310466,,"Coffee, Turkish (1 cup (8 fl oz))",67.0,usda
310467,,"Coffee, espresso (1 fl oz)",2.7,usda
310468,,"Coffee, espresso (1 espresso cup (2 fl oz))",5.4,usda
310470,,"Coffee, espresso, decaffeinated (1 fl oz)",2.7,usda
310471,,"Coffee, espresso, decaffeinated (1 espresso cup (2 fl oz))",5.4,usda
310481,,"Coffee, Cuban (1 fl oz)",10.5,usda
310483,,"Coffee, Cuban (1 cup (8 fl oz))",84.3,usda
310484,,"Coffee, macchiato (1 fl oz)",6.9,usda
310485,,"Coffee, macchiato (1 espresso cup (2 fl oz))",13.8,usda
310490,,"Coffee, cafe con leche (1 fl oz)",12.4,usda
310491,,"Coffee, cafe con leche (1 cup (8 fl oz))",99.2,usda
310493,,"Coffee, cafe con leche, decaffeinated (1 fl oz)",12.4,usda
310494,,"Coffee, cafe con leche, decaffeinated (1 cup (8 fl oz))",99.2,usda
310496,,"Coffee, Latte (1 fl oz)",12.9,usda
310497,,"Coffee, Latte (1 cup (8 fl oz))",103.2,usda
310498,,"Coffee, Latte (1 small)",154.8,usda
310499,,"Coffee, Latte (1 medium)",206.4,usda
310500,,"Coffee, Latte (1 large)",258.0,usda
310502,,"Coffee, Latte, nonfat (1 fl oz)",9.0,usda
310503,,"Coffee, Latte, nonfat (1 cup (8 fl oz))",72.0,usda
310504,,"Coffee, Latte, nonfat (1 small)",108.0,usda
310505,,"Coffee, Latte, nonfat (1 medium)",144.0,usda
310506,,"Coffee, Latte, nonfat (1 large)",180.0,usda
310532,,"Coffee, Latte, decaffeinated (1 fl oz)",12.9,usda
310533,,"Coffee, Latte, decaffeinated (1 cup (8 fl oz))",103.2,usda
310534,,"Coffee, Latte, decaffeinated (1 small)",154.8,usda
310535,,"Coffee, Latte, decaffeinated (1 medium)",206.4,usda
310536,,"Coffee, Latte, decaffeinated (1 large)",258.0,usda
310538,,"Coffee, Latte, decaffeinated, nonfat (1 fl oz)",9.0,usda
310539,,"Coffee, Latte, decaffeinated, nonfat (1 cup (8 fl oz))",72.0,usda
310540,,"Coffee, Latte, decaffeinated, nonfat (1 small)",108.0,usda
310541,,"Coffee, Latte, decaffeinated, nonfat (1 medium)",144.0,usda
310542,,"Coffee, Latte, decaffeinated, nonfat (1 large)",180.0,usda
310568,,Frozen coffee drink (1 fl oz),21.1,usda
310569,,Frozen coffee drink (1 cup (8 fl oz)),168.6,usda
310570,,Frozen coffee drink (1 small),253.0,usda
310571,,Frozen coffee drink (1 medium),337.3,usda
310572,,Frozen coffee drink (1 large),421.6,usda
310574,,"Frozen coffee drink, nonfat (1 fl oz)",18.9,usda
310575,,"Frozen coffee drink, nonfat (1 cup (8 fl oz))",151.3,usda
310576,,"Frozen coffee drink, nonfat (1 small)",226.9,usda
310577,,"Frozen coffee drink, nonfat (1 medium)",302.6,usda
310578,,"Frozen coffee drink, nonfat (1 large)",378.2,usda
310604,,"Frozen coffee drink, decaffeinated (1 fl oz)",21.1,usda
310605,,"Frozen coffee drink, decaffeinated (1 cup (8 fl oz))",168.6,usda
310606,,"Frozen coffee drink, decaffeinated (1 small)",253.0,usda
310607,,"Frozen coffee drink, decaffeinated (1 medium)",337.3,usda
310608,,"Frozen coffee drink, decaffeinated (1 large)",421.6,usda
310610,,"Frozen coffee drink, decaffeinated, nonfat (1 fl oz)",18.9,usda
310611,,"Frozen coffee drink, decaffeinated, nonfat (1 cup (8 fl oz))",151.3,usda
310612,,"Frozen coffee drink, decaffeinated, nonfat (1 small)",226.9,usda
310613,,"Frozen coffee drink, decaffeinated, nonfat (1 medium)",302.6,usda
310614,,"Frozen coffee drink, decaffeinated, nonfat (1 large)",378.2,usda
310640,,"Coffee, Cafe Mocha (1 fl oz)",19.8,usda
310641,,"Coffee, Cafe Mocha (1 cup (8 fl oz))",158.7,usda
310642,,"Coffee, Cafe Mocha (1 small)",238.1,usda
310643,,"Coffee, Cafe Mocha (1 medium)",317.4,usda
310644,,"Coffee, Cafe Mocha (1 large)",396.8,usda
310646,,"Coffee, Cafe Mocha, nonfat (1 fl oz)",16.1,usda
310647,,"Coffee, Cafe Mocha, nonfat (1 cup (8 fl oz))",129.0,usda
310648,,"Coffee, Cafe Mocha, nonfat (1 small)",193.4,usda
310649,,"Coffee, Cafe Mocha, nonfat (1 medium)",257.9,usda
310650,,"Coffee, Cafe Mocha, nonfat (1 large)",322.4,usda
310658,,"Coffee, Cafe Mocha, decaffeinated (1 fl oz)",19.8,usda
310659,,"Coffee, Cafe Mocha, decaffeinated (1 cup (8 fl oz))",158.7,usda
310660,,"Coffee, Cafe Mocha, decaffeinated (1 small)",238.1,usda
310661,,"Coffee, Cafe Mocha, decaffeinated (1 medium)",317.4,usda
310662,,"Coffee, Cafe Mocha, decaffeinated (1 large)",396.8,usda
310664,,"Coffee, Cafe Mocha, decaffeinated, nonfat (1 fl oz)",16.1,usda
310665,,"Coffee, Cafe Mocha, decaffeinated, nonfat (1 cup (8 fl oz))",129.0,usda
310666,,"Coffee, Cafe Mocha, decaffeinated, nonfat (1 small)",193.4,usda
310667,,"Coffee, Cafe Mocha, decaffeinated, nonfat (1 medium)",257.9,usda
310668,,"Coffee, Cafe Mocha, decaffeinated, nonfat (1 large)",322.4,usda
310676,,Frozen mocha coffee drink (1 fl oz),20.5,usda
310677,,Frozen mocha coffee drink (1 cup (8 fl oz)),163.7,usda
310678,,Frozen mocha coffee drink (1 small),245.5,usda
310679,,Frozen mocha coffee drink (1 medium),327.4,usda
310680,,Frozen mocha coffee drink (1 large),409.2,usda
310682,,"Frozen mocha coffee drink, nonfat (1 fl oz)",18.3,usda
310683,,"Frozen mocha coffee drink, nonfat (1 cup (8 fl oz))",146.3,usda
310684,,"Frozen mocha coffee drink, nonfat (1 small)",219.5,usda
310685,,"Frozen mocha coffee drink, nonfat (1 medium)",292.6,usda
310686,,"Frozen mocha coffee drink, nonfat (1 large)",365.8,usda
310712,,"Frozen mocha coffee drink, decaffeinated (1 fl oz)",20.8,usda
310713,,"Frozen mocha coffee drink, decaffeinated (1 cup (8 fl oz))",166.2,usda
310714,,"Frozen mocha coffee drink, decaffeinated (1 small)",249.2,usda
310715,,"Frozen mocha coffee drink, decaffeinated (1 medium)",332.3,usda
310716,,"Frozen mocha coffee drink, decaffeinated (1 large)",415.4,usda
310718,,"Frozen mocha coffee drink, decaffeinated, nonfat (1 fl oz)",18.3,usda
310719,,"Frozen mocha coffee drink, decaffeinated, nonfat (1 cup (8 fl oz))",146.3,usda
310720,,"Frozen mocha coffee drink, decaffeinated, nonfat (1 small)",219.5,usda
310721,,"Frozen mocha coffee drink, decaffeinated, nonfat (1 medium)",292.6,usda
310722,,"Frozen mocha coffee drink, decaffeinated, nonfat (1 large)",365.8,usda
310748,,"Iced Coffee, brewed (1 fl oz)",0.3,usda
310749,,"Iced Coffee, brewed (1 cup (8 fl oz))",2.4,usda
310750,,"Iced Coffee, brewed (1 small)",3.6,usda
310751,,"Iced Coffee, brewed (1 medium)",4.8,usda
310752,,"Iced Coffee, brewed (1 large)",6.0,usda
310754,,"Iced Coffee, brewed, decaffeinated (1 fl oz)",0.0,usda
310755,,"Iced Coffee, brewed, decaffeinated (1 cup (8 fl oz))",0.0,usda
310756,,"Iced Coffee, brewed, decaffeinated (1 small)",0.0,usda
310757,,"Iced Coffee, brewed, decaffeinated (1 medium)",0.0,usda
310758,,"Iced Coffee, brewed, decaffeinated (1 large)",0.0,usda
310766,,"Coffee, Iced Latte (1 fl oz)",8.1,usda
310767,,"Coffee, Iced Latte (1 cup (8 fl oz))",64.8,usda
310768,,"Coffee, Iced Latte (1 small)",97.2,usda
310769,,"Coffee, Iced Latte (1 medium)",129.6,usda
310770,,"Coffee, Iced Latte (1 large)",162.0,usda
310772,,"Coffee, Iced Latte, nonfat (1 fl oz)",5.7,usda
310773,,"Coffee, Iced Latte, nonfat (1 cup (8 fl oz))",45.6,usda
310774,,"Coffee, Iced Latte, nonfat (1 small)",68.4,usda
310775,,"Coffee, Iced Latte, nonfat (1 medium)",91.2,usda
310776,,"Coffee, Iced Latte, nonfat (1 large)",114.0,usda
310802,,"Coffee, Iced Latte, decaffeinated (1 fl oz)",8.1,usda
310803,,"Coffee, Iced Latte, decaffeinated (1 cup (8 fl oz))",64.8,usda
310804,,"Coffee, Iced Latte, decaffeinated (1 small)",97.2,usda
310805,,"Coffee, Iced Latte, decaffeinated (1 medium)",129.6,usda
310806,,"Coffee, Iced Latte, decaffeinated (1 large)",162.0,usda
310808,,"Coffee, Iced Latte, decaffeinated, nonfat (1 fl oz)",5.7,usda
310809,,"Coffee, Iced Latte, decaffeinated, nonfat (1 cup (8 fl oz))",45.6,usda
310810,,"Coffee, Iced Latte, decaffeinated, nonfat (1 small)",68.4,usda
310811,,"Coffee, Iced Latte, decaffeinated, nonfat (1 medium)",91.2,usda
310812,,"Coffee, Iced Latte, decaffeinated, nonfat (1 large)",114.0,usda
310838,,"Coffee, Iced Cafe Mocha (1 fl oz)",15.5,usda
310839,,"Coffee, Iced Cafe Mocha (1 cup (8 fl oz))",124.0,usda
310840,,"Coffee, Iced Cafe Mocha (1 small)",186.0,usda
310841,,"Coffee, Iced Cafe Mocha (1 medium)",248.0,usda
310842,,"Coffee, Iced Cafe Mocha (1 large)",310.0,usda
310844,,"Coffee, Iced Cafe Mocha, nonfat (1 fl oz)",13.3,usda
310845,,"Coffee, Iced Cafe Mocha, nonfat (1 cup (8 fl oz))",106.6,usda
310846,,"Coffee, Iced Cafe Mocha, nonfat (1 small)",160.0,usda
310847,,"Coffee, Iced Cafe Mocha, nonfat (1 medium)",213.3,usda
310848,,"Coffee, Iced Cafe Mocha, nonfat (1 large)",266.6,usda
310856,,"Coffee, Iced Cafe Mocha, decaffeinated (1 fl oz)",15.8,usda
310857,,"Coffee, Iced Cafe Mocha, decaffeinated (1 cup (8 fl oz))",126.5,usda
310858,,"Coffee, Iced Cafe Mocha, decaffeinated (1 small)",189.7,usda
310859,,"Coffee, Iced Cafe Mocha, decaffeinated (1 medium)",253.0,usda
310860,,"Coffee, Iced Cafe Mocha, decaffeinated (1 large)",316.2,usda
310862,,"Coffee, Iced Cafe Mocha, decaffeinated, nonfat (1 fl oz)",13.3,usda
310863,,"Coffee, Iced Cafe Mocha, decaffeinated, nonfat (1 cup (8 fl oz))",106.6,usda
310864,,"Coffee, Iced Cafe Mocha, decaffeinated, nonfat (1 small)",160.0,usda
310865,,"Coffee, Iced Cafe Mocha, decaffeinated, nonfat (1 medium)",213.3,usda
310866,,"Coffee, Iced Cafe Mocha, decaffeinated, nonfat (1 large)",266.6,usda
310874,,"Coffee, instant, reconstituted (1 fl oz)",0.9,usda
310876,,"Coffee, instant, reconstituted (1 cup (8 fl oz))",7.2,usda
310877,,"Coffee, instant, 50% less caffeine, reconstituted (1 fl oz)",0.9,usda
310879,,"Coffee, instant, 50% less caffeine, reconstituted (1 cup (8 fl oz))",7.2,usda
310880,,"Coffee, decaffeinated (1 fl oz)",0.0,usda
310881,,"Coffee, decaffeinated (1 cup (8 fl oz))",0.0,usda
310882,,"Coffee, decaffeinated (1 small)",0.0,usda
310883,,"Coffee, decaffeinated (1 medium)",0.0,usda
310884,,"Coffee, decaffeinated (1 large)",0.0,usda
310885,,"Coffee, decaffeinated (1 small pot (20 FO, 4 servings))",0.0,usda
310886,,"Coffee, decaffeinated (1 large pot (60 FO, 12 servings))",0.0,usda
310888,,"Coffee, brewed, decaffeinated (1 fl oz)",0.0,usda
310889,,"Coffee, brewed, decaffeinated (1 cup (8 fl oz))",0.0,usda
310890,,"Coffee, brewed, decaffeinated (1 small)",0.0,usda
310891,,"Coffee, brewed, decaffeinated (1 medium)",0.0,usda
310892,,"Coffee, brewed, decaffeinated (1 large)",0.0,usda
310893,,"Coffee, brewed, decaffeinated (1 small pot (20 FO, 4 servings))",0.0,usda
310894,,"Coffee, brewed, decaffeinated (1 large pot (60 FO, 12 servings))",0.0,usda
310896,,"Coffee, instant, decaffeinated, reconstituted (1 fl oz)",0.9,usda
310898,,"Coffee, instant, decaffeinated, reconstituted (1 cup (8 fl oz))",7.2,usda
310929,,"Coffee, pre-lightened (1 fl oz)",4.2,usda
310931,,"Coffee, pre-lightened (1 cup (8 fl oz))",33.6,usda
310932,,"Coffee, decaffeinated, pre-lightened (1 fl oz)",4.2,usda
310933,,"Coffee, decaffeinated, pre-lightened (1 cup (8 fl oz))",33.6,usda
310953,,"Coffee, Cappuccino (1 fl oz)",8.1,usda
310955,,"Coffee, Cappuccino (1 cup (8 fl oz))",64.8,usda
310956,,"Coffee, Cappuccino (1 small)",97.2,usda
310957,,"Coffee, Cappuccino (1 medium)",129.6,usda
310958,,"Coffee, Cappuccino (1 large)",162.0,usda
310959,,"Coffee, Cappuccino, nonfat (1 fl oz)",5.7,usda
310960,,"Coffee, Cappuccino, nonfat (1 cup (8 fl oz))",45.6,usda
310961,,"Coffee, Cappuccino, nonfat (1 small)",68.4,usda
310962,,"Coffee, Cappuccino, nonfat (1 medium)",91.2,usda
310963,,"Coffee, Cappuccino, nonfat (1 large)",114.0,usda
310971,,"Coffee, Cappuccino, decaffeinated (1 fl oz)",8.1,usda
310973,,"Coffee, Cappuccino, decaffeinated (1 cup (8 fl oz))",64.8,usda
310974,,"Coffee, Cappuccino, decaffeinated (1 small)",97.2,usda
310975,,"Coffee, Cappuccino, decaffeinated (1 medium)",129.6,usda
310976,,"Coffee, Cappuccino, decaffeinated (1 large)",162.0,usda
310977,,"Coffee, Cappuccino, decaffeinated, nonfat (1 fl oz)",5.7,usda
310978,,"Coffee, Cappuccino, decaffeinated, nonfat (1 cup (8 fl oz))",45.6,usda
310979,,"Coffee, Cappuccino, decaffeinated, nonfat (1 small)",68.4,usda
310980,,"Coffee, Cappuccino, decaffeinated, nonfat (1 medium)",91.2,usda
310981,,"Coffee, Cappuccino, decaffeinated, nonfat (1 large)",114.0,usda
310989,,"Coffee, bottled/canned (1 fl oz)",22.0,usda
310990,,"Coffee, bottled/canned (1 bottle/can (6.5 fl oz))",143.4,usda
310991,,"Coffee, bottled/canned (1 bottle/can (9.5 fl oz))",209.5,usda
310992,,"Coffee, bottled/canned (1 bottle/can (11 fl oz))",242.1,usda
310993,,"Coffee, bottled/canned (1 bottle/can (15 fl oz))",330.2,usda
310995,,"Coffee, bottled/canned, light (1 fl oz)",10.5,usda
310996,,"Coffee, bottled/canned, light (1 bottle/can (6.5 fl oz))",68.3,usda
310997,,"Coffee, bottled/canned, light (1 bottle/can (9.5 fl oz))",99.8,usda
310998,,"Coffee, bottled/canned, light (1 bottle/can (11 fl oz))",115.5,usda
310999,,"Coffee, bottled/canned, light (1 bottle/can (15 fl oz))",157.5,usda
311001,,"Coffee, instant, not reconstituted (1 teaspoon, dry)",3.2,usda
311003,,"Coffee, instant, decaffeinated, not reconstituted (1 teaspoon, dry)",3.2,usda
311013,,Coffee substitute (1 fl oz),1.8,usda
311015,,Coffee substitute (1 cup (8 fl oz)),14.4,usda
311016,,Chicory beverage (1 fl oz),2.1,usda
311018,,Chicory beverage (1 cup (8 fl oz)),16.8,usda
311019,,"Tea, hot, leaf, black (1 fl oz)",0.3,usda
311021,,"Tea, hot, leaf, black (1 cup)",2.4,usda
311022,,"Tea, hot, leaf, black (1 small)",3.6,usda
311023,,"Tea, hot, leaf, black (1 medium)",4.8,usda
311024,,"Tea, hot, leaf, black (1 large)",6.0,usda
311025,,"Tea, hot, leaf, black, decaffeinated (1 fl oz)",0.3,usda
311027,,"Tea, hot, leaf, black, decaffeinated (1 cup)",2.4,usda
311028,,"Tea, hot, leaf, black, decaffeinated (1 small)",3.6,usda
311029,,"Tea, hot, leaf, black, decaffeinated (1 medium)",4.8,usda
311030,,"Tea, hot, leaf, black, decaffeinated (1 large)",6.0,usda
311031,,"Tea, hot, leaf, green (1 fl oz)",0.3,usda
311032,,"Tea, hot, leaf, green (1 cup)",2.4,usda
311033,,"Tea, hot, leaf, green (1 small)",3.6,usda
311034,,"Tea, hot, leaf, green (1 medium)",4.8,usda
311035,,"Tea, hot, leaf, green (1 large)",6.0,usda
311037,,"Tea, hot, leaf, green, decaffeinated (1 fl oz)",0.0,usda
311038,,"Tea, hot, leaf, green, decaffeinated (1 cup)",0.0,usda
311039,,"Tea, hot, leaf, green, decaffeinated (1 small)",0.0,usda
311040,,"Tea, hot, leaf, green, decaffeinated (1 medium)",0.0,usda
311041,,"Tea, hot, leaf, green, decaffeinated (1 large)",0.0,usda
311043,,"Tea, hot, leaf, oolong (1 fl oz)",0.3,usda
311044,,"Tea, hot, leaf, oolong (1 cup)",2.4,usda
311045,,"Tea, hot, leaf, oolong (1 small)",3.6,usda
311046,,"Tea, hot, leaf, oolong (1 medium)",4.8,usda
311047,,"Tea, hot, leaf, oolong (1 large)",6.0,usda
311050,,"Tea, iced, instant, black, unsweetened (1 fl oz (no ice))",0.3,usda
311051,,"Tea, iced, instant, black, unsweetened (1 fl oz (with ice))",0.2,usda
311052,,"Tea, iced, instant, black, unsweetened (1 fl oz (NFS))",0.3,usda
311070,,"Tea, iced, instant, black, decaffeinated, unsweetened (1 fl oz (no ice))",0.3,usda
311071,,"Tea, iced, instant, black, decaffeinated, unsweetened (1 fl oz (with ice))",0.2,usda
311072,,"Tea, iced, instant, black, decaffeinated, unsweetened (1 fl oz (NFS))",0.3,usda
311073,,"Tea, iced, instant, green, unsweetened (1 fl oz (no ice))",0.0,usda
311074,,"Tea, iced, instant, green, unsweetened (1 fl oz (with ice))",0.0,usda
311075,,"Tea, iced, instant, green, unsweetened (1 fl oz (NFS))",0.0,usda
311085,,"Tea, hot, herbal (1 fl oz)",0.3,usda
311087,,"Tea, hot, herbal (1 cup)",2.4,usda
311088,,"Tea, hot, herbal (1 small)",3.6,usda
311089,,"Tea, hot, herbal (1 medium)",4.8,usda
311090,,"Tea, hot, herbal (1 large)",6.0,usda
311091,,"Tea, hot, hibiscus (1 fl oz)",0.0,usda
311092,,"Tea, hot, hibiscus (1 cup)",0.0,usda
311094,,"Tea, hot, hibiscus (1 small)",0.0,usda
311095,,"Tea, hot, hibiscus (1 medium)",0.0,usda
311096,,"Tea, hot, hibiscus (1 large)",0.0,usda
311097,,Corn beverage (1 fl oz),13.2,usda
311099,,Corn beverage (1 cup),105.6,usda
311100,,"Tea, hot, chamomile (1 fl oz)",0.3,usda
311102,,"Tea, hot, chamomile (1 cup)",2.4,usda
311103,,"Tea, hot, chamomile (1 small)",3.6,usda
311104,,"Tea, hot, chamomile (1 medium)",4.8,usda
311105,,"Tea, hot, chamomile (1 large)",6.0,usda
311112,,"Tea, ginger (1 fl oz)",0.3,usda
311113,,"Tea, ginger (1 small)",3.6,usda
311114,,"Tea, ginger (1 medium)",4.8,usda
311115,,"Tea, ginger (1 large)",6.0,usda
311116,,"Tea, ginger (1 cup)",2.4,usda
311118,,"Tea, bubble (1 fl oz)",16.5,usda
311119,,"Tea, bubble (1 item, any size)",239.3,usda
311120,,"Tea, bubble (1 cup)",132.0,usda
311122,,"Tea, kombucha (1 fl oz (no ice))",5.0,usda
311123,,"Tea, kombucha (1 fl oz (with ice))",3.7,usda
311124,,"Tea, kombucha (1 fl oz (NFS))",5.0,usda
311125,,"Tea, kombucha (1 can or bottle (12 fl oz))",59.5,usda
311127,,"Tea, iced, instant, black, unsweetened, dry (1 teaspoon, dry)",0.6,usda
311131,,Iced Tea / Lemonade juice drink (1 fl oz (no ice)),10.2,usda
311132,,Iced Tea / Lemonade juice drink (1 fl oz (with ice)),7.8,usda
311133,,Iced Tea / Lemonade juice drink (1 fl oz (NFS)),10.2,usda
311134,,Iced Tea / Lemonade juice drink (1 bottle (12 fl oz)),122.4,usda
311135,,Iced Tea / Lemonade juice drink (1 bottle (20 fl oz)),204.0,usda
311137,,"Iced Tea / Lemonade juice drink, light (1 fl oz (no ice))",6.3,usda
311138,,"Iced Tea / Lemonade juice drink, light (1 fl oz (with ice))",4.8,usda
311139,,"Iced Tea / Lemonade juice drink, light (1 fl oz (NFS))",6.3,usda
311140,,"Iced Tea / Lemonade juice drink, light (1 bottle (12 fl oz))",75.6,usda
311141,,"Iced Tea / Lemonade juice drink, light (1 bottle (20 fl oz))",126.0,usda
311143,,"Iced Tea / Lemonade juice drink, diet (1 fl oz (no ice))",0.6,usda
311144,,"Iced Tea / Lemonade juice drink, diet (1 fl oz (with ice))",0.5,usda
311145,,"Iced Tea / Lemonade juice drink, diet (1 fl oz (NFS))",0.6,usda
311165,,"Tea, iced, brewed, black, unsweetened (1 fl oz (no ice))",0.3,usda
311166,,"Tea, iced, brewed, black, unsweetened (1 fl oz (with ice))",0.2,usda
311167,,"Tea, iced, brewed, black, unsweetened (1 fl oz (NFS))",0.3,usda
311168,,"Tea, iced, brewed, black, unsweetened (1 child/senior drink)",2.7,usda
311169,,"Tea, iced, brewed, black, unsweetened (1 small drink)",3.6,usda
311170,,"Tea, iced, brewed, black, unsweetened (1 medium drink)",5.0,usda
311171,,"Tea, iced, brewed, black, unsweetened (1 large drink)",7.2,usda
311172,,"Tea, iced, brewed, black, unsweetened (1 extra large drink)",9.8,usda
311192,,"Tea, iced, brewed, black, decaffeinated, unsweetened (1 fl oz (no ice))",0.3,usda
311193,,"Tea, iced, brewed, black, decaffeinated, unsweetened (1 fl oz (with ice))",0.2,usda
311194,,"Tea, iced, brewed, black, decaffeinated, unsweetened (1 fl oz (NFS))",0.3,usda
311195,,"Tea, iced, brewed, black, decaffeinated, unsweetened (1 child/senior drink)",2.7,usda
311196,,"Tea, iced, brewed, black, decaffeinated, unsweetened (1 small drink)",3.6,usda
311197,,"Tea, iced, brewed, black, decaffeinated, unsweetened (1 medium drink)",5.0,usda
311198,,"Tea, iced, brewed, black, decaffeinated, unsweetened (1 large drink)",7.2,usda
311199,,"Tea, iced, brewed, black, decaffeinated, unsweetened (1 extra large drink)",9.8,usda
311219,,"Tea, iced, brewed, green, unsweetened (1 fl oz (no ice))",0.3,usda
311220,,"Tea, iced, brewed, green, unsweetened (1 fl oz (with ice))",0.2,usda
311221,,"Tea, iced, brewed, green, unsweetened (1 fl oz (NFS))",0.3,usda
311222,,"Tea, iced, brewed, green, unsweetened (1 child/senior drink)",2.7,usda
311223,,"Tea, iced, brewed, green, unsweetened (1 small drink)",3.6,usda
311224,,"Tea, iced, brewed, green, unsweetened (1 medium drink)",5.0,usda
311225,,"Tea, iced, brewed, green, unsweetened (1 large drink)",7.2,usda
311226,,"Tea, iced, brewed, green, unsweetened (1 extra large drink)",9.8,usda
311246,,"Tea, iced, brewed, green, decaffeinated, unsweetened (1 fl oz (no ice))",0.0,usda
311247,,"Tea, iced, brewed, green, decaffeinated, unsweetened (1 fl oz (with ice))",0.0,usda
311248,,"Tea, iced, brewed, green, decaffeinated, unsweetened (1 fl oz (NFS))",0.0,usda
311249,,"Tea, iced, brewed, green, decaffeinated, unsweetened (1 child/senior drink)",0.0,usda
311250,,"Tea, iced, brewed, green, decaffeinated, unsweetened (1 small drink)",0.0,usda
311251,,"Tea, iced, brewed, green, decaffeinated, unsweetened (1 medium drink)",0.0,usda
311252,,"Tea, iced, brewed, green, decaffeinated, unsweetened (1 large drink)",0.0,usda
311253,,"Tea, iced, brewed, green, decaffeinated, unsweetened (1 extra large drink)",0.0,usda
311255,,"Tea, iced, bottled, black (1 fl oz (no ice))",14.0,usda
311264,,"Tea, iced, bottled, black (1 medium drink)",230.4,usda
311265,,"Tea, iced, bottled, black (1 large drink)",334.8,usda
311266,,"Tea, iced, bottled, black (1 extra large drink)",460.4,usda
311256,,"Tea, iced, bottled, black (1 fl oz (with ice))",10.4,usda
311257,,"Tea, iced, bottled, black (1 fl oz (NFS))",14.0,usda
311258,,"Tea, iced, bottled, black (1 can or bottle (12 fl oz))",167.4,usda
311259,,"Tea, iced, bottled, black (1 Snapple bottle (16 fl oz))",223.2,usda
311260,,"Tea, iced, bottled, black (1 can or bottle (16.9 fl oz))",235.8,usda
311261,,"Tea, iced, bottled, black (1 can or bottle (20 fl oz))",279.0,usda
311262,,"Tea, iced, bottled, black (1 child/senior drink)",125.6,usda
311263,,"Tea, iced, bottled, black (1 small drink)",167.4,usda
311268,,"Tea, iced, bottled, black, decaffeinated (1 fl oz (no ice))",11.8,usda
311277,,"Tea, iced, bottled, black, decaffeinated (1 medium drink)",194.6,usda
311278,,"Tea, iced, bottled, black, decaffeinated (1 large drink)",282.7,usda
311279,,"Tea, iced, bottled, black, decaffeinated (1 extra large drink)",388.7,usda
311269,,"Tea, iced, bottled, black, decaffeinated (1 fl oz (with ice))",8.7,usda
311270,,"Tea, iced, bottled, black, decaffeinated (1 fl oz (NFS))",11.8,usda
311271,,"Tea, iced, bottled, black, decaffeinated (1 can or bottle (12 fl oz))",141.4,usda
311272,,"Tea, iced, bottled, black, decaffeinated (1 Snapple bottle (16 fl oz))",188.5,usda
311273,,"Tea, iced, bottled, black, decaffeinated (1 can or bottle (16.9 fl oz))",199.1,usda
311274,,"Tea, iced, bottled, black, decaffeinated (1 can or bottle (20 fl oz))",235.6,usda
311275,,"Tea, iced, bottled, black, decaffeinated (1 child/senior drink)",106.0,usda
311276,,"Tea, iced, bottled, black, decaffeinated (1 small drink)",141.4,usda
311281,,"Tea, iced, bottled, black, diet (1 fl oz (no ice))",0.3,usda
311290,,"Tea, iced, bottled, black, diet (1 medium drink)",5.0,usda
311291,,"Tea, iced, bottled, black, diet (1 large drink)",7.2,usda
311292,,"Tea, iced, bottled, black, diet (1 extra large drink)",9.8,usda
311282,,"Tea, iced, bottled, black, diet (1 fl oz (with ice))",0.2,usda
311283,,"Tea, iced, bottled, black, diet (1 fl oz (NFS))",0.3,usda
311284,,"Tea, iced, bottled, black, diet (1 can or bottle (12 fl oz))",3.6,usda
311285,,"Tea, iced, bottled, black, diet (1 Snapple bottle (16 fl oz))",4.8,usda
311286,,"Tea, iced, bottled, black, diet (1 can or bottle (16.9 fl oz))",5.1,usda
311287,,"Tea, iced, bottled, black, diet (1 can or bottle (20 fl oz))",6.0,usda
311288,,"Tea, iced, bottled, black, diet (1 child/senior drink)",2.7,usda
311289,,"Tea, iced, bottled, black, diet (1 small drink)",3.6,usda
311294,,"Tea, iced, bottled, black, decaffeinated, diet (1 fl oz (no ice))",0.0,usda
311303,,"Tea, iced, bottled, black, decaffeinated, diet (1 medium drink)",0.0,usda
311304,,"Tea, iced, bottled, black, decaffeinated, diet (1 large drink)",0.0,usda
311305,,"Tea, iced, bottled, black, decaffeinated, diet (1 extra large drink)",0.0,usda
311295,,"Tea, iced, bottled, black, decaffeinated, diet (1 fl oz (with ice))",0.0,usda
311296,,"Tea, iced, bottled, black, decaffeinated, diet (1 fl oz (NFS))",0.0,usda
311297,,"Tea, iced, bottled, black, decaffeinated, diet (1 can or bottle (12 fl oz))",0.0,usda
311298,,"Tea, iced, bottled, black, decaffeinated, diet (1 Snapple bottle (16 fl oz))",0.0,usda
311299,,"Tea, iced, bottled, black, decaffeinated, diet (1 can or bottle (16.9 fl oz))",0.0,usda
311300,,"Tea, iced, bottled, black, decaffeinated, diet (1 can or bottle (20 fl oz))",0.0,usda
311301,,"Tea, iced, bottled, black, decaffeinated, diet (1 child/senior drink)",0.0,usda
311302,,"Tea, iced, bottled, black, decaffeinated, diet (1 small drink)",0.0,usda
311307,,"Tea, iced, bottled, black, unsweetened (1 fl oz (no ice))",0.0,usda
311316,,"Tea, iced, bottled, black, unsweetened (1 large drink)",0.0,usda
311317,,"Tea, iced, bottled, black, unsweetened (1 extra large drink)",0.0,usda
311308,,"Tea, iced, bottled, black, unsweetened (1 fl oz (with ice))",0.0,usda
311309,,"Tea, iced, bottled, black, unsweetened (1 fl oz (NFS))",0.0,usda
311310,,"Tea, iced, bottled, black, unsweetened (1 can or bottle (12 fl oz))",0.0,usda
311311,,"Tea, iced, bottled, black, unsweetened (1 can or bottle (16.9 fl oz))",0.0,usda
311312,,"Tea, iced, bottled, black, unsweetened (1 can or bottle (20 fl oz))",0.0,usda
311313,,"Tea, iced, bottled, black, unsweetened (1 child/senior drink)",0.0,usda
311314,,"Tea, iced, bottled, black, unsweetened (1 small drink)",0.0,usda
311315,,"Tea, iced, bottled, black, unsweetened (1 medium drink)",0.0,usda
311319,,"Tea, iced, bottled, black, decaffeinated, unsweetened (1 fl oz (no ice))",0.3,usda
311328,,"Tea, iced, bottled, black, decaffeinated, unsweetened (1 large drink)",7.2,usda
311329,,"Tea, iced, bottled, black, decaffeinated, unsweetened (1 extra large drink)",9.8,usda
311320,,"Tea, iced, bottled, black, decaffeinated, unsweetened (1 fl oz (with ice))",0.2,usda
311321,,"Tea, iced, bottled, black, decaffeinated, unsweetened (1 fl oz (NFS))",0.3,usda
311322,,"Tea, iced, bottled, black, decaffeinated, unsweetened (1 can or bottle (12 fl oz))",3.6,usda
311323,,"Tea, iced, bottled, black, decaffeinated, unsweetened (1 can or bottle (16.9 fl oz))",5.1,usda
311324,,"Tea, iced, bottled, black, decaffeinated, unsweetened (1 can or bottle (20 fl oz))",6.0,usda
311325,,"Tea, iced, bottled, black, decaffeinated, unsweetened (1 child/senior drink)",2.7,usda
311326,,"Tea, iced, bottled, black, decaffeinated, unsweetened (1 small drink)",3.6,usda
311327,,"Tea, iced, bottled, black, decaffeinated, unsweetened (1 medium drink)",5.0,usda
311331,,"Tea, iced, bottled, green (1 fl oz (no ice))",8.4,usda
311340,,"Tea, iced, bottled, green (1 medium drink)",138.2,usda
311341,,"Tea, iced, bottled, green (1 large drink)",200.9,usda
311342,,"Tea, iced, bottled, green (1 extra large drink)",276.2,usda
311332,,"Tea, iced, bottled, green (1 fl oz (with ice))",6.2,usda
311333,,"Tea, iced, bottled, green (1 fl oz (NFS))",8.4,usda
311334,,"Tea, iced, bottled, green (1 can or bottle (12 fl oz))",100.4,usda
311335,,"Tea, iced, bottled, green (1 Snapple bottle (16 fl oz))",133.9,usda
311336,,"Tea, iced, bottled, green (1 can or bottle (16.9 fl oz))",141.5,usda
311337,,"Tea, iced, bottled, green (1 can or bottle (20 fl oz))",167.4,usda
311338,,"Tea, iced, bottled, green (1 child/senior drink)",75.3,usda
311339,,"Tea, iced, bottled, green (1 small drink)",100.4,usda
311344,,"Tea, iced, bottled, green, diet (1 fl oz (no ice))",1.2,usda
311353,,"Tea, iced, bottled, green, diet (1 medium drink)",20.5,usda
311354,,"Tea, iced, bottled, green, diet (1 large drink)",29.8,usda
311355,,"Tea, iced, bottled, green, diet (1 extra large drink)",40.9,usda
311345,,"Tea, iced, bottled, green, diet (1 fl oz (with ice))",0.9,usda
311346,,"Tea, iced, bottled, green, diet (1 fl oz (NFS))",1.2,usda
311347,,"Tea, iced, bottled, green, diet (1 can or bottle (12 fl oz))",14.9,usda
311348,,"Tea, iced, bottled, green, diet (1 Snapple bottle (16 fl oz))",19.2,usda
311349,,"Tea, iced, bottled, green, diet (1 can or bottle (16.9 fl oz))",21.0,usda
311350,,"Tea, iced, bottled, green, diet (1 can or bottle (20 fl oz))",24.8,usda
311351,,"Tea, iced, bottled, green, diet (1 child/senior drink)",11.2,usda
311352,,"Tea, iced, bottled, green, diet (1 small drink)",14.9,usda
311357,,"Tea, iced, bottled, green, unsweetened (1 fl oz (no ice))",0.0,usda
311366,,"Tea, iced, bottled, green, unsweetened (1 large drink)",0.0,usda
311367,,"Tea, iced, bottled, green, unsweetened (1 extra large drink)",0.0,usda
311358,,"Tea, iced, bottled, green, unsweetened (1 fl oz (with ice))",0.0,usda
311359,,"Tea, iced, bottled, green, unsweetened (1 fl oz (NFS))",0.0,usda
311360,,"Tea, iced, bottled, green, unsweetened (1 can or bottle (12 fl oz))",0.0,usda
311361,,"Tea, iced, bottled, green, unsweetened (1 can or bottle (16.9 fl oz))",0.0,usda
311362,,"Tea, iced, bottled, green, unsweetened (1 can or bottle (20 fl oz))",0.0,usda
311363,,"Tea, iced, bottled, green, unsweetened (1 child/senior drink)",0.0,usda
311364,,"Tea, iced, bottled, green, unsweetened (1 small drink)",0.0,usda
311365,,"Tea, iced, bottled, green, unsweetened (1 medium drink)",0.0,usda
311369,,Soft drink (1 fl oz (no ice)),13.0,usda
311377,,Soft drink (1 large drink),312.5,usda
311378,,Soft drink (1 extra large drink),429.7,usda
311370,,Soft drink (1 fl oz (with ice)),9.7,usda
311371,,Soft drink (1 fl oz (NFS)),13.0,usda
311372,,Soft drink (1 can (12 fl oz)),156.2,usda
311373,,Soft drink (1 bottle (16.9 fl oz or 500 ml)),220.1,usda
311374,,Soft drink (1 child/senior drink),117.2,usda
311375,,Soft drink (1 small drink),156.2,usda
311376,,Soft drink (1 medium drink),215.0,usda
311380,,"Soft drink, diet (1 fl oz (no ice))",0.6,usda
311389,,"Soft drink, diet (1 extra large drink)",19.6,usda
311381,,"Soft drink, diet (1 fl oz (with ice))",0.5,usda
311382,,"Soft drink, diet (1 fl oz (NFS))",0.6,usda
311383,,"Soft drink, diet (1 can (12 fl oz))",7.2,usda
311384,,"Soft drink, diet (1 bottle (16.9 fl oz or 500 ml))",10.1,usda
311385,,"Soft drink, diet (1 child/senior drink)",5.4,usda
311386,,"Soft drink, diet (1 small drink)",7.2,usda
311387,,"Soft drink, diet (1 medium drink)",9.9,usda
311388,,"Soft drink, diet (1 large drink)",14.4,usda
311391,,"Water, tonic (1 fl oz)",10.2,usda
311392,,"Water, tonic (1 can (12 fl oz))",122.4,usda
311393,,"Water, tonic (1 bottle (16.9 fl oz or 500 ml))",172.4,usda
311395,,"Water, carbonated, plain (1 fl oz)",0.0,usda
311396,,"Water, carbonated, plain (1 can (12 fl oz))",0.0,usda
311397,,"Water, carbonated, plain (1 bottle (16.9 fl oz or 500 ml))",0.0,usda
311403,,"Soft drink, cola (1 fl oz (no ice))",13.0,usda
311412,,"Soft drink, cola (1 large drink)",312.5,usda
311413,,"Soft drink, cola (1 extra large drink)",429.7,usda
311404,,"Soft drink, cola (1 fl oz (with ice))",9.7,usda
311405,,"Soft drink, cola (1 fl oz (NFS))",13.0,usda
311406,,"Soft drink, cola (1 can (12 fl oz))",156.2,usda
311407,,"Soft drink, cola (1 bottle (16.9 fl oz or 500 ml))",220.1,usda
311408,,"Soft drink, cola (1 bottle (20 fl oz))",260.4,usda
311409,,"Soft drink, cola (1 child/senior drink)",117.2,usda
311410,,"Soft drink, cola (1 small drink)",156.2,usda
311411,,"Soft drink, cola (1 medium drink)",215.0,usda
311415,,"Soft drink, cola, diet (1 fl oz (no ice))",0.6,usda
311423,,"Soft drink, cola, diet (1 medium drink)",9.9,usda
311424,,"Soft drink, cola, diet (1 large drink)",14.4,usda
311425,,"Soft drink, cola, diet (1 extra large drink)",19.6,usda
311416,,"Soft drink, cola, diet (1 fl oz (with ice))",0.5,usda
311417,,"Soft drink, cola, diet (1 fl oz (NFS))",0.6,usda
311418,,"Soft drink, cola, diet (1 can (12 fl oz))",7.2,usda
311419,,"Soft drink, cola, diet (1 bottle (16.9 fl oz or 500 ml))",10.1,usda
311420,,"Soft drink, cola, diet (1 bottle (20 fl oz))",12.0,usda
311421,,"Soft drink, cola, diet (1 child/senior drink)",5.4,usda
311422,,"Soft drink, cola, diet (1 small drink)",7.2,usda
311427,,"Soft drink, cola, decaffeinated (1 fl oz (no ice))",12.7,usda
311436,,"Soft drink, cola, decaffeinated (1 large drink)",305.0,usda
311437,,"Soft drink, cola, decaffeinated (1 extra large drink)",419.4,usda
311428,,"Soft drink, cola, decaffeinated (1 fl oz (with ice))",9.4,usda
311429,,"Soft drink, cola, decaffeinated (1 fl oz (NFS))",12.7,usda
311430,,"Soft drink, cola, decaffeinated (1 can (12 fl oz))",152.5,usda
311431,,"Soft drink, cola, decaffeinated (1 bottle (16.9 fl oz or 500 ml))",214.8,usda
311432,,"Soft drink, cola, decaffeinated (1 bottle (20 fl oz))",254.2,usda
311433,,"Soft drink, cola, decaffeinated (1 child/senior drink)",114.4,usda
311434,,"Soft drink, cola, decaffeinated (1 small drink)",152.5,usda
311435,,"Soft drink, cola, decaffeinated (1 medium drink)",209.9,usda
311439,,"Soft drink, cola, decaffeinated, diet (1 fl oz (no ice))",0.3,usda
311448,,"Soft drink, cola, decaffeinated, diet (1 large drink)",7.2,usda
311449,,"Soft drink, cola, decaffeinated, diet (1 extra large drink)",9.8,usda
311440,,"Soft drink, cola, decaffeinated, diet (1 fl oz (with ice))",0.2,usda
311441,,"Soft drink, cola, decaffeinated, diet (1 fl oz (NFS))",0.3,usda
311442,,"Soft drink, cola, decaffeinated, diet (1 can (12 fl oz))",3.6,usda
311443,,"Soft drink, cola, decaffeinated, diet (1 bottle (16.9 fl oz or 500 ml))",5.1,usda
311444,,"Soft drink, cola, decaffeinated, diet (1 bottle (20 fl oz))",6.0,usda
311445,,"Soft drink, cola, decaffeinated, diet (1 child/senior drink)",2.7,usda
311446,,"Soft drink, cola, decaffeinated, diet (1 small drink)",3.6,usda
311447,,"Soft drink, cola, decaffeinated, diet (1 medium drink)",5.0,usda
311451,,"Soft drink, pepper type (1 fl oz (no ice))",13.0,usda
311460,,"Soft drink, pepper type (1 large drink)",312.5,usda
311461,,"Soft drink, pepper type (1 extra large drink)",429.7,usda
311452,,"Soft drink, pepper type (1 fl oz (with ice))",9.7,usda
311453,,"Soft drink, pepper type (1 fl oz (NFS))",13.0,usda
311454,,"Soft drink, pepper type (1 can (12 fl oz))",156.2,usda
311455,,"Soft drink, pepper type (1 bottle (16.9 fl oz or 500 ml))",220.1,usda
311456,,"Soft drink, pepper type (1 bottle (20 fl oz))",260.4,usda
311457,,"Soft drink, pepper type (1 child/senior drink)",117.2,usda
311458,,"Soft drink, pepper type (1 small drink)",156.2,usda
311459,,"Soft drink, pepper type (1 medium drink)",215.0,usda
311463,,"Soft drink, pepper type, diet (1 fl oz (no ice))",0.6,usda
311472,,"Soft drink, pepper type, diet (1 large drink)",14.4,usda
311473,,"Soft drink, pepper type, diet (1 extra large drink)",19.6,usda
311464,,"Soft drink, pepper type, diet (1 fl oz (with ice))",0.5,usda
311465,,"Soft drink, pepper type, diet (1 fl oz (NFS))",0.6,usda
311466,,"Soft drink, pepper type, diet (1 can (12 fl oz))",7.2,usda
311467,,"Soft drink, pepper type, diet (1 bottle (16.9 fl oz or 500 ml))",10.1,usda
311468,,"Soft drink, pepper type, diet (1 bottle (20 fl oz))",12.0,usda
311469,,"Soft drink, pepper type, diet (1 child/senior drink)",5.4,usda
311470,,"Soft drink, pepper type, diet (1 small drink)",7.2,usda
311471,,"Soft drink, pepper type, diet (1 medium drink)",9.9,usda
311475,,"Soft drink, pepper type, decaffeinated (1 fl oz (no ice))",12.7,usda
311484,,"Soft drink, pepper type, decaffeinated (1 extra large drink)",419.4,usda
311476,,"Soft drink, pepper type, decaffeinated (1 fl oz (with ice))",9.4,usda
311477,,"Soft drink, pepper type, decaffeinated (1 fl oz (NFS))",12.7,usda
311478,,"Soft drink, pepper type, decaffeinated (1 can (12 fl oz))",152.5,usda
311479,,"Soft drink, pepper type, decaffeinated (1 bottle (16.9 fl oz or 500 ml))",214.8,usda
311480,,"Soft drink, pepper type, decaffeinated (1 child/senior drink)",114.4,usda
311481,,"Soft drink, pepper type, decaffeinated (1 small drink)",152.5,usda
311482,,"Soft drink, pepper type, decaffeinated (1 medium drink)",209.9,usda
311483,,"Soft drink, pepper type, decaffeinated (1 large drink)",305.0,usda
311486,,"Soft drink, pepper type, decaffeinated, diet (1 fl oz (no ice))",0.3,usda
311495,,"Soft drink, pepper type, decaffeinated, diet (1 extra large drink)",9.8,usda
311487,,"Soft drink, pepper type, decaffeinated, diet (1 fl oz (with ice))",0.2,usda
311488,,"Soft drink, pepper type, decaffeinated, diet (1 fl oz (NFS))",0.3,usda
311489,,"Soft drink, pepper type, decaffeinated, diet (1 can (12 fl oz))",3.6,usda
311490,,"Soft drink, pepper type, decaffeinated, diet (1 bottle (16.9 fl oz or 500 ml))",5.1,usda
311491,,"Soft drink, pepper type, decaffeinated, diet (1 child/senior drink)",2.7,usda
311492,,"Soft drink, pepper type, decaffeinated, diet (1 small drink)",3.6,usda
311493,,"Soft drink, pepper type, decaffeinated, diet (1 medium drink)",5.0,usda
311494,,"Soft drink, pepper type, decaffeinated, diet (1 large drink)",7.2,usda
311497,,"Soft drink, cream soda (1 fl oz (no ice))",15.8,usda
311506,,"Soft drink, cream soda (1 extra large drink)",521.7,usda
311498,,"Soft drink, cream soda (1 fl oz (with ice))",11.7,usda
311499,,"Soft drink, cream soda (1 fl oz (NFS))",15.8,usda
311500,,"Soft drink, cream soda (1 can (12 fl oz))",189.7,usda
311501,,"Soft drink, cream soda (1 bottle (16.9 fl oz or 500 ml))",267.2,usda
311502,,"Soft drink, cream soda (1 child/senior drink)",142.3,usda
311503,,"Soft drink, cream soda (1 small drink)",189.7,usda
311504,,"Soft drink, cream soda (1 medium drink)",261.1,usda
311505,,"Soft drink, cream soda (1 large drink)",379.4,usda
311508,,"Soft drink, cream soda, diet (1 fl oz (no ice))",0.0,usda
311517,,"Soft drink, cream soda, diet (1 extra large drink)",0.0,usda
311509,,"Soft drink, cream soda, diet (1 fl oz (with ice))",0.0,usda
311510,,"Soft drink, cream soda, diet (1 fl oz (NFS))",0.0,usda
311511,,"Soft drink, cream soda, diet (1 can (12 fl oz))",0.0,usda
311512,,"Soft drink, cream soda, diet (1 bottle (16.9 fl oz or 500 ml))",0.0,usda
311513,,"Soft drink, cream soda, diet (1 child/senior drink)",0.0,usda
311514,,"Soft drink, cream soda, diet (1 small drink)",0.0,usda
311515,,"Soft drink, cream soda, diet (1 medium drink)",0.0,usda
311516,,"Soft drink, cream soda, diet (1 large drink)",0.0,usda
311567,,"Soft drink, ginger ale (1 fl oz (no ice))",10.5,usda
311576,,"Soft drink, ginger ale (1 large drink)",253.0,usda
311577,,"Soft drink, ginger ale (1 extra large drink)",347.8,usda
311568,,"Soft drink, ginger ale (1 fl oz (with ice))",7.8,usda
311569,,"Soft drink, ginger ale (1 fl oz (NFS))",10.5,usda
311570,,"Soft drink, ginger ale (1 can (12 fl oz))",126.5,usda
311571,,"Soft drink, ginger ale (1 bottle (16.9 fl oz or 500 ml))",178.2,usda
311572,,"Soft drink, ginger ale (1 bottle (20 fl oz))",210.8,usda
311573,,"Soft drink, ginger ale (1 child/senior drink)",94.9,usda
311574,,"Soft drink, ginger ale (1 small drink)",126.5,usda
311575,,"Soft drink, ginger ale (1 medium drink)",174.1,usda
311579,,"Soft drink, ginger ale, diet (1 fl oz (no ice))",0.0,usda
311588,,"Soft drink, ginger ale, diet (1 large drink)",0.0,usda
311589,,"Soft drink, ginger ale, diet (1 extra large drink)",0.0,usda
311580,,"Soft drink, ginger ale, diet (1 fl oz (with ice))",0.0,usda
311581,,"Soft drink, ginger ale, diet (1 fl oz (NFS))",0.0,usda
311582,,"Soft drink, ginger ale, diet (1 can (12 fl oz))",0.0,usda
311583,,"Soft drink, ginger ale, diet (1 bottle (16.9 fl oz or 500 ml))",0.0,usda
311584,,"Soft drink, ginger ale, diet (1 bottle (20 fl oz))",0.0,usda
311585,,"Soft drink, ginger ale, diet (1 child/senior drink)",0.0,usda
311586,,"Soft drink, ginger ale, diet (1 small drink)",0.0,usda
311587,,"Soft drink, ginger ale, diet (1 medium drink)",0.0,usda
311591,,"Soft drink, root beer (1 fl oz (no ice))",12.7,usda
311600,,"Soft drink, root beer (1 large drink)",305.0,usda
311601,,"Soft drink, root beer (1 extra large drink)",419.4,usda
311592,,"Soft drink, root beer (1 fl oz (with ice))",9.4,usda
311593,,"Soft drink, root beer (1 fl oz (NFS))",12.7,usda
311594,,"Soft drink, root beer (1 can (12 fl oz))",152.5,usda
311595,,"Soft drink, root beer (1 bottle (16.9 fl oz or 500 ml))",214.8,usda
311596,,"Soft drink, root beer (1 bottle (20 fl oz))",254.2,usda
311597,,"Soft drink, root beer (1 child/senior drink)",114.4,usda
311598,,"Soft drink, root beer (1 small drink)",152.5,usda
311599,,"Soft drink, root beer (1 medium drink)",209.9,usda
311603,,"Soft drink, root beer, diet (1 fl oz (no ice))",0.0,usda
311612,,"Soft drink, root beer, diet (1 large drink)",0.0,usda
311613,,"Soft drink, root beer, diet (1 extra large drink)",0.0,usda
311604,,"Soft drink, root beer, diet (1 fl oz (with ice))",0.0,usda
311605,,"Soft drink, root beer, diet (1 fl oz (NFS))",0.0,usda
311606,,"Soft drink, root beer, diet (1 can (12 fl oz))",0.0,usda
311607,,"Soft drink, root beer, diet (1 bottle (16.9 fl oz or 500 ml))",0.0,usda
311608,,"Soft drink, root beer, diet (1 bottle (20 fl oz))",0.0,usda
311609,,"Soft drink, root beer, diet (1 child/senior drink)",0.0,usda
311610,,"Soft drink, root beer, diet (1 small drink)",0.0,usda
311611,,"Soft drink, root beer, diet (1 medium drink)",0.0,usda
311681,,"Fruit juice drink, citrus, carbonated (1 fl oz (no ice))",9.9,usda
311682,,"Fruit juice drink, citrus, carbonated (1 fl oz (with ice))",7.4,usda
311683,,"Fruit juice drink, citrus, carbonated (1 fl oz (NFS))",9.9,usda
311684,,"Fruit juice drink, citrus, carbonated (1 bottle (12 fl oz))",119.0,usda
311686,,"Fruit juice drink, citrus, carbonated (1 can (12 fl oz))",119.0,usda
311687,,"Fruit juice drink, noncitrus, carbonated (1 fl oz (no ice))",10.2,usda
311688,,"Fruit juice drink, noncitrus, carbonated (1 fl oz (with ice))",7.6,usda
311689,,"Fruit juice drink, noncitrus, carbonated (1 fl oz (NFS))",10.2,usda
311690,,"Fruit juice drink, noncitrus, carbonated (1 bottle (12 fl oz))",122.8,usda
311691,,"Fruit juice drink, noncitrus, carbonated (1 can (12 fl oz))",122.8,usda
311693,,Fruit juice drink (1 fl oz (no ice)),3.1,usda
311702,,Fruit juice drink (1 juice box/pouch (6.75 fl oz)),20.9,usda
311703,,Fruit juice drink (1 bottle (16 fl oz)),49.6,usda
311704,,Fruit juice drink (1 bottle (20 fl oz)),62.0,usda
311694,,Fruit juice drink (1 fl oz (with ice)),2.3,usda
311695,,Fruit juice drink (1 fl oz (NFS)),3.1,usda
311696,,Fruit juice drink (1 child/senior drink),27.9,usda
311697,,Fruit juice drink (1 small drink),37.2,usda
311698,,Fruit juice drink (1 medium drink),51.2,usda
311699,,Fruit juice drink (1 large drink),74.4,usda
311700,,Fruit juice drink (1 extra large drink),102.3,usda
311701,,Fruit juice drink (1 fun size box (4.23 fl oz)),13.1,usda
311707,,Tamarind drink (1 fl oz (no ice)),33.8,usda
311708,,Tamarind drink (1 fl oz (with ice)),25.1,usda
311709,,Tamarind drink (1 fl oz (NFS)),33.8,usda
311714,,"Lemonade, fruit juice drink (1 fl oz (no ice))",14.3,usda
311715,,"Lemonade, fruit juice drink (1 fl oz (with ice))",10.6,usda
311716,,"Lemonade, fruit juice drink (1 fl oz (NFS))",14.3,usda
311722,,"Lemonade, frozen concentrate, not reconstituted (1 can (6 fl oz))",429.2,usda
311732,,"Pina Colada, nonalcoholic (1 fl oz)",38.4,usda
311734,,"Margarita mix, nonalcoholic (1 fl oz)",27.0,usda
311736,,Slush frozen drink (1 fl oz),8.4,usda
311737,,Slush frozen drink (1 cup),67.2,usda
311738,,Slush frozen drink (1 small),100.8,usda
311739,,Slush frozen drink (1 medium),184.8,usda
311740,,Slush frozen drink (1 large),235.2,usda
311741,,Slush frozen drink (1 extra large),336.0,usda
311743,,"Slush frozen drink, no sugar added (1 fl oz)",3.3,usda
311744,,"Slush frozen drink, no sugar added (1 cup)",26.4,usda
311745,,"Slush frozen drink, no sugar added (1 small)",39.6,usda
311746,,"Slush frozen drink, no sugar added (1 medium)",72.6,usda
311747,,"Slush frozen drink, no sugar added (1 large)",92.4,usda
311748,,"Slush frozen drink, no sugar added (1 extra large)",132.0,usda
311782,,Fruit juice drink (Sunny D) (1 fl oz (no ice)),16.7,usda
311783,,Fruit juice drink (Sunny D) (1 fl oz (with ice)),12.4,usda
311784,,Fruit juice drink (Sunny D) (1 fl oz (NFS)),16.7,usda
311785,,Fruit juice drink (Sunny D) (1 bottle (6.75 fl oz)),112.9,usda
311786,,Fruit juice drink (Sunny D) (1 bottle (10 fl oz)),167.4,usda
311787,,Fruit juice drink (Sunny D) (1 bottle (12 fl oz)),200.9,usda
311803,,"Fruit juice drink, light (1 fl oz (no ice))",11.7,usda
311804,,"Fruit juice drink, light (1 fl oz (with ice))",9.0,usda
311805,,"Fruit juice drink, light (1 fl oz (NFS))",11.7,usda
311807,,"Fruit juice drink, diet (1 fl oz (no ice))",0.3,usda
311808,,"Fruit juice drink, diet (1 fl oz (with ice))",0.2,usda
311809,,"Fruit juice drink, diet (1 fl oz (NFS))",0.3,usda
311810,,"Fruit juice drink, diet (1 fun size box (4.23 fl oz))",1.3,usda
311811,,"Fruit juice drink, diet (1 juice box/pouch (6.75 fl oz))",2.0,usda
311817,,"Grape juice drink, light (1 fl oz (no ice))",6.9,usda
311818,,"Grape juice drink, light (1 fl oz (with ice))",5.3,usda
311819,,"Grape juice drink, light (1 fl oz (NFS))",6.9,usda
311822,,"Orange juice beverage, 40-50% juice, light (1 fl oz (no ice))",6.3,usda
311823,,"Orange juice beverage, 40-50% juice, light (1 fl oz (with ice))",4.8,usda
311824,,"Orange juice beverage, 40-50% juice, light (1 fl oz (NFS))",6.3,usda
311825,,"Apple juice beverage, 40-50% juice, light (1 fl oz (no ice))",6.8,usda
311826,,"Apple juice beverage, 40-50% juice, light (1 fl oz (with ice))",5.1,usda
311827,,"Apple juice beverage, 40-50% juice, light (1 fl oz (NFS))",6.8,usda
311829,,"Lemonade, fruit juice drink, light (1 fl oz (no ice))",6.5,usda
311830,,"Lemonade, fruit juice drink, light (1 fl oz (with ice))",4.8,usda
311831,,"Lemonade, fruit juice drink, light (1 fl oz (NFS))",6.5,usda
311833,,"Pomegranate juice beverage, 40-50% juice, light (1 fl oz (no ice))",8.1,usda
311834,,"Pomegranate juice beverage, 40-50% juice, light (1 fl oz (with ice))",6.2,usda
311835,,"Pomegranate juice beverage, 40-50% juice, light (1 fl oz (NFS))",8.1,usda
311863,,Fruit juice drink (Capri Sun) (1 fl oz (no ice)),12.1,usda
311864,,Fruit juice drink (Capri Sun) (1 fl oz (with ice)),9.0,usda
311865,,Fruit juice drink (Capri Sun) (1 fl oz (NFS)),12.1,usda
311866,,Fruit juice drink (Capri Sun) (1 Capri Sun pouch),72.5,usda
311867,,Fruit juice drink (Capri Sun) (1 fun size box (4.23 fl oz)),51.1,usda
311870,,"Fruit juice drink, added calcium (Sunny D) (1 fl oz (no ice))",16.4,usda
311871,,"Fruit juice drink, added calcium (Sunny D) (1 fl oz (with ice))",12.2,usda
311872,,"Fruit juice drink, added calcium (Sunny D) (1 fl oz (NFS))",16.4,usda
311879,,Frescavena (1 cup),111.6,usda
311880,,Frescavena (1 fl oz),14.0,usda
311882,,Atole de avena (1 cup),205.8,usda
311883,,Atole de avena (1 fl oz),25.7,usda
311886,,Sugar cane beverage (1 fl oz (no ice)),22.9,usda
311887,,Sugar cane beverage (1 fl oz (with ice)),17.0,usda
311888,,Sugar cane beverage (1 fl oz (NFS)),22.9,usda
311889,,Atole (1 cup),213.3,usda
311891,,Atole (1 fl oz),26.7,usda
311892,,Atole de chocolate (1 cup),255.4,usda
311893,,Atole de chocolate (1 fl oz),31.9,usda
311895,,"Wine, nonalcoholic (1 fl oz)",1.8,usda
311896,,"Wine, nonalcoholic (1 glass)",10.8,usda
311898,,"Beer, nonalcoholic (1 fl oz)",11.1,usda
311899,,"Beer, nonalcoholic (1 can or bottle (12 fl oz))",133.2,usda
311901,,Shirley Temple (1 fl oz),16.8,usda
311902,,Shirley Temple (1 drink),126.0,usda
311914,,"Sports drink, dry concentrate, not reconstituted (1 tablespoon)",47.5,usda
311916,,Beer (1 fl oz),12.9,usda
311917,,Beer (1 can or bottle (12 fl oz)),154.8,usda
311918,,Beer (1 can or bottle (16 fl oz)),206.4,usda
311919,,Beer (1 bottle (40 fl oz)),516.0,usda
311921,,"Beer, light (1 fl oz)",8.7,usda
311922,,"Beer, light (1 can or bottle (12 fl oz))",104.4,usda
311923,,"Beer, light (1 can or bottle (16 fl oz))",139.2,usda
311925,,"Beer, higher alcohol (1 fl oz)",17.4,usda
311926,,"Beer, higher alcohol (1 can or bottle (12 fl oz))",208.8,usda
311927,,"Beer, higher alcohol (1 can or bottle (16 fl oz))",278.4,usda
311933,,Alcoholic malt beverage (1 fl oz),17.4,usda
311934,,Alcoholic malt beverage (1 can or bottle (12 fl oz)),208.8,usda
311935,,Alcoholic malt beverage (1 can or bottle (16 fl oz)),278.4,usda
311936,,Alcoholic malt beverage (1 bottle (40 fl oz)),696.0,usda
311938,,Hard cider (1 fl oz),16.8,usda
311939,,Hard cider (1 can or bottle (12 fl oz)),201.6,usda
311940,,Hard cider (1 can or bottle (16 fl oz)),268.8,usda
311942,,Hard seltzer (1 fl oz),7.2,usda
311943,,Hard seltzer (1 can or bottle (12 fl oz)),86.4,usda
311945,,Liqueur (1 fl oz (no ice)),83.7,usda
311946,,Liqueur (1 shot),125.6,usda
311947,,Liqueur (1 jigger),125.6,usda
311948,,Liqueur (1 drink),189.7,usda
311950,,"Liqueur, cream (1 fl oz (no ice))",88.8,usda
311951,,"Liqueur, cream (1 shot)",133.2,usda
311952,,"Liqueur, cream (1 jigger)",133.2,usda
311953,,"Liqueur, cream (1 drink)",201.3,usda
311963,,Brandy Alexander (1 fl oz),71.4,usda
311964,,Brandy Alexander (1 drink),214.2,usda
311966,,Bloody Mary (1 fl oz),21.9,usda
311967,,Bloody Mary (1 drink),164.3,usda
311969,,Cape Cod (1 fl oz),29.4,usda
311970,,Cape Cod (1 drink),220.5,usda
311972,,Daiquiri (1 fl oz),35.7,usda
311973,,Daiquiri (1 drink),267.8,usda
311975,,"Gelatin shot, alcoholic (1 shot)",42.8,usda
311977,,Gimlet (1 fl oz),56.4,usda
311978,,Gimlet (1 drink),225.6,usda
311983,,Greyhound (1 fl oz),26.1,usda
311984,,Greyhound (1 drink),195.8,usda
311986,,Jagerbomb (1 fl oz),30.6,usda
311987,,Jagerbomb (1 shot),183.6,usda
311989,,Kamikaze (1 fl oz),56.1,usda
311990,,Kamikaze (1 drink),168.3,usda
311992,,Manhattan (1 fl oz),66.6,usda
311993,,Manhattan (1 drink),266.4,usda
311995,,Margarita (1 fl oz),36.6,usda
311996,,Margarita (1 drink),274.5,usda
311998,,Martini (1 fl oz),60.3,usda
311999,,Martini (1 drink),241.2,usda
312004,,Michelada (1 fl oz),9.9,usda
312005,,Michelada (1 drink),74.3,usda
312007,,Mimosa (1 fl oz),19.2,usda
312008,,Mimosa (1 drink),115.2,usda
312010,,Mint julep (1 fl oz),56.1,usda
312011,,Mint julep (1 drink),420.8,usda
312013,,Mojito (1 fl oz),18.3,usda
312014,,Mojito (1 drink),137.3,usda
312016,,Moscow mule (1 fl oz),27.3,usda
312017,,Moscow mule (1 drink),204.8,usda
312019,,Old fashioned (1 fl oz),49.2,usda
312020,,Old fashioned (1 drink),295.2,usda
312022,,Orange Blossom (1 fl oz),29.4,usda
312023,,Orange Blossom (1 drink),220.5,usda
312025,,Rob Roy (1 fl oz),63.6,usda
312026,,Rob Roy (1 drink),190.8,usda
312028,,Rusty Nail (1 fl oz),73.2,usda
312029,,Rusty Nail (1 drink),146.4,usda
312031,,Screwdriver (1 fl oz),27.6,usda
312032,,Screwdriver (1 drink),207.0,usda
312034,,Seabreeze (1 fl oz),27.6,usda
312035,,Seabreeze (1 drink),207.0,usda
312040,,Tom Collins (1 fl oz),36.9,usda
312041,,Tom Collins (1 drink),276.8,usda
312043,,Whiskey sour (1 fl oz),36.9,usda
312044,,Whiskey sour (1 drink),276.8,usda
312067,,Pina Colada (1 fl oz),45.3,usda
312068,,Pina Colada (1 drink),339.8,usda
312094,,Sloe gin fizz (1 fl oz),19.8,usda
312095,,Sloe gin fizz (1 drink),148.5,usda
312097,,Black Russian (1 fl oz),83.7,usda
312098,,Black Russian (1 drink),209.3,usda
312100,,White Russian (1 fl oz),54.3,usda
312101,,White Russian (1 drink),407.3,usda
312109,,Singapore Sling (1 fl oz),27.9,usda
312110,,Singapore Sling (1 drink),209.3,usda
312112,,Mai Tai (1 fl oz),44.7,usda
312113,,Mai Tai (1 drink),268.2,usda
312115,,Tequila Sunrise (1 fl oz),33.3,usda
312116,,Tequila Sunrise (1 drink),249.8,usda
312118,,Long Island iced tea (1 fl oz),32.1,usda
312119,,Long Island iced tea (1 drink),240.8,usda
312121,,Fuzzy Navel (1 fl oz),32.1,usda
312122,,Fuzzy Navel (1 drink),240.8,usda
312124,,Alcoholic coffee drink (1 fl oz),26.4,usda
312125,,Alcoholic coffee drink (1 drink),211.2,usda
312127,,Frozen daiquiri (1 fl oz),38.1,usda
312128,,Frozen daiquiri (1 drink),285.8,usda
312130,,Frozen margarita (1 fl oz),36.6,usda
312131,,Frozen margarita (1 drink),274.5,usda
312133,,"Eggnog, alcoholic (1 fl oz)",33.9,usda
312134,,"Eggnog, alcoholic (1 drink)",271.2,usda
312136,,Gin fizz (1 fl oz),19.8,usda
312137,,Gin fizz (1 drink),148.5,usda
312139,,"Rum, hot buttered (1 fl oz)",48.0,usda
312140,,"Rum, hot buttered (1 drink)",144.0,usda
312142,,"Wine, sparkling (1 fl oz)",22.5,usda
312143,,"Wine, sparkling (1 glass)",135.0,usda
312144,,"Wine, sparkling (1/2 bottle)",281.3,usda
312146,,"Wine, red (1 fl oz)",25.5,usda
312147,,"Wine, red (1 glass)",153.0,usda
312148,,"Wine, red (1/2 bottle)",318.8,usda
312150,,"Wine, white (1 fl oz)",24.6,usda
312151,,"Wine, white (1 glass)",147.6,usda
312152,,"Wine, white (1/2 bottle)",307.5,usda
312154,,"Wine, rose (1 fl oz)",24.9,usda
312155,,"Wine, rose (1 glass)",149.4,usda
312156,,"Wine, rose (1/2 bottle)",311.3,usda
312158,,"Wine, rice (1 fl oz)",40.2,usda
312160,,"Wine, dessert, sweet (1 fl oz)",48.0,usda
312161,,"Wine, dessert, sweet (1 glass)",168.0,usda
312163,,"Wine, light (1 fl oz)",14.7,usda
312164,,"Wine, light (1 glass)",88.2,usda
312166,,Wine cooler (1 fl oz),20.4,usda
312167,,Wine cooler (1 glass),91.8,usda
312168,,Wine cooler (1 bottle/can (11 fl oz)),224.4,usda
312170,,"Sangria, red (1 fl oz)",25.5,usda
312171,,"Sangria, red (1 glass)",193.8,usda
312173,,"Sangria, white (1 fl oz)",24.9,usda
312174,,"Sangria, white (1 glass)",189.2,usda
312176,,Wine spritzer (1 fl oz),14.7,usda
312177,,Wine spritzer (1 glass),88.2,usda
312179,,Glug (1 fl oz),28.8,usda
312180,,Glug (1 glass),144.0,usda
312182,,Brandy (1 fl oz (no ice)),64.7,usda
312183,,Brandy (1 shot),97.0,usda
312184,,Brandy (1 jigger),97.0,usda
312185,,Brandy (1 drink),145.5,usda
312187,,Whiskey (1 fl oz (no ice)),64.7,usda
312188,,Whiskey (1 shot),97.0,usda
312189,,Whiskey (1 jigger),97.0,usda
312190,,Whiskey (1 drink),145.5,usda
312192,,Scotch (1 fl oz (no ice)),64.7,usda
312193,,Scotch (1 shot),97.0,usda
312194,,Scotch (1 jigger),97.0,usda
312195,,Scotch (1 drink),145.5,usda
312197,,Gin (1 fl oz (no ice)),64.7,usda
312198,,Gin (1 shot),97.0,usda
312199,,Gin (1 jigger),97.0,usda
312200,,Gin (1 drink),145.5,usda
312202,,Rum (1 fl oz (no ice)),64.7,usda
312203,,Rum (1 shot),97.0,usda
312204,,Rum (1 jigger),97.0,usda
312205,,Rum (1 drink),145.5,usda
312207,,Vodka (1 fl oz (no ice)),64.7,usda
312208,,Vodka (1 shot),97.0,usda
312209,,Vodka (1 jigger),97.0,usda
312210,,Vodka (1 drink),145.5,usda
312212,,Tequila (1 fl oz (no ice)),64.7,usda
312213,,Tequila (1 shot),97.0,usda
312214,,Tequila (1 jigger),97.0,usda
312215,,Tequila (1 drink),145.5,usda
312217,,Water (1 cup),0.0,usda
312218,,Water (1 fl oz),0.0,usda
312220,,"Water, tap (1 cup)",0.0,usda
312221,,"Water, tap (1 fl oz)",0.0,usda
312222,,"Water, tap (1 ice cube)",0.0,usda
312223,,"Water, tap (1 cup ice)",0.0,usda
312224,,"Water, tap (1 bottle (16.9 fl oz) filled with tap water)",0.0,usda
312225,,"Water, tap (1 bottle (24 fl oz) filled with tap water)",0.0,usda
312228,,"Water, bottled, plain (1 cup)",0.0,usda
312229,,"Water, bottled, plain (1 fl oz)",0.0,usda
312230,,"Water, bottled, plain (1 bottle (8 fl oz))",0.0,usda
312231,,"Water, bottled, plain (1 bottle (12 fl oz))",0.0,usda
312232,,"Water, bottled, plain (1 bottle (16.9 fl oz or 500 ml))",0.0,usda
312233,,"Water, bottled, plain (1 bottle (20 fl oz))",0.0,usda
312234,,"Water, bottled, plain (1 bottle (1 liter))",0.0,usda
312235,,"Water, bottled, plain (1 bottle)",0.0,usda
312248,,"Water, enhanced, regular (1 cup)",52.8,usda
312249,,"Water, enhanced, regular (1 fl oz)",6.6,usda
312250,,"Water, enhanced, regular (1 bottle (20 fl oz))",132.0,usda
312252,,"Water, enhanced, diet (1 cup)",0.0,usda
312253,,"Water, enhanced, diet (1 fl oz)",0.0,usda
312254,,"Water, enhanced, diet (1 bottle (20 fl oz))",0.0,usda
312327,,Nutritional powder mix (Carnation Instant Breakfast) (1 envelope),130.6,usda
312328,,Nutritional powder mix (Carnation Instant Breakfast) (1 tablespoon),26.1,usda
312330,,"Nutritional powder mix, sugar free (Carnation Instant Breakfast) (1 envelope)",71.6,usda
312331,,"Nutritional powder mix, sugar free (Carnation Instant Breakfast) (1 tablespoon)",20.0,usda
312333,,Nutritional powder mix (EAS Whey Protein Powder) (1 tablespoon),38.5,usda
312334,,Nutritional powder mix (EAS Whey Protein Powder) (1 scoop EAS Whey),75.1,usda
312336,,Nutritional powder mix (EAS Soy Protein Powder) (1 tablespoon),32.4,usda
312337,,Nutritional powder mix (EAS Soy Protein Powder) (1 scoop EAS Whey),178.2,usda
312339,,"Nutritional powder mix, high protein (Herbalife) (1 scoop)",49.0,usda
312341,,Nutritional powder mix (Isopure) (1 tablespoon),46.7,usda
312342,,Nutritional powder mix (Isopure) (1 scoop),93.3,usda
312343,,Nutritional powder mix (Isopure) (1 packet),312.3,usda
312345,,Nutritional powder mix (Muscle Milk) (1 scoop),143.9,usda
312347,,"Nutritional powder mix, light (Muscle Milk) (1 scoop)",99.0,usda
312349,,Nutritional powder mix (Slim Fast) (1 scoop),116.5,usda
312351,,"Nutritional powder mix, sugar free (Slim Fast) (1 scoop)",62.7,usda
312353,,"Nutritional powder mix, high protein (Slim Fast) (1 scoop)",112.6,usda
312356,,Nutritional powder mix (1 scoop),120.0,usda
312357,,"Nutritional powder mix, high protein (1 packet)",172.5,usda
312359,,"Nutritional powder mix, high protein (1 scoop)",172.5,usda
312360,,"Nutritional powder mix, high protein (1 scoop Joe Weider's)",176.4,usda
312361,,"Nutritional powder mix, high protein (1 packet D.E.L.T.A)",164.6,usda
312362,,"Nutritional powder mix, high protein (1 serving Monster Milk (2 scoops))",329.3,usda
312363,,"Nutritional powder mix, whey based (1 scoop)",91.5,usda
312364,,"Nutritional powder mix, whey based (1 scoop Gold Standard)",72.2,usda
312365,,"Nutritional powder mix, whey based (1 scoop NOW Foods)",112.6,usda
312367,,"Nutritional powder mix, whey based (1 tablespoon)",45.8,usda
312368,,"Nutritional powder mix, protein, soy based (1 scoop Gold Standard)",116.4,usda
312369,,"Nutritional powder mix, protein, soy based (1 scoop NOW Foods)",174.6,usda
312370,,"Nutritional powder mix, protein, soy based (1 scoop)",139.7,usda
312372,,"Nutritional powder mix, protein, soy based (1 tablespoon)",69.8,usda
312373,,"Nutritional powder mix, protein, light (1 scoop)",31.7,usda
312374,,"Nutritional powder mix, protein, light (1 scoop Reliv Now)",36.0,usda
312375,,"Nutritional powder mix, protein, light (1 scoop/packet Beneprotein)",27.7,usda
312377,,"Nutritional powder mix, protein, light (1 tablespoon)",15.8,usda
312378,,"Nutritional powder mix, protein (1 scoop)",109.1,usda
312380,,"Nutritional powder mix, protein (1 tablespoon)",54.6,usda
312381,,Energy drink (Full Throttle) (1 fl oz),14.3,usda
312382,,Energy drink (Full Throttle) (1 cup),114.1,usda
312383,,Energy drink (Full Throttle) (1 can or bottle (16 fl oz)),228.2,usda
312385,,Energy drink (Monster) (1 fl oz),14.6,usda
312386,,Energy drink (Monster) (1 can (8.3 fl oz)),120.8,usda
312387,,Energy drink (Monster) (1 can (12 fl oz)),174.8,usda
312388,,Energy drink (Monster) (1 can or bottle (16 fl oz)),233.1,usda
312389,,Energy drink (Monster) (1 can (20 fl oz)),291.4,usda
312390,,Energy drink (Monster) (1 can (32 fl oz)),466.2,usda
312392,,Energy drink (Mountain Dew AMP) (1 fl oz),14.3,usda
312393,,Energy drink (Mountain Dew AMP) (1 cup),114.1,usda
312395,,Energy drink (Mountain Dew AMP) (1 can (16 fl oz)),228.2,usda
312396,,Energy drink (Mountain Dew AMP) (1 can (24 fl oz)),342.2,usda
312397,,Energy drink (No Fear) (1 fl oz),19.2,usda
312398,,Energy drink (No Fear) (1 cup),153.8,usda
312399,,Energy drink (No Fear) (1 can (8 fl oz)),153.8,usda
312400,,Energy drink (No Fear) (1 can or bottle (16 fl oz)),307.5,usda
312402,,Energy drink (No Fear Motherload) (1 fl oz),19.2,usda
312403,,Energy drink (No Fear Motherload) (1 cup),153.8,usda
312404,,Energy drink (No Fear Motherload) (1 can (8 fl oz)),153.8,usda
312405,,Energy drink (No Fear Motherload) (1 can or bottle (16 fl oz)),307.5,usda
312407,,Energy drink (NOS) (1 fl oz),13.6,usda
312408,,Energy drink (NOS) (1 cup),109.1,usda
312410,,Energy drink (NOS) (1 can (16 fl oz)),218.2,usda
312411,,Energy drink (NOS) (1 bottle (13.5 fl oz)),184.4,usda
312412,,Energy drink (NOS) (1 bottle (22 fl oz)),300.1,usda
312413,,Energy drink (Red Bull) (1 fl oz),13.3,usda
312414,,Energy drink (Red Bull) (1 cup),106.6,usda
312416,,Energy drink (Red Bull) (1 can (8.4 fl oz)),111.8,usda
312417,,Energy drink (Red Bull) (1 can (12 fl oz)),160.0,usda
312418,,Energy drink (Red Bull) (1 can (16.9 fl oz)),225.3,usda
312419,,Energy drink (Red Bull) (1 can (20 fl oz)),266.6,usda
312420,,Energy drink (Rockstar) (1 fl oz),18.0,usda
312421,,Energy drink (Rockstar) (1 cup),143.8,usda
312422,,Energy drink (Rockstar) (1 can (8 fl oz)),143.8,usda
312423,,Energy drink (Rockstar) (1 can or bottle (16 fl oz)),287.7,usda
312424,,Energy drink (Rockstar) (1 can (24 fl oz)),431.5,usda
312426,,Energy drink (Rockstar) (1 can (32 fl oz)),575.4,usda
312427,,Energy drink (SoBe Energize Energy Juice Drink) (1 fl oz),14.0,usda
312428,,Energy drink (SoBe Energize Energy Juice Drink) (1 cup),111.6,usda
312429,,Energy drink (SoBe Energize Energy Juice Drink) (1 bottle (8 fl oz)),111.6,usda
312430,,Energy drink (SoBe Energize Energy Juice Drink) (1 bottle (20 fl oz)),279.0,usda
312432,,Energy drink (Vault) (1 fl oz),15.2,usda
312433,,Energy drink (Vault) (1 cup),121.5,usda
312434,,Energy drink (Vault) (1 can (12 fl oz)),182.3,usda
312436,,Energy Drink (1 fl oz),13.3,usda
312437,,Energy Drink (1 cup),106.6,usda
312439,,Energy Drink (1 can or bottle (8 fl oz)),106.6,usda
312440,,Energy Drink (1 can or bottle (12 fl oz)),160.0,usda
312441,,Energy Drink (1 can or bottle (16 fl oz)),213.3,usda
312442,,Energy Drink (1 can or bottle (24 fl oz)),319.9,usda
312443,,Energy Drink (1 can or bottle (32 fl oz)),426.6,usda
312444,,"Energy drink, low calorie (Monster) (1 fl oz)",1.5,usda
312445,,"Energy drink, low calorie (Monster) (1 can or bottle (16 fl oz))",24.0,usda
312447,,"Energy drink, sugar free (Monster) (1 fl oz)",1.5,usda
312448,,"Energy drink, sugar free (Monster) (1 can or bottle (16 fl oz))",24.0,usda
312450,,"Energy drink, sugar free (Mountain Dew AMP) (1 fl oz)",0.6,usda
312451,,"Energy drink, sugar free (Mountain Dew AMP) (1 cup)",4.8,usda
312453,,"Energy drink, sugar free (Mountain Dew AMP) (1 can (16 fl oz))",9.6,usda
312454,,"Energy drink, sugar free (Mountain Dew AMP) (1 can (24 fl oz))",14.4,usda
312455,,"Energy drink, sugar free (No Fear) (1 fl oz)",1.2,usda
312456,,"Energy drink, sugar free (No Fear) (1 cup)",9.6,usda
312457,,"Energy drink, sugar free (No Fear) (1 can (8 fl oz))",9.6,usda
312458,,"Energy drink, sugar free (No Fear) (1 can or bottle (16 fl oz))",19.2,usda
312460,,"Energy drink, sugar-free (NOS) (1 fl oz)",1.2,usda
312461,,"Energy drink, sugar-free (NOS) (1 cup)",9.6,usda
312463,,"Energy drink, sugar-free (NOS) (1 can (16 fl oz))",19.2,usda
312464,,Energy drink (Ocean Spray Cran-Energy Juice Drink) (1 fl oz),4.7,usda
312465,,Energy drink (Ocean Spray Cran-Energy Juice Drink) (1 cup),37.2,usda
312467,,"Energy drink, sugar-free (Red Bull) (1 fl oz)",1.5,usda
312468,,"Energy drink, sugar-free (Red Bull) (1 cup)",12.0,usda
312470,,"Energy drink, sugar-free (Red Bull) (1 can (8.4 fl oz))",12.6,usda
312471,,"Energy drink, sugar-free (Red Bull) (1 can (12 fl oz))",18.0,usda
312472,,"Energy drink, sugar-free (Red Bull) (1 can (16.9 fl oz))",25.4,usda
312473,,"Energy drink, sugar-free (Red Bull) (1 can (20 fl oz))",30.0,usda
312474,,"Energy drink, sugar free (Rockstar) (1 fl oz)",1.2,usda
312475,,"Energy drink, sugar free (Rockstar) (1 cup)",9.6,usda
312476,,"Energy drink, sugar free (Rockstar) (1 can (8 fl oz))",9.6,usda
312477,,"Energy drink, sugar free (Rockstar) (1 can or bottle (16 fl oz))",19.2,usda
312478,,"Energy drink, sugar free (Rockstar) (1 can (24 fl oz))",28.8,usda
312480,,"Energy drink, sugar free (Vault) (1 fl oz)",0.3,usda
312481,,"Energy drink, sugar free (Vault) (1 cup)",2.4,usda
312482,,"Energy drink, sugar free (Vault) (1 can (12 fl oz))",3.6,usda
312484,,Energy drink (XS) (1 fl oz),1.6,usda
312485,,Energy drink (XS) (1 cup),12.4,usda
312486,,Energy drink (XS) (1 can),13.0,usda
312488,,Energy drink (XS Gold Plus) (1 fl oz),1.6,usda
312489,,Energy drink (XS Gold Plus) (1 cup),12.4,usda
312490,,Energy drink (XS Gold Plus) (1 can),13.0,usda
312492,,"Energy drink, sugar free (1 fl oz)",1.2,usda
312493,,"Energy drink, sugar free (1 cup)",9.6,usda
312494,,"Energy drink, sugar free (1 can or bottle (8 fl oz))",9.6,usda
312495,,"Energy drink, sugar free (1 can or bottle (12 fl oz))",14.4,usda
312496,,"Energy drink, sugar free (1 can or bottle (16 fl oz))",19.2,usda
312497,,"Energy drink, sugar free (1 can or bottle (24 fl oz))",28.8,usda
312498,,"Energy drink, sugar free (1 can or bottle (32 fl oz))",38.4,usda
312500,,Sports drink (Gatorade G) (1 cup),64.5,usda
312501,,Sports drink (Gatorade G) (1 fl oz),8.1,usda
312502,,Sports drink (Gatorade G) (1 bottle (12 fl oz)),96.7,usda
312503,,Sports drink (Gatorade G) (1 bottle (16.9 fl oz or 500 ml)),136.2,usda
312504,,Sports drink (Gatorade G) (1 bottle (20 fl oz)),161.2,usda
312505,,Sports drink (Gatorade G) (1 bottle (32 fl oz)),257.9,usda
312507,,Sports drink (Powerade) (1 cup),79.4,usda
312508,,Sports drink (Powerade) (1 fl oz),9.9,usda
312509,,Sports drink (Powerade) (1 bottle (12 fl oz)),119.0,usda
312511,,Sports drink (Powerade) (1 bottle (20 fl oz)),198.4,usda
312512,,Sports drink (Powerade) (1 bottle (32 fl oz)),317.4,usda
312513,,Sports drink (1 cup),64.5,usda
312514,,Sports drink (1 fl oz),8.1,usda
312516,,Sports drink (1 bottle (12 fl oz)),96.7,usda
312517,,Sports drink (1 bottle (16.9 fl oz or 500 ml)),136.2,usda
312518,,Sports drink (1 bottle (20 fl oz)),161.2,usda
312519,,Sports drink (1 bottle (32 fl oz)),257.9,usda
312520,,"Sports drink, low calorie (Gatorade G2) (1 cup)",19.2,usda
312521,,"Sports drink, low calorie (Gatorade G2) (1 fl oz)",2.4,usda
312522,,"Sports drink, low calorie (Gatorade G2) (1 bottle (12 fl oz))",28.8,usda
312523,,"Sports drink, low calorie (Gatorade G2) (1 bottle (16.9 fl oz or 500 ml))",40.6,usda
312524,,"Sports drink, low calorie (Gatorade G2) (1 bottle (20 fl oz))",48.0,usda
312525,,"Sports drink, low calorie (Gatorade G2) (1 bottle (32 fl oz))",76.8,usda
312527,,"Sports drink, low calorie (Powerade Zero) (1 cup)",0.0,usda
312528,,"Sports drink, low calorie (Powerade Zero) (1 fl oz)",0.0,usda
312529,,"Sports drink, low calorie (Powerade Zero) (1 bottle (12 fl oz))",0.0,usda
312531,,"Sports drink, low calorie (Powerade Zero) (1 bottle (20 fl oz))",0.0,usda
312532,,"Sports drink, low calorie (Powerade Zero) (1 bottle (32 fl oz))",0.0,usda
312533,,"Sports drink, low calorie (1 cup)",19.2,usda
312534,,"Sports drink, low calorie (1 fl oz)",2.4,usda
312536,,"Sports drink, low calorie (1 bottle (12 fl oz))",28.8,usda
312537,,"Sports drink, low calorie (1 bottle (16.9 fl oz or 500 ml))",40.6,usda
312538,,"Sports drink, low calorie (1 bottle (20 fl oz))",48.0,usda
312539,,"Sports drink, low calorie (1 bottle (32 fl oz))",76.8,usda
312541,,"Fluid replacement, electrolyte solution (1 fl oz (no ice))",3.1,usda
312542,,"Fluid replacement, electrolyte solution (1 fl oz (with ice))",2.3,usda
312543,,"Fluid replacement, electrolyte solution (1 fl oz (NFS))",3.1,usda
312544,,"Fluid replacement, 5% glucose in water (1 cup)",0.0,usda
312545,,"Fluid replacement, 5% glucose in water (1 fl oz)",0.0,usda
312546,,"Fluid replacement, 5% glucose in water (1 bottle (4 oz))",0.0,usda
312549,,"Fruit juice, acai blend (1 fl oz (no ice))",19.2,usda
312550,,"Fruit juice, acai blend (1 fl oz (with ice))",14.3,usda
312551,,"Fruit juice, acai blend (1 fl oz (NFS))",19.2,usda
